City,ContactPerson,CPTelephone,Floor,NumberAEDs,Person,PersonTrained,State,StreetAddress,Telephone,Zip
"New York","Ismael Noriega",212-348-2719,PSAL,1,6,"Emergency Skills",NY,"320 East 96th Street",212-348-1694,10128
"New York","Ismael Noriega",212-348-2719,"Main entrance by school safety",1,6,"Emergency Skills",NY,"320 East 96th Street",212-348-1694,10128
"New York","Ismael Noriega",212-348-2719,"3rd Floor Outside Room 306",1,6,"Emergency Skills",NY,"320 East 96th Street",212-348-1694,10128
"New York","Ismael Noriega",212-348-2719,PSAL,1,6,"Emergency Skills",NY,"320 East 96th Street",212-348-1694,10128
"New York","Ismael Noriega",212-348-2719,"Outside Gym",1,6,"Emergency Skills",NY,"320 East 96th Street",212-348-1694,10128
Flushing,"Carla Nasso",,"PSAL- ",1,56,"Emergency Skills",NY,"35-01 Union Street",718-888-7500,11354
Flushing,"Carla Nasso",,PSAL,1,56,"Emergency Skills",NY,"35-01 Union Street",718-888-7500,11354
Flushing,"Carla Nasso",,"PSAL- ",1,56,"Emergency Skills",NY,"35-01 Union Street",718-888-7500,11354
Flushing,"Carla Nasso",,"MAIN ENT",1,56,"Emergency Skills",NY,"35-01 Union Street",718-888-7500,11354
Flushing,"Carla Nasso",,"PSAL- ",1,56,"Emergency Skills",NY,"35-01 Union Street",718-888-7500,11354
Flushing,"Carla Nasso",,"PSAL- ",1,56,"Emergency Skills",NY,"35-01 Union Street",718-888-7500,11354
Flushing,"Carla Nasso",,"PSAL- ",1,56,"Emergency Skills",NY,"35-01 Union Street",718-888-7500,11354
Flushing,"Carla Nasso",,"PSAL- ",1,56,"Emergency Skills",NY,"35-01 Union Street",718-888-7500,11354
Flushing,"Carla Nasso",,"PSAL- ",1,56,"Emergency Skills",NY,"35-01 Union Street",718-888-7500,11354
Flushing,"Carla Nasso",,"PSAL- ",1,56,"Emergency Skills",NY,"35-01 Union Street",718-888-7500,11354
Flushing,"Carla Nasso",,"PSAL- ",1,56,"Emergency Skills",NY,"35-01 Union Street",718-888-7500,11354
Flushing,"Carla Nasso",,"Room 318",1,56,"Emergency Skills",NY,"35-01 Union Street",718-888-7500,11354
Flushing,"Carla Nasso",,"Room 268 Nurses Office",1,56,"Emergency Skills",NY,"35-01 Union Street",718-888-7500,11354
Flushing,"Carla Nasso",,PSAL,1,56,"Emergency Skills",NY,"35-01 Union Street",718-888-7500,11354
Jamaica,"Hilliary Matthew",718-557-2836,Lobby,1,6,"Emergency Skills",NY,"90-27 SUTPHIN BLVD",718-281-7559,11435
"Staten Island","Maria Gagliardo",718-370-6900,"Main Entrance",1,8,"Emergency Skills",NY,"100 Essex Drive",718-370-6900,10314
"Staten Island","Maria Gagliardo",718-370-6900,Baseball,1,8,"Emergency Skills",NY,"100 Essex Drive",718-370-6900,10314
"Staten Island","Maria Gagliardo",718-370-6900,PSAL,1,8,"Emergency Skills",NY,"100 Essex Drive",718-370-6900,10314
"Staten Island","Maria Gagliardo",718-370-6900,"Expeditionary School Entrance",1,8,"Emergency Skills",NY,"100 Essex Drive",718-370-6900,10314
"Staten Island","Maria Gagliardo",718-370-6900,"1st Floor By Hungerford Entrance",1,8,"Emergency Skills",NY,"100 Essex Drive",718-370-6900,10314
"Staten Island","Maria Gagliardo",718-370-6900,"Outside Gym, 1st Floor",1,8,"Emergency Skills",NY,"100 Essex Drive",718-370-6900,10314
"Staten Island","Maria Gagliardo",718-370-6900,"3rd Floor Outside Room 343",1,8,"Emergency Skills",NY,"100 Essex Drive",718-370-6900,10314
"Staten Island","Maria Gagliardo",718-370-6900,"2nd Fl",1,8,"Emergency Skills",NY,"100 Essex Drive",718-370-6900,10314
Brooklyn,"Stan Kaps","(718) 372-3480","PSAL ",1,21,"Emergency Skills",NY,"2630 Benson Avenue",718-372-3480,11214
Brooklyn,"Stan Kaps","(718) 372-3480","PSAL ",1,21,"Emergency Skills",NY,"2630 Benson Avenue",718-372-3480,11214
Brooklyn,"Stan Kaps","(718) 372-3480","PSAL- ",1,21,"Emergency Skills",NY,"2630 Benson Avenue",718-372-3480,11214
Brooklyn,"Stan Kaps","(718) 372-3480","PSAL ",1,21,"Emergency Skills",NY,"2630 Benson Avenue",718-372-3480,11214
Brooklyn,"Stan Kaps","(718) 372-3480","PSAL-ROOM 421",1,21,"Emergency Skills",NY,"2630 Benson Avenue",718-372-3480,11214
Brooklyn,"Stan Kaps","(718) 372-3480","PSAL - ",1,21,"Emergency Skills",NY,"2630 Benson Avenue",718-372-3480,11214
Brooklyn,"Stan Kaps","(718) 372-3480","PSAL-ROOM 421",1,21,"Emergency Skills",NY,"2630 Benson Avenue",718-372-3480,11214
Brooklyn,"Stan Kaps","(718) 372-3480","PSAL- ",1,21,"Emergency Skills",NY,"2630 Benson Avenue",718-372-3480,11214
Brooklyn,"Stan Kaps","(718) 372-3480","MAIN ENTRANCE OUTSIDE ROOM 143",1,21,"Emergency Skills",NY,"2630 Benson Avenue",718-372-3480,11214
Brooklyn,"Stan Kaps","(718) 372-3480","PSAL- ",1,21,"Emergency Skills",NY,"2630 Benson Avenue",718-372-3480,11214
Brooklyn,"Stan Kaps","(718) 372-3480","PSAL- ",1,21,"Emergency Skills",NY,"2630 Benson Avenue",718-372-3480,11214
Brooklyn,"Stan Kaps","(718) 372-3480","OUTSIDE ROOM 343",1,21,"Emergency Skills",NY,"2630 Benson Avenue",718-372-3480,11214
Brooklyn,"Stan Kaps","(718) 372-3480","PSAL - ",1,21,"Emergency Skills",NY,"2630 Benson Avenue",718-372-3480,11214
Bronx,"L. Morrison",718-584-6004,"Main Entrance",1,14,"Emergency Skills","New York","2100 Walton Ave",718-584-6004,10453
BROOKLYN,"MIKE BELOGENIS",718-837-3785,PSAL,1,54,"Emergency Skills",NY,"1601 80TH ST",718-837-3785,11214
BROOKLYN,"MIKE BELOGENIS",718-837-3785,PSAL-GYM,1,54,"Emergency Skills",NY,"1601 80TH ST",718-837-3785,11214
BROOKLYN,"MIKE BELOGENIS",718-837-3785,PSAL-GYM,1,54,"Emergency Skills",NY,"1601 80TH ST",718-837-3785,11214
BROOKLYN,"MIKE BELOGENIS",718-837-3785,PSAL,1,54,"Emergency Skills",NY,"1601 80TH ST",718-837-3785,11214
BROOKLYN,"MIKE BELOGENIS",718-837-3785,PSAL,1,54,"Emergency Skills",NY,"1601 80TH ST",718-837-3785,11214
BROOKLYN,"MIKE BELOGENIS",718-837-3785,PSAL-GYM,1,54,"Emergency Skills",NY,"1601 80TH ST",718-837-3785,11214
BROOKLYN,"MIKE BELOGENIS",718-837-3785,PSAL-GYM,1,54,"Emergency Skills",NY,"1601 80TH ST",718-837-3785,11214
BROOKLYN,"MIKE BELOGENIS",718-837-3785,PSAL-GYM,1,54,"Emergency Skills",NY,"1601 80TH ST",718-837-3785,11214
BROOKLYN,"MIKE BELOGENIS",718-837-3785,PSAL-GYM,1,54,"Emergency Skills",NY,"1601 80TH ST",718-837-3785,11214
BROOKLYN,"MIKE BELOGENIS",718-837-3785,PSAL-GYM,1,54,"Emergency Skills",NY,"1601 80TH ST",718-837-3785,11214
BROOKLYN,"MIKE BELOGENIS",718-837-3785,PSAL-GYM,1,54,"Emergency Skills",NY,"1601 80TH ST",718-837-3785,11214
BROOKLYN,"MIKE BELOGENIS",718-837-3785,"PSAL ",1,54,"Emergency Skills",NY,"1601 80TH ST",718-837-3785,11214
BROOKLYN,"MIKE BELOGENIS",718-837-3785,"GYM PSAL",1,54,"Emergency Skills",NY,"1601 80TH ST",718-837-3785,11214
BROOKLYN,"MIKE BELOGENIS",718-837-3785,"5th Floor",1,54,"Emergency Skills",NY,"1601 80TH ST",718-837-3785,11214
BROOKLYN,"MIKE BELOGENIS",718-837-3785,"1ST FLOOR ACROSS FROM NURSES OFFICE",1,54,"Emergency Skills",NY,"1601 80TH ST",718-837-3785,11214
BROOKLYN,"MIKE BELOGENIS",718-837-3785,"Main Entrance",1,54,"Emergency Skills",NY,"1601 80TH ST",718-837-3785,11214
BROOKLYN,"MIKE BELOGENIS",718-837-3785,"3rd Floor",1,54,"Emergency Skills",NY,"1601 80TH ST",718-837-3785,11214
BROOKLYN,"MIKE BELOGENIS",718-837-3785,,1,54,"Emergency Skills",NY,"1601 80TH ST",718-837-3785,11214
"Staten Island"," MR. MARIENello",718-698-4200,PSAL,1,70,"Emergency Skills",NY,"1200 Manor Road",718-698-4200,10314
"Staten Island"," MR. MARIENello",718-698-4200,PSAL,1,70,"Emergency Skills",NY,"1200 Manor Road",718-698-4200,10314
"Staten Island"," MR. MARIENello",718-698-4200,PSAL,1,70,"Emergency Skills",NY,"1200 Manor Road",718-698-4200,10314
"Staten Island"," MR. MARIENello",718-698-4200,"PSAL- ",1,70,"Emergency Skills",NY,"1200 Manor Road",718-698-4200,10314
"Staten Island"," MR. MARIENello",718-698-4200,PSAL,1,70,"Emergency Skills",NY,"1200 Manor Road",718-698-4200,10314
"Staten Island"," MR. MARIENello",718-698-4200,PSAL,1,70,"Emergency Skills",NY,"1200 Manor Road",718-698-4200,10314
"Staten Island"," MR. MARIENello",718-698-4200,PSAL,1,70,"Emergency Skills",NY,"1200 Manor Road",718-698-4200,10314
"Staten Island"," MR. MARIENello",718-698-4200,PSAL,1,70,"Emergency Skills",NY,"1200 Manor Road",718-698-4200,10314
"Staten Island"," MR. MARIENello",718-698-4200,PSAL,1,70,"Emergency Skills",NY,"1200 Manor Road",718-698-4200,10314
"Staten Island"," MR. MARIENello",718-698-4200,PSAL,1,70,"Emergency Skills",NY,"1200 Manor Road",718-698-4200,10314
"Staten Island"," MR. MARIENello",718-698-4200,"MAIN ENTRANCE",1,70,"Emergency Skills",NY,"1200 Manor Road",718-698-4200,10314
"Staten Island"," MR. MARIENello",718-698-4200,"PSAL- ",1,70,"Emergency Skills",NY,"1200 Manor Road",718-698-4200,10314
"Staten Island"," MR. MARIENello",718-698-4200,"PSAL- ",1,70,"Emergency Skills",NY,"1200 Manor Road",718-698-4200,10314
"Staten Island"," MR. MARIENello",718-698-4200,"PSAL ",1,70,"Emergency Skills",NY,"1200 Manor Road",718-698-4200,10314
"Staten Island"," MR. MARIENello",718-698-4200,"PSAL ",1,70,"Emergency Skills",NY,"1200 Manor Road",718-698-4200,10314
"Staten Island"," MR. MARIENello",718-698-4200,"Moved to outside room A173",1,70,"Emergency Skills",NY,"1200 Manor Road",718-698-4200,10314
"Staten Island"," MR. MARIENello",718-698-4200,"2nd floor staircase D",1,70,"Emergency Skills",NY,"1200 Manor Road",718-698-4200,10314
"Staten Island"," MR. MARIENello",718-698-4200,"4th floor by staircase D",1,70,"Emergency Skills",NY,"1200 Manor Road",718-698-4200,10314
"Staten Island"," MR. MARIENello",718-698-4200,"PSAL- ",1,70,"Emergency Skills",NY,"1200 Manor Road",718-698-4200,10314
"Staten Island"," MR. MARIENello",718-698-4200,PSAL,1,70,"Emergency Skills",NY,"1200 Manor Road",718-698-4200,10314
"Staten Island"," MR. MARIENello",718-698-4200,PSAL,1,70,"Emergency Skills",NY,"1200 Manor Road",718-698-4200,10314
Flushing,"Wanda Nix",718-575-5580,"5TH FLOOR RM 503",1,45,"Emergency Skills",NY,"149-11 Melbourne Avenue",718-575-5580,11367
Flushing,"Wanda Nix",718-575-5580,"PSAL ",1,45,"Emergency Skills",NY,"149-11 Melbourne Avenue",718-575-5580,11367
Flushing,"Wanda Nix",718-575-5580,"PSAL- ",1,45,"Emergency Skills",NY,"149-11 Melbourne Avenue",718-575-5580,11367
Flushing,"Wanda Nix",718-575-5580,"1ST FLOOR BY ELEVATOR",1,45,"Emergency Skills",NY,"149-11 Melbourne Avenue",718-575-5580,11367
Flushing,"Wanda Nix",718-575-5580,"PSAL ",1,45,"Emergency Skills",NY,"149-11 Melbourne Avenue",718-575-5580,11367
Flushing,"Wanda Nix",718-575-5580,"PSAL- ",1,45,"Emergency Skills",NY,"149-11 Melbourne Avenue",718-575-5580,11367
Flushing,"Wanda Nix",718-575-5580,"PSAL ",1,45,"Emergency Skills",NY,"149-11 Melbourne Avenue",718-575-5580,11367
Flushing,"Wanda Nix",718-575-5580,"MAIN ENTRANCE BY SCHOOL SAFETY",1,45,"Emergency Skills",NY,"149-11 Melbourne Avenue",718-575-5580,11367
Flushing,"Wanda Nix",718-575-5580,"PSAL - Also carried to Queens Coll.",1,45,"Emergency Skills",NY,"149-11 Melbourne Avenue",718-575-5580,11367
Flushing,"Wanda Nix",718-575-5580,"PSAL- ",1,45,"Emergency Skills",NY,"149-11 Melbourne Avenue",718-575-5580,11367
Flushing,"Wanda Nix",718-575-5580,"4TH FLOOR  RM 437",1,45,"Emergency Skills",NY,"149-11 Melbourne Avenue",718-575-5580,11367
Flushing,"Wanda Nix",718-575-5580,"6TH FLOOR RM 639",1,45,"Emergency Skills",NY,"149-11 Melbourne Avenue",718-575-5580,11367
Flushing,"Wanda Nix",718-575-5580,PSAL,1,45,"Emergency Skills",NY,"149-11 Melbourne Avenue",718-575-5580,11367
Flushing,"Wanda Nix",718-575-5580,PSAL,1,45,"Emergency Skills",NY,"149-11 Melbourne Avenue",718-575-5580,11367
Flushing,"Wanda Nix",718-575-5580,PSAL,1,45,"Emergency Skills",NY,"149-11 Melbourne Avenue",718-575-5580,11367
Flushing,"Wanda Nix",718-575-5580,PSAL-,1,45,"Emergency Skills",NY,"149-11 Melbourne Avenue",718-575-5580,11367
Flushing,"Wanda Nix",718-575-5580,PSAL-,1,45,"Emergency Skills",NY,"149-11 Melbourne Avenue",718-575-5580,11367
Flushing,"Wanda Nix",718-575-5580,PSAL-,1,45,"Emergency Skills",NY,"149-11 Melbourne Avenue",718-575-5580,11367
Flushing,"Wanda Nix",718-575-5580,"PSAL ",1,45,"Emergency Skills",NY,"149-11 Melbourne Avenue",718-575-5580,11367
Flushing,"Wanda Nix",718-575-5580,"PSAL ",1,45,"Emergency Skills",NY,"149-11 Melbourne Avenue",718-575-5580,11367
"NEW YORK","MARTHA SINGER","212 312 4800","2nd Floor Near Security Desk",1,72,"Emergency Skills",NY,"345 Chambers Street",212-312-4800,10282
"NEW YORK","MARTHA SINGER","212 312 4800",PSAL,1,72,"Emergency Skills",NY,"345 Chambers Street",212-312-4800,10282
"NEW YORK","MARTHA SINGER","212 312 4800","PSAL ",1,72,"Emergency Skills",NY,"345 Chambers Street",212-312-4800,10282
"NEW YORK","MARTHA SINGER","212 312 4800","7TH FLOOR ELEVATOR BANK",1,72,"Emergency Skills",NY,"345 Chambers Street",212-312-4800,10282
"NEW YORK","MARTHA SINGER","212 312 4800","9TH FLOOR ELEVATOR BANK",1,72,"Emergency Skills",NY,"345 Chambers Street",212-312-4800,10282
"NEW YORK","MARTHA SINGER","212 312 4800","3RD FLOOR ELEVATOR BANK",1,72,"Emergency Skills",NY,"345 Chambers Street",212-312-4800,10282
"NEW YORK","MARTHA SINGER","212 312 4800","Lobby - First Floor Main Entr.",1,72,"Emergency Skills",NY,"345 Chambers Street",212-312-4800,10282
"NEW YORK","MARTHA SINGER","212 312 4800",PSAL,1,72,"Emergency Skills",NY,"345 Chambers Street",212-312-4800,10282
"NEW YORK","MARTHA SINGER","212 312 4800",PSAL,1,72,"Emergency Skills",NY,"345 Chambers Street",212-312-4800,10282
"NEW YORK","MARTHA SINGER","212 312 4800",PSAL,1,72,"Emergency Skills",NY,"345 Chambers Street",212-312-4800,10282
"NEW YORK","MARTHA SINGER","212 312 4800",PSAL,1,72,"Emergency Skills",NY,"345 Chambers Street",212-312-4800,10282
"NEW YORK","MARTHA SINGER","212 312 4800",PSAL,1,72,"Emergency Skills",NY,"345 Chambers Street",212-312-4800,10282
"NEW YORK","MARTHA SINGER","212 312 4800",PSAL,1,72,"Emergency Skills",NY,"345 Chambers Street",212-312-4800,10282
"NEW YORK","MARTHA SINGER","212 312 4800",PSAL,1,72,"Emergency Skills",NY,"345 Chambers Street",212-312-4800,10282
"NEW YORK","MARTHA SINGER","212 312 4800",PSAL,1,72,"Emergency Skills",NY,"345 Chambers Street",212-312-4800,10282
"NEW YORK","MARTHA SINGER","212 312 4800","5TH FLOOT NEAR ELEVATOR",1,72,"Emergency Skills",NY,"345 Chambers Street",212-312-4800,10282
"NEW YORK","MARTHA SINGER","212 312 4800",PSAL,1,72,"Emergency Skills",NY,"345 Chambers Street",212-312-4800,10282
"NEW YORK","MARTHA SINGER","212 312 4800","PSAL ",1,72,"Emergency Skills",NY,"345 Chambers Street",212-312-4800,10282
"NEW YORK","MARTHA SINGER","212 312 4800",PSAL,1,72,"Emergency Skills",NY,"345 Chambers Street",212-312-4800,10282
"NEW YORK","MARTHA SINGER","212 312 4800","PSAL- ",1,72,"Emergency Skills",NY,"345 Chambers Street",212-312-4800,10282
"NEW YORK","MARTHA SINGER","212 312 4800",PSAL,1,72,"Emergency Skills",NY,"345 Chambers Street",212-312-4800,10282
"NEW YORK","MARTHA SINGER","212 312 4800","PSAL ",1,72,"Emergency Skills",NY,"345 Chambers Street",212-312-4800,10282
"NEW YORK","MARTHA SINGER","212 312 4800","5th FLOOR ELEVATOR BANK",1,72,"Emergency Skills",NY,"345 Chambers Street",212-312-4800,10282
"NEW YORK","MARTHA SINGER","212 312 4800",PSAL,1,72,"Emergency Skills",NY,"345 Chambers Street",212-312-4800,10282
"NEW YORK","MARTHA SINGER","212 312 4800",PSAL,1,72,"Emergency Skills",NY,"345 Chambers Street",212-312-4800,10282
"NEW YORK","MARTHA SINGER","212 312 4800",PSAL,1,72,"Emergency Skills",NY,"345 Chambers Street",212-312-4800,10282
"NEW YORK","Sami Abbassi",917-441-5601,"PSAL- ",1,36,"Emergency Skills",NY,"145 West 84 Street",917-441-5600,10024
"NEW YORK","Sami Abbassi",917-441-5601,PSAL,1,36,"Emergency Skills",NY,"145 West 84 Street",917-441-5600,10024
"NEW YORK","Sami Abbassi",917-441-5601,PSAL,1,36,"Emergency Skills",NY,"145 West 84 Street",917-441-5600,10024
"NEW YORK","Sami Abbassi",917-441-5601,PSAL,1,36,"Emergency Skills",NY,"145 West 84 Street",917-441-5600,10024
"NEW YORK","Sami Abbassi",917-441-5601,PSAL,1,36,"Emergency Skills",NY,"145 West 84 Street",917-441-5600,10024
"NEW YORK","Sami Abbassi",917-441-5601,"PSAL ",1,36,"Emergency Skills",NY,"145 West 84 Street",917-441-5600,10024
"NEW YORK","Sami Abbassi",917-441-5601,"PSAL- ",1,36,"Emergency Skills",NY,"145 West 84 Street",917-441-5600,10024
"NEW YORK","Sami Abbassi",917-441-5601,"PSAL- ",1,36,"Emergency Skills",NY,"145 West 84 Street",917-441-5600,10024
"NEW YORK","Sami Abbassi",917-441-5601,"PSAL- ",1,36,"Emergency Skills",NY,"145 West 84 Street",917-441-5600,10024
"NEW YORK","Sami Abbassi",917-441-5601,"MAIN ENTRANCE - 1st Floor",1,36,"Emergency Skills",NY,"145 West 84 Street",917-441-5600,10024
"NEW YORK","Sami Abbassi",917-441-5601,"3rd Floor, Rm 321T",1,36,"Emergency Skills",NY,"145 West 84 Street",917-441-5600,10024
"NEW YORK","Sami Abbassi",917-441-5601,"PSAL- ",1,36,"Emergency Skills",NY,"145 West 84 Street",917-441-5600,10024
"NEW YORK","Sami Abbassi",917-441-5601,"PSAL- ",1,36,"Emergency Skills",NY,"145 West 84 Street",917-441-5600,10024
Brooklyn,"Barbara Vellucci","(718) 748-1537","PSAL- ",1,72,"Emergency Skills",NY,"8301 Shore Road",718-748-1537,11209
Brooklyn,"Barbara Vellucci","(718) 748-1537","PSAL- ",1,72,"Emergency Skills",NY,"8301 Shore Road",718-748-1537,11209
Brooklyn,"Barbara Vellucci","(718) 748-1537",PSAL-,1,72,"Emergency Skills",NY,"8301 Shore Road",718-748-1537,11209
Brooklyn,"Barbara Vellucci","(718) 748-1537","OUTSIDE 836",1,72,"Emergency Skills",NY,"8301 Shore Road",718-748-1537,11209
Brooklyn,"Barbara Vellucci","(718) 748-1537","K-490 85 St. Rm 858 *By Water Fountain",1,72,"Emergency Skills",NY,"8301 Shore Road",718-748-1537,11209
Brooklyn,"Barbara Vellucci","(718) 748-1537","PSAL- ",1,72,"Emergency Skills",NY,"8301 Shore Road",718-748-1537,11209
Brooklyn,"Barbara Vellucci","(718) 748-1537","PSAL- ",1,72,"Emergency Skills",NY,"8301 Shore Road",718-748-1537,11209
Brooklyn,"Barbara Vellucci","(718) 748-1537",Cafeteria,1,72,"Emergency Skills",NY,"8301 Shore Road",718-748-1537,11209
Brooklyn,"Barbara Vellucci","(718) 748-1537","Room 239",1,72,"Emergency Skills",NY,"8301 Shore Road",718-748-1537,11209
Brooklyn,"Barbara Vellucci","(718) 748-1537","PSAL- ",1,72,"Emergency Skills",NY,"8301 Shore Road",718-748-1537,11209
Brooklyn,"Barbara Vellucci","(718) 748-1537","PSAL- ",1,72,"Emergency Skills",NY,"8301 Shore Road",718-748-1537,11209
Brooklyn,"Barbara Vellucci","(718) 748-1537","PSAL- ",1,72,"Emergency Skills",NY,"8301 Shore Road",718-748-1537,11209
Brooklyn,"Barbara Vellucci","(718) 748-1537","PSAL- ",1,72,"Emergency Skills",NY,"8301 Shore Road",718-748-1537,11209
Brooklyn,"Barbara Vellucci","(718) 748-1537","PSAL- ",1,72,"Emergency Skills",NY,"8301 Shore Road",718-748-1537,11209
Brooklyn,"Barbara Vellucci","(718) 748-1537","PSAL ",1,72,"Emergency Skills",NY,"8301 Shore Road",718-748-1537,11209
Brooklyn,"Barbara Vellucci","(718) 748-1537","PSAL ",1,72,"Emergency Skills",NY,"8301 Shore Road",718-748-1537,11209
Brooklyn,"Barbara Vellucci","(718) 748-1537","Outside Room 838",1,72,"Emergency Skills",NY,"8301 Shore Road",718-748-1537,11209
Brooklyn,"Barbara Vellucci","(718) 748-1537","Rm 319",1,72,"Emergency Skills",NY,"8301 Shore Road",718-748-1537,11209
Brooklyn,"Barbara Vellucci","(718) 748-1537",PSAL,1,72,"Emergency Skills",NY,"8301 Shore Road",718-748-1537,11209
Brooklyn,"Barbara Vellucci","(718) 748-1537","Main Lobby",1,72,"Emergency Skills",NY,"8301 Shore Road",718-748-1537,11209
Brooklyn,"Neil Griffenberg",718-332-2003,"OUTSIDE ROOM 217",1,62,"Emergency Skills",NY,"3000 Avenue X",718-332-2003,11235
Brooklyn,"Neil Griffenberg",718-332-2003,"MAIN ENTRANCE",1,62,"Emergency Skills",NY,"3000 Avenue X",718-332-2003,11235
Brooklyn,"Neil Griffenberg",718-332-2003,"Room 317",1,62,"Emergency Skills",NY,"3000 Avenue X",718-332-2003,11235
Brooklyn,"Neil Griffenberg",718-332-2003,PSAL,1,62,"Emergency Skills",NY,"3000 Avenue X",718-332-2003,11235
Brooklyn,"Neil Griffenberg",718-332-2003,Hallway,1,62,"Emergency Skills",NY,"3000 Avenue X",718-332-2003,11235
Brooklyn,"Neil Griffenberg",718-332-2003,PSAL,1,62,"Emergency Skills",NY,"3000 Avenue X",718-332-2003,11235
Brooklyn,"Neil Griffenberg",718-332-2003,PSAL,1,62,"Emergency Skills",NY,"3000 Avenue X",718-332-2003,11235
Brooklyn,"Neil Griffenberg",718-332-2003,PSAL,1,62,"Emergency Skills",NY,"3000 Avenue X",718-332-2003,11235
Brooklyn,"Neil Griffenberg",718-332-2003,PSAL,1,62,"Emergency Skills",NY,"3000 Avenue X",718-332-2003,11235
Brooklyn,"Neil Griffenberg",718-332-2003,"PSAL ",1,62,"Emergency Skills",NY,"3000 Avenue X",718-332-2003,11235
Brooklyn,"Neil Griffenberg",718-332-2003,"PSAL ",1,62,"Emergency Skills",NY,"3000 Avenue X",718-332-2003,11235
Brooklyn,"Neil Griffenberg",718-332-2003,"PSAL ",1,62,"Emergency Skills",NY,"3000 Avenue X",718-332-2003,11235
Brooklyn,"Neil Griffenberg",718-332-2003,"PSAL- ",1,62,"Emergency Skills",NY,"3000 Avenue X",718-332-2003,11235
Brooklyn,"Neil Griffenberg",718-332-2003,"PSAL ",1,62,"Emergency Skills",NY,"3000 Avenue X",718-332-2003,11235
Brooklyn,"Neil Griffenberg",718-332-2003,"PSAL- ",1,62,"Emergency Skills",NY,"3000 Avenue X",718-332-2003,11235
Brooklyn,"Neil Griffenberg",718-332-2003,"PSAL ",1,62,"Emergency Skills",NY,"3000 Avenue X",718-332-2003,11235
Brooklyn,"Neil Griffenberg",718-332-2003,"PSAL ",1,62,"Emergency Skills",NY,"3000 Avenue X",718-332-2003,11235
Brooklyn,"Neil Griffenberg",718-332-2003,,1,62,"Emergency Skills",NY,"3000 Avenue X",718-332-2003,11235
"New York","David Aronson",212-262-8113,"3rd Floor Near Elevator",1,38,"Emergency Skills","New York","444 W. 56th Street",212-262-8113,10019
"New York","David Aronson",212-262-8113,"5th Floor Near Elevator",1,38,"Emergency Skills","New York","444 W. 56th Street",212-262-8113,10019
"New York","David Aronson",212-262-8113,"4th Floor Near Elevator",1,38,"Emergency Skills","New York","444 W. 56th Street",212-262-8113,10019
"New York","David Aronson",212-262-8113,PSAL,1,38,"Emergency Skills","New York","444 W. 56th Street",212-262-8113,10019
"New York","David Aronson",212-262-8113,"PSAL  COACH",1,38,"Emergency Skills","New York","444 W. 56th Street",212-262-8113,10019
"New York","David Aronson",212-262-8113,PSAL,1,38,"Emergency Skills","New York","444 W. 56th Street",212-262-8113,10019
"New York","David Aronson",212-262-8113,"Nurses Office/PSAL",1,38,"Emergency Skills","New York","444 W. 56th Street",212-262-8113,10019
"New York","David Aronson",212-262-8113,"Main Desk - 2nd Floor",1,38,"Emergency Skills","New York","444 W. 56th Street",212-262-8113,10019
"New York","David Aronson",212-262-8113,PSAL,1,38,"Emergency Skills","New York","444 W. 56th Street",212-262-8113,10019
"New York","David Aronson",212-262-8113,"PSAL ",1,38,"Emergency Skills","New York","444 W. 56th Street",212-262-8113,10019
"New York","David Aronson",212-262-8113,PSAL,1,38,"Emergency Skills","New York","444 W. 56th Street",212-262-8113,10019
"New York","David Aronson",212-262-8113,PSAL,1,38,"Emergency Skills","New York","444 W. 56th Street",212-262-8113,10019
"New York","David Aronson",212-262-8113,PSAL,1,38,"Emergency Skills","New York","444 W. 56th Street",212-262-8113,10019
Bayside," Joe Capuana","718 229 7600   1501",PSAL,1,41,"Emergency Skills",NY,"32-24 CORPORAL KENNEDY STREET",718-229-7600,11361
Bayside," Joe Capuana","718 229 7600   1501",PSAL,1,41,"Emergency Skills",NY,"32-24 CORPORAL KENNEDY STREET",718-229-7600,11361
Bayside," Joe Capuana","718 229 7600   1501",PSAL,1,41,"Emergency Skills",NY,"32-24 CORPORAL KENNEDY STREET",718-229-7600,11361
Bayside," Joe Capuana","718 229 7600   1501","PSAL ",1,41,"Emergency Skills",NY,"32-24 CORPORAL KENNEDY STREET",718-229-7600,11361
Bayside," Joe Capuana","718 229 7600   1501","PSAL ",1,41,"Emergency Skills",NY,"32-24 CORPORAL KENNEDY STREET",718-229-7600,11361
Bayside," Joe Capuana","718 229 7600   1501","PSAL ",1,41,"Emergency Skills",NY,"32-24 CORPORAL KENNEDY STREET",718-229-7600,11361
Bayside," Joe Capuana","718 229 7600   1501","PSAL ",1,41,"Emergency Skills",NY,"32-24 CORPORAL KENNEDY STREET",718-229-7600,11361
Bayside," Joe Capuana","718 229 7600   1501","PSAL ",1,41,"Emergency Skills",NY,"32-24 CORPORAL KENNEDY STREET",718-229-7600,11361
Bayside," Joe Capuana","718 229 7600   1501","PSAL ",1,41,"Emergency Skills",NY,"32-24 CORPORAL KENNEDY STREET",718-229-7600,11361
Bayside," Joe Capuana","718 229 7600   1501","PSAL ",1,41,"Emergency Skills",NY,"32-24 CORPORAL KENNEDY STREET",718-229-7600,11361
Bayside," Joe Capuana","718 229 7600   1501","PSAL ",1,41,"Emergency Skills",NY,"32-24 CORPORAL KENNEDY STREET",718-229-7600,11361
Bayside," Joe Capuana","718 229 7600   1501"," ",1,41,"Emergency Skills",NY,"32-24 CORPORAL KENNEDY STREET",718-229-7600,11361
Bayside," Joe Capuana","718 229 7600   1501",PSAL,1,41,"Emergency Skills",NY,"32-24 CORPORAL KENNEDY STREET",718-229-7600,11361
Bayside," Joe Capuana","718 229 7600   1501","PSAL ",1,41,"Emergency Skills",NY,"32-24 CORPORAL KENNEDY STREET",718-229-7600,11361
Bayside," Joe Capuana","718 229 7600   1501","Main Lobby",1,41,"Emergency Skills",NY,"32-24 CORPORAL KENNEDY STREET",718-229-7600,11361
Bayside," Joe Capuana","718 229 7600   1501",PSAL,1,41,"Emergency Skills",NY,"32-24 CORPORAL KENNEDY STREET",718-229-7600,11361
Bayside," Joe Capuana","718 229 7600   1501",PSAL,1,41,"Emergency Skills",NY,"32-24 CORPORAL KENNEDY STREET",718-229-7600,11361
Bayside," Joe Capuana","718 229 7600   1501",PSAL,1,41,"Emergency Skills",NY,"32-24 CORPORAL KENNEDY STREET",718-229-7600,11361
Bayside," Joe Capuana","718 229 7600   1501",,1,41,"Emergency Skills",NY,"32-24 CORPORAL KENNEDY STREET",718-229-7600,11361
Bayside," Joe Capuana","718 229 7600   1501",,1,41,"Emergency Skills",NY,"32-24 CORPORAL KENNEDY STREET",718-229-7600,11361
Bayside," Joe Capuana","718 229 7600   1501",,1,41,"Emergency Skills",NY,"32-24 CORPORAL KENNEDY STREET",718-229-7600,11361
Bronx,"Marion Dietrich ","718 817 7700",PSAL,1,48,"Emergency Skills",NY,"75 West 205 Street",718-817-7700,10468
Bronx,"Marion Dietrich ","718 817 7700","3RD FLOOR",1,48,"Emergency Skills",NY,"75 West 205 Street",718-817-7700,10468
Bronx,"Marion Dietrich ","718 817 7700",PSAL,1,48,"Emergency Skills",NY,"75 West 205 Street",718-817-7700,10468
Bronx,"Marion Dietrich ","718 817 7700",PSAL,1,48,"Emergency Skills",NY,"75 West 205 Street",718-817-7700,10468
Bronx,"Marion Dietrich ","718 817 7700",PSAL,1,48,"Emergency Skills",NY,"75 West 205 Street",718-817-7700,10468
Bronx,"Marion Dietrich ","718 817 7700",PSAL,1,48,"Emergency Skills",NY,"75 West 205 Street",718-817-7700,10468
Bronx,"Marion Dietrich ","718 817 7700",PSAL,1,48,"Emergency Skills",NY,"75 West 205 Street",718-817-7700,10468
Bronx,"Marion Dietrich ","718 817 7700","MAIN ENTRANCE",1,48,"Emergency Skills",NY,"75 West 205 Street",718-817-7700,10468
Bronx,"Marion Dietrich ","718 817 7700",PSAL,1,48,"Emergency Skills",NY,"75 West 205 Street",718-817-7700,10468
Bronx,"Marion Dietrich ","718 817 7700",PSAL,1,48,"Emergency Skills",NY,"75 West 205 Street",718-817-7700,10468
Bronx,"Marion Dietrich ","718 817 7700",PSAL,1,48,"Emergency Skills",NY,"75 West 205 Street",718-817-7700,10468
Bronx,"Marion Dietrich ","718 817 7700",PSAL,1,48,"Emergency Skills",NY,"75 West 205 Street",718-817-7700,10468
Bronx,"Marion Dietrich ","718 817 7700",PSAL,1,48,"Emergency Skills",NY,"75 West 205 Street",718-817-7700,10468
Bronx,"Marion Dietrich ","718 817 7700",PSAL,1,48,"Emergency Skills",NY,"75 West 205 Street",718-817-7700,10468
Bronx,"Marion Dietrich ","718 817 7700",PSAL,1,48,"Emergency Skills",NY,"75 West 205 Street",718-817-7700,10468
Bronx,"Marion Dietrich ","718 817 7700","Main Entrance",1,48,"Emergency Skills",NY,"75 West 205 Street",718-817-7700,10468
Bronx,"Marion Dietrich ","718 817 7700",PSAL,1,48,"Emergency Skills",NY,"75 West 205 Street",718-817-7700,10468
Bronx,"Marion Dietrich ","718 817 7700",PSAL,1,48,"Emergency Skills",NY,"75 West 205 Street",718-817-7700,10468
Bronx,"Marion Dietrich ","718 817 7700",,1,48,"Emergency Skills",NY,"75 West 205 Street",718-817-7700,10468
BROOKLYN,"RENAN EBEID/BILL REYNOLDS",718-333-7400,"3rd. flr.  RM 351",1,50,"Emergency Skills",NY,"2800 OCEAN PARKWAY",718-372-2245,11235
BROOKLYN,"RENAN EBEID/BILL REYNOLDS",718-333-7400,PSAL,1,50,"Emergency Skills",NY,"2800 OCEAN PARKWAY",718-372-2245,11235
BROOKLYN,"RENAN EBEID/BILL REYNOLDS",718-333-7400,PSAL,1,50,"Emergency Skills",NY,"2800 OCEAN PARKWAY",718-372-2245,11235
BROOKLYN,"RENAN EBEID/BILL REYNOLDS",718-333-7400,PSAL,1,50,"Emergency Skills",NY,"2800 OCEAN PARKWAY",718-372-2245,11235
BROOKLYN,"RENAN EBEID/BILL REYNOLDS",718-333-7400,PSAL,1,50,"Emergency Skills",NY,"2800 OCEAN PARKWAY",718-372-2245,11235
BROOKLYN,"RENAN EBEID/BILL REYNOLDS",718-333-7400,"MAIN ENTRANCE",1,50,"Emergency Skills",NY,"2800 OCEAN PARKWAY",718-372-2245,11235
BROOKLYN,"RENAN EBEID/BILL REYNOLDS",718-333-7400,PSAL,1,50,"Emergency Skills",NY,"2800 OCEAN PARKWAY",718-372-2245,11235
BROOKLYN,"RENAN EBEID/BILL REYNOLDS",718-333-7400,PSAL,1,50,"Emergency Skills",NY,"2800 OCEAN PARKWAY",718-372-2245,11235
BROOKLYN,"RENAN EBEID/BILL REYNOLDS",718-333-7400,PSAL,1,50,"Emergency Skills",NY,"2800 OCEAN PARKWAY",718-372-2245,11235
BROOKLYN,"RENAN EBEID/BILL REYNOLDS",718-333-7400,PSAL,1,50,"Emergency Skills",NY,"2800 OCEAN PARKWAY",718-372-2245,11235
BROOKLYN,"RENAN EBEID/BILL REYNOLDS",718-333-7400,PSAL,1,50,"Emergency Skills",NY,"2800 OCEAN PARKWAY",718-372-2245,11235
BROOKLYN,"RENAN EBEID/BILL REYNOLDS",718-333-7400,"PSAL- ",1,50,"Emergency Skills",NY,"2800 OCEAN PARKWAY",718-372-2245,11235
BROOKLYN,"RENAN EBEID/BILL REYNOLDS",718-333-7400,"PSAL- ",1,50,"Emergency Skills",NY,"2800 OCEAN PARKWAY",718-372-2245,11235
BROOKLYN,"RENAN EBEID/BILL REYNOLDS",718-333-7400,"PSAL ",1,50,"Emergency Skills",NY,"2800 OCEAN PARKWAY",718-372-2245,11235
BROOKLYN,"RENAN EBEID/BILL REYNOLDS",718-333-7400,"PSAL- ",1,50,"Emergency Skills",NY,"2800 OCEAN PARKWAY",718-372-2245,11235
BROOKLYN,"RENAN EBEID/BILL REYNOLDS",718-333-7400,,1,50,"Emergency Skills",NY,"2800 OCEAN PARKWAY",718-372-2245,11235
Ridgewood,"Jack Ciano",718-381-9600,PSAL,1,41,"Emergency Skills",NY,"2127 Himrod St",718-381-9600,11385
Ridgewood,"Jack Ciano",718-381-9600,PSAL,1,41,"Emergency Skills",NY,"2127 Himrod St",718-381-9600,11385
Ridgewood,"Jack Ciano",718-381-9600,"PSAL ",1,41,"Emergency Skills",NY,"2127 Himrod St",718-381-9600,11385
Ridgewood,"Jack Ciano",718-381-9600,"PSAL ",1,41,"Emergency Skills",NY,"2127 Himrod St",718-381-9600,11385
Ridgewood,"Jack Ciano",718-381-9600,"PSAL ",1,41,"Emergency Skills",NY,"2127 Himrod St",718-381-9600,11385
Ridgewood,"Jack Ciano",718-381-9600,"MAIN ENTRANCE",1,41,"Emergency Skills",NY,"2127 Himrod St",718-381-9600,11385
Ridgewood,"Jack Ciano",718-381-9600,"PSAL ",1,41,"Emergency Skills",NY,"2127 Himrod St",718-381-9600,11385
Ridgewood,"Jack Ciano",718-381-9600,"PSAL- ",1,41,"Emergency Skills",NY,"2127 Himrod St",718-381-9600,11385
Ridgewood,"Jack Ciano",718-381-9600,"PSAL ",1,41,"Emergency Skills",NY,"2127 Himrod St",718-381-9600,11385
Ridgewood,"Jack Ciano",718-381-9600,"PSAL ",1,41,"Emergency Skills",NY,"2127 Himrod St",718-381-9600,11385
Ridgewood,"Jack Ciano",718-381-9600,"PSAL ",1,41,"Emergency Skills",NY,"2127 Himrod St",718-381-9600,11385
QUEENS,,,PSAL,1,40,"Emergency Skills",NY,"160-05 Highland Avenue","718-658-5407 -201",11432
QUEENS,,,"MAIN LOBBY",1,40,"Emergency Skills",NY,"160-05 Highland Avenue","718-658-5407 -201",11432
QUEENS,,,"PSAL ",1,40,"Emergency Skills",NY,"160-05 Highland Avenue","718-658-5407 -201",11432
QUEENS,,,"PSAL- ",1,40,"Emergency Skills",NY,"160-05 Highland Avenue","718-658-5407 -201",11432
QUEENS,,,PSAL-,1,40,"Emergency Skills",NY,"160-05 Highland Avenue","718-658-5407 -201",11432
QUEENS,,,PSAL-,1,40,"Emergency Skills",NY,"160-05 Highland Avenue","718-658-5407 -201",11432
QUEENS,,,PSAL,1,40,"Emergency Skills",NY,"160-05 Highland Avenue","718-658-5407 -201",11432
QUEENS,,,PSAL-,1,40,"Emergency Skills",NY,"160-05 Highland Avenue","718-658-5407 -201",11432
QUEENS,,,"PSAL ",1,40,"Emergency Skills",NY,"160-05 Highland Avenue","718-658-5407 -201",11432
QUEENS,,,"PSAL ",1,40,"Emergency Skills",NY,"160-05 Highland Avenue","718-658-5407 -201",11432
QUEENS,,,PSAL,1,40,"Emergency Skills",NY,"160-05 Highland Avenue","718-658-5407 -201",11432
QUEENS,,,PSAL,1,40,"Emergency Skills",NY,"160-05 Highland Avenue","718-658-5407 -201",11432
"New York","Sonia Colon",646-338-9287,"Outside 418",1,14,"Emergency Skills","New York","350 Grand Street",212-674-7000,10002
"New York","Sonia Colon",646-338-9287,PSAL,1,14,"Emergency Skills","New York","350 Grand Street",212-674-7000,10002
"New York","Sonia Colon",646-338-9287,"PSAL ",1,14,"Emergency Skills","New York","350 Grand Street",212-674-7000,10002
"New York","Sonia Colon",646-338-9287,PSAL,1,14,"Emergency Skills","New York","350 Grand Street",212-674-7000,10002
"New York","Sonia Colon",646-338-9287,"Outside Rm 134",1,14,"Emergency Skills","New York","350 Grand Street",212-674-7000,10002
"New York","Sonia Colon",646-338-9287,"PSAL ",1,14,"Emergency Skills","New York","350 Grand Street",212-674-7000,10002
"New York","Sonia Colon",646-338-9287,"Outside Rm 518B",1,14,"Emergency Skills","New York","350 Grand Street",212-674-7000,10002
"New York","Sonia Colon",646-338-9287,"Outside Rm 318",1,14,"Emergency Skills","New York","350 Grand Street",212-674-7000,10002
BROOKLYN,"SEAN BURKE",718-645-0854,"Room 301",1,4,"Emergency Skills",NY,"2630 Benson Avenue",718-345-0854,11214
Brooklyn,"Jodie Cohen",718-758-7200,PSAL,1,53,"Emergency Skills",NY,"3787 Bedford Avenue",718-758-7200,11229
Brooklyn,"Jodie Cohen",718-758-7200,PSAL,1,53,"Emergency Skills",NY,"3787 Bedford Avenue",718-758-7200,11229
Brooklyn,"Jodie Cohen",718-758-7200,PSAL,1,53,"Emergency Skills",NY,"3787 Bedford Avenue",718-758-7200,11229
Brooklyn,"Jodie Cohen",718-758-7200,PSAL,1,53,"Emergency Skills",NY,"3787 Bedford Avenue",718-758-7200,11229
Brooklyn,"Jodie Cohen",718-758-7200,PSAL,1,53,"Emergency Skills",NY,"3787 Bedford Avenue",718-758-7200,11229
Brooklyn,"Jodie Cohen",718-758-7200,PSAL,1,53,"Emergency Skills",NY,"3787 Bedford Avenue",718-758-7200,11229
Brooklyn,"Jodie Cohen",718-758-7200,PSAL,1,53,"Emergency Skills",NY,"3787 Bedford Avenue",718-758-7200,11229
Brooklyn,"Jodie Cohen",718-758-7200,PSAL,1,53,"Emergency Skills",NY,"3787 Bedford Avenue",718-758-7200,11229
Brooklyn,"Jodie Cohen",718-758-7200,PSAL,1,53,"Emergency Skills",NY,"3787 Bedford Avenue",718-758-7200,11229
Brooklyn,"Jodie Cohen",718-758-7200,"PSAL ",1,53,"Emergency Skills",NY,"3787 Bedford Avenue",718-758-7200,11229
Brooklyn,"Jodie Cohen",718-758-7200,,1,53,"Emergency Skills",NY,"3787 Bedford Avenue",718-758-7200,11229
Brooklyn,"Jodie Cohen",718-758-7200,"5th Floor Room 517",1,53,"Emergency Skills",NY,"3787 Bedford Avenue",718-758-7200,11229
Brooklyn,"Jodie Cohen",718-758-7200,"4th Floor, Room 438",1,53,"Emergency Skills",NY,"3787 Bedford Avenue",718-758-7200,11229
Brooklyn,"Jodie Cohen",718-758-7200,"3rd Floor, Room 317",1,53,"Emergency Skills",NY,"3787 Bedford Avenue",718-758-7200,11229
Brooklyn,"Jodie Cohen",718-758-7200,Cafeteria/Basement,1,53,"Emergency Skills",NY,"3787 Bedford Avenue",718-758-7200,11229
Brooklyn,"Jodie Cohen",718-758-7200,PSAL,1,53,"Emergency Skills",NY,"3787 Bedford Avenue",718-758-7200,11229
Brooklyn,"Jodie Cohen",718-758-7200,,1,53,"Emergency Skills",NY,"3787 Bedford Avenue",718-758-7200,11229
Brooklyn,"Jodie Cohen",718-758-7200,"2nd Floor, Room 220",1,53,"Emergency Skills",NY,"3787 Bedford Avenue",718-758-7200,11229
Brooklyn,"Jodie Cohen",718-758-7200,PSAL,1,53,"Emergency Skills",NY,"3787 Bedford Avenue",718-758-7200,11229
Brooklyn,"Jodie Cohen",718-758-7200,PSAL,1,53,"Emergency Skills",NY,"3787 Bedford Avenue",718-758-7200,11229
Brooklyn,"Jodie Cohen",718-758-7200,"Main Office",1,53,"Emergency Skills",NY,"3787 Bedford Avenue",718-758-7200,11229
Brooklyn,"Jodie Cohen",718-758-7200,PSAL,1,53,"Emergency Skills",NY,"3787 Bedford Avenue",718-758-7200,11229
"Long Island City","Stephanie LaBarbera",718-361-8786,"PSAL- ",1,20,"Emergency Skills",NY,"28-04 41 Avenue",718-361-8786,11101
"Long Island City","Stephanie LaBarbera",718-361-8786,"PSAL- ",1,20,"Emergency Skills",NY,"28-04 41 Avenue",718-361-8786,11101
"Long Island City","Stephanie LaBarbera",718-361-8786,"ANNEX ACROSS THE STREET",1,20,"Emergency Skills",NY,"28-04 41 Avenue",718-361-8786,11101
"Long Island City","Stephanie LaBarbera",718-361-8786,"2nd Floor Gym",1,20,"Emergency Skills",NY,"28-04 41 Avenue",718-361-8786,11101
"Long Island City","Stephanie LaBarbera",718-361-8786,"Outside 4th Floor Gym",1,20,"Emergency Skills",NY,"28-04 41 Avenue",718-361-8786,11101
"Long Island City","Stephanie LaBarbera",718-361-8786,PSAL,1,20,"Emergency Skills",NY,"28-04 41 Avenue",718-361-8786,11101
Flushing,"Mairria Barry",718-281-7543,"2nd Floor",1,1,"Emergency Skills","New York","30-48 Linden Place",718-281-7543,11354
"Glen Oaks","Mike Flynn","718 736 7123","MAIN ENTRANCE",1,31,"Emergency Skills",NY,"74-20 COMMON WEALTH BOULEVARD",7187367100,11426
"Glen Oaks","Mike Flynn","718 736 7123",PSAL,1,31,"Emergency Skills",NY,"74-20 COMMON WEALTH BOULEVARD",7187367100,11426
"Glen Oaks","Mike Flynn","718 736 7123",PSAL,1,31,"Emergency Skills",NY,"74-20 COMMON WEALTH BOULEVARD",7187367100,11426
"Glen Oaks","Mike Flynn","718 736 7123",PSAL,1,31,"Emergency Skills",NY,"74-20 COMMON WEALTH BOULEVARD",7187367100,11426
"Glen Oaks","Mike Flynn","718 736 7123",PSAL,1,31,"Emergency Skills",NY,"74-20 COMMON WEALTH BOULEVARD",7187367100,11426
"Glen Oaks","Mike Flynn","718 736 7123","OUTSIDE 318",1,31,"Emergency Skills",NY,"74-20 COMMON WEALTH BOULEVARD",7187367100,11426
"Glen Oaks","Mike Flynn","718 736 7123","PSAL ",1,31,"Emergency Skills",NY,"74-20 COMMON WEALTH BOULEVARD",7187367100,11426
"Glen Oaks","Mike Flynn","718 736 7123",PSAL,1,31,"Emergency Skills",NY,"74-20 COMMON WEALTH BOULEVARD",7187367100,11426
"Glen Oaks","Mike Flynn","718 736 7123","OUTSIDE 518",1,31,"Emergency Skills",NY,"74-20 COMMON WEALTH BOULEVARD",7187367100,11426
"Glen Oaks","Mike Flynn","718 736 7123","OUTSIDE 418",1,31,"Emergency Skills",NY,"74-20 COMMON WEALTH BOULEVARD",7187367100,11426
"Glen Oaks","Mike Flynn","718 736 7123",PSAL,1,31,"Emergency Skills",NY,"74-20 COMMON WEALTH BOULEVARD",7187367100,11426
"Glen Oaks","Mike Flynn","718 736 7123",,1,31,"Emergency Skills",NY,"74-20 COMMON WEALTH BOULEVARD",7187367100,11426
"Glen Oaks","Mike Flynn","718 736 7123",PSAL,1,31,"Emergency Skills",NY,"74-20 COMMON WEALTH BOULEVARD",7187367100,11426
"Glen Oaks","Mike Flynn","718 736 7123",PSAL,1,31,"Emergency Skills",NY,"74-20 COMMON WEALTH BOULEVARD",7187367100,11426
"Glen Oaks","Mike Flynn","718 736 7123",,1,31,"Emergency Skills",NY,"74-20 COMMON WEALTH BOULEVARD",7187367100,11426
"Glen Oaks","Mike Flynn","718 736 7123",,1,31,"Emergency Skills",NY,"74-20 COMMON WEALTH BOULEVARD",7187367100,11426
Bronx,"LOU SCHLANGER",718-993-0255,PSAL,1,9,"Emergency Skills",NY,"701 St. Ann's Avenue","718 993 0255",10455
Bronx,"LOU SCHLANGER",718-993-0255,PSAL,1,9,"Emergency Skills",NY,"701 St. Ann's Avenue","718 993 0255",10455
Bronx,"LOU SCHLANGER",718-993-0255,PSAL,1,9,"Emergency Skills",NY,"701 St. Ann's Avenue","718 993 0255",10455
Bronx,"LOU SCHLANGER",718-993-0255,PSAL,1,9,"Emergency Skills",NY,"701 St. Ann's Avenue","718 993 0255",10455
Bronx,"LOU SCHLANGER",718-993-0255,PSAL,1,9,"Emergency Skills",NY,"701 St. Ann's Avenue","718 993 0255",10455
Bronx,"LOU SCHLANGER",718-993-0255,PSAL,1,9,"Emergency Skills",NY,"701 St. Ann's Avenue","718 993 0255",10455
Bronx,"LOU SCHLANGER",718-993-0255,PSAL,1,9,"Emergency Skills",NY,"701 St. Ann's Avenue","718 993 0255",10455
Bronx,"LOU SCHLANGER",718-993-0255,PSAL,1,9,"Emergency Skills",NY,"701 St. Ann's Avenue","718 993 0255",10455
Bronx,"LOU SCHLANGER",718-993-0255,PSAL,1,9,"Emergency Skills",NY,"701 St. Ann's Avenue","718 993 0255",10455
Bronx,"LOU SCHLANGER",718-993-0255,"3rd Floor Hall Near Rm 310",1,9,"Emergency Skills",NY,"701 St. Ann's Avenue","718 993 0255",10455
Bronx,"LOU SCHLANGER",718-993-0255,PSAL,1,9,"Emergency Skills",NY,"701 St. Ann's Avenue","718 993 0255",10455
Bronx,"LOU SCHLANGER",718-993-0255,PSAL,1,9,"Emergency Skills",NY,"701 St. Ann's Avenue","718 993 0255",10455
Bronx,"LOU SCHLANGER",718-993-0255,PSAL,1,9,"Emergency Skills",NY,"701 St. Ann's Avenue","718 993 0255",10455
Bronx,"LOU SCHLANGER",718-993-0255,PSAL,1,9,"Emergency Skills",NY,"701 St. Ann's Avenue","718 993 0255",10455
Bronx,"LOU SCHLANGER",718-993-0255,"5th Floor Hall Near Rm 503",1,9,"Emergency Skills",NY,"701 St. Ann's Avenue","718 993 0255",10455
Bronx,"LOU SCHLANGER",718-993-0255,"North Lobby",1,9,"Emergency Skills",NY,"701 St. Ann's Avenue","718 993 0255",10455
"Rockaway Beach","Laurie Harris",718-945-6900,,1,41,"Emergency Skills",NY,"100-00 Beach Channel Drive",718-945-6900,11694
"Rockaway Beach","Laurie Harris",718-945-6900,"Building unit 2nd floor B255",1,41,"Emergency Skills",NY,"100-00 Beach Channel Drive",718-945-6900,11694
"Rockaway Beach","Laurie Harris",718-945-6900,"Building unit 3rd floor D323",1,41,"Emergency Skills",NY,"100-00 Beach Channel Drive",718-945-6900,11694
"Rockaway Beach","Laurie Harris",718-945-6900,"Building unit 1st floor o/s D131",1,41,"Emergency Skills",NY,"100-00 Beach Channel Drive",718-945-6900,11694
"Rockaway Beach","Laurie Harris",718-945-6900,PSAL,1,41,"Emergency Skills",NY,"100-00 Beach Channel Drive",718-945-6900,11694
"Rockaway Beach","Laurie Harris",718-945-6900,"building unit 3rd floor o/s c345",1,41,"Emergency Skills",NY,"100-00 Beach Channel Drive",718-945-6900,11694
"Rockaway Beach","Laurie Harris",718-945-6900,PSAL,1,41,"Emergency Skills",NY,"100-00 Beach Channel Drive",718-945-6900,11694
"Rockaway Beach","Laurie Harris",718-945-6900,PSAL,1,41,"Emergency Skills",NY,"100-00 Beach Channel Drive",718-945-6900,11694
"Rockaway Beach","Laurie Harris",718-945-6900,PSAL,1,41,"Emergency Skills",NY,"100-00 Beach Channel Drive",718-945-6900,11694
"Rockaway Beach","Laurie Harris",718-945-6900,"PSAL ",1,41,"Emergency Skills",NY,"100-00 Beach Channel Drive",718-945-6900,11694
"Rockaway Beach","Laurie Harris",718-945-6900,"PSAL ",1,41,"Emergency Skills",NY,"100-00 Beach Channel Drive",718-945-6900,11694
"Rockaway Beach","Laurie Harris",718-945-6900,"PSAL ",1,41,"Emergency Skills",NY,"100-00 Beach Channel Drive",718-945-6900,11694
"Rockaway Beach","Laurie Harris",718-945-6900,"PSAL ",1,41,"Emergency Skills",NY,"100-00 Beach Channel Drive",718-945-6900,11694
"Rockaway Beach","Laurie Harris",718-945-6900,"MAIN ENTRANCE",1,41,"Emergency Skills",NY,"100-00 Beach Channel Drive",718-945-6900,11694
"Rockaway Beach","Laurie Harris",718-945-6900,PSAL,1,41,"Emergency Skills",NY,"100-00 Beach Channel Drive",718-945-6900,11694
"Long Island City","PENNY BELLAS",718-545-7095,PSAL,1,70,"Emergency Skills",NY,"14-30 Broadway",718-545-7095,11106
"Long Island City","PENNY BELLAS",718-545-7095,"PSAL- ",1,70,"Emergency Skills",NY,"14-30 Broadway",718-545-7095,11106
"Long Island City","PENNY BELLAS",718-545-7095,"PSAL- ",1,70,"Emergency Skills",NY,"14-30 Broadway",718-545-7095,11106
"Long Island City","PENNY BELLAS",718-545-7095,"PSAL- ",1,70,"Emergency Skills",NY,"14-30 Broadway",718-545-7095,11106
"Long Island City","PENNY BELLAS",718-545-7095,"PSAL ",1,70,"Emergency Skills",NY,"14-30 Broadway",718-545-7095,11106
"Long Island City","PENNY BELLAS",718-545-7095,PSAL,1,70,"Emergency Skills",NY,"14-30 Broadway",718-545-7095,11106
"Long Island City","PENNY BELLAS",718-545-7095,"MAIN LOBBY",1,70,"Emergency Skills",NY,"14-30 Broadway",718-545-7095,11106
"Long Island City","PENNY BELLAS",718-545-7095,PSAL,1,70,"Emergency Skills",NY,"14-30 Broadway",718-545-7095,11106
"Long Island City","PENNY BELLAS",718-545-7095,"POOL ROOM",1,70,"Emergency Skills",NY,"14-30 Broadway",718-545-7095,11106
"Long Island City","PENNY BELLAS",718-545-7095,"PSAL- ",1,70,"Emergency Skills",NY,"14-30 Broadway",718-545-7095,11106
"Long Island City","PENNY BELLAS",718-545-7095,"PSAL ",1,70,"Emergency Skills",NY,"14-30 Broadway",718-545-7095,11106
"Long Island City","PENNY BELLAS",718-545-7095,"PSAL- ",1,70,"Emergency Skills",NY,"14-30 Broadway",718-545-7095,11106
"Long Island City","PENNY BELLAS",718-545-7095,"ACROSS RM 345",1,70,"Emergency Skills",NY,"14-30 Broadway",718-545-7095,11106
"Long Island City","PENNY BELLAS",718-545-7095,"PSAL  ",1,70,"Emergency Skills",NY,"14-30 Broadway",718-545-7095,11106
"Long Island City","PENNY BELLAS",718-545-7095,"ACROSS RM 445",1,70,"Emergency Skills",NY,"14-30 Broadway",718-545-7095,11106
"Long Island City","PENNY BELLAS",718-545-7095,"5TH FL",1,70,"Emergency Skills",NY,"14-30 Broadway",718-545-7095,11106
"Long Island City","PENNY BELLAS",718-545-7095,"ACROSS RM 642",1,70,"Emergency Skills",NY,"14-30 Broadway",718-545-7095,11106
"Long Island City","PENNY BELLAS",718-545-7095,PSAL,1,70,"Emergency Skills",NY,"14-30 Broadway",718-545-7095,11106
"Long Island City","PENNY BELLAS",718-545-7095,PSAL,1,70,"Emergency Skills",NY,"14-30 Broadway",718-545-7095,11106
"Long Island City","PENNY BELLAS",718-545-7095,"2nd Floor",1,70,"Emergency Skills",NY,"14-30 Broadway",718-545-7095,11106
Elmhurst,"BORIS MUNOZ",718-595-8572,PSAL,1,35,"Emergency Skills",NY,"48-01 90TH ST",718-595-8510,11373
Elmhurst,"BORIS MUNOZ",718-595-8572,"OUTSIDE 342",1,35,"Emergency Skills",NY,"48-01 90TH ST",718-595-8510,11373
Elmhurst,"BORIS MUNOZ",718-595-8572,PSAL,1,35,"Emergency Skills",NY,"48-01 90TH ST",718-595-8510,11373
Elmhurst,"BORIS MUNOZ",718-595-8572,PSAL,1,35,"Emergency Skills",NY,"48-01 90TH ST",718-595-8510,11373
Elmhurst,"BORIS MUNOZ",718-595-8572,PSAL,1,35,"Emergency Skills",NY,"48-01 90TH ST",718-595-8510,11373
Elmhurst,"BORIS MUNOZ",718-595-8572,"Field House - 90-20 56th Avenue Elmhurst, NY 11373",1,35,"Emergency Skills",NY,"48-01 90TH ST",718-595-8510,11373
Elmhurst,"BORIS MUNOZ",718-595-8572,"4F1 GIRLS GYM",1,35,"Emergency Skills",NY,"48-01 90TH ST",718-595-8510,11373
Elmhurst,"BORIS MUNOZ",718-595-8572,"OUTSIDE 242",1,35,"Emergency Skills",NY,"48-01 90TH ST",718-595-8510,11373
Elmhurst,"BORIS MUNOZ",718-595-8572,"MAIN ENTRANCE",1,35,"Emergency Skills",NY,"48-01 90TH ST",718-595-8510,11373
Elmhurst,"BORIS MUNOZ",718-595-8572,PSAL,1,35,"Emergency Skills",NY,"48-01 90TH ST",718-595-8510,11373
Elmhurst,"BORIS MUNOZ",718-595-8572,"PSAL  ",1,35,"Emergency Skills",NY,"48-01 90TH ST",718-595-8510,11373
Elmhurst,"BORIS MUNOZ",718-595-8572,"PSAL- ",1,35,"Emergency Skills",NY,"48-01 90TH ST",718-595-8510,11373
Elmhurst,"BORIS MUNOZ",718-595-8572,"PSAL- ",1,35,"Emergency Skills",NY,"48-01 90TH ST",718-595-8510,11373
Elmhurst,"BORIS MUNOZ",718-595-8572,"PSAL- ",1,35,"Emergency Skills",NY,"48-01 90TH ST",718-595-8510,11373
Elmhurst,"BORIS MUNOZ",718-595-8572,"OUTSIDE 420",1,35,"Emergency Skills",NY,"48-01 90TH ST",718-595-8510,11373
Elmhurst,"BORIS MUNOZ",718-595-8572,"PSAL  ",1,35,"Emergency Skills",NY,"48-01 90TH ST",718-595-8510,11373
Elmhurst,"BORIS MUNOZ",718-595-8572,PSAL,1,35,"Emergency Skills",NY,"48-01 90TH ST",718-595-8510,11373
Elmhurst,"BORIS MUNOZ",718-595-8572,PSAL,1,35,"Emergency Skills",NY,"48-01 90TH ST",718-595-8510,11373
Elmhurst,"BORIS MUNOZ",718-595-8572,PSAL,1,35,"Emergency Skills",NY,"48-01 90TH ST",718-595-8510,11373
Bronx,"STANLEY DUBIN","718 543 1000","Formerly MAIN ENTRANCE",1,50,"Emergency Skills",NY,"100 W. Mosholu Parkway S.",718-543-1144,10468
Bronx,"STANLEY DUBIN","718 543 1000","PSAL - ",1,50,"Emergency Skills",NY,"100 W. Mosholu Parkway S.",718-543-1144,10468
Bronx,"STANLEY DUBIN","718 543 1000",PSAL,1,50,"Emergency Skills",NY,"100 W. Mosholu Parkway S.",718-543-1144,10468
Bronx,"STANLEY DUBIN","718 543 1000","3rd Floor - Outside 388",1,50,"Emergency Skills",NY,"100 W. Mosholu Parkway S.",718-543-1144,10468
Bronx,"STANLEY DUBIN","718 543 1000","PSAL ",1,50,"Emergency Skills",NY,"100 W. Mosholu Parkway S.",718-543-1144,10468
Bronx,"STANLEY DUBIN","718 543 1000","PSAL- ",1,50,"Emergency Skills",NY,"100 W. Mosholu Parkway S.",718-543-1144,10468
Bronx,"STANLEY DUBIN","718 543 1000","PSAL- ",1,50,"Emergency Skills",NY,"100 W. Mosholu Parkway S.",718-543-1144,10468
Bronx,"STANLEY DUBIN","718 543 1000","PSAL- ",1,50,"Emergency Skills",NY,"100 W. Mosholu Parkway S.",718-543-1144,10468
Bronx,"STANLEY DUBIN","718 543 1000","PSAL- ",1,50,"Emergency Skills",NY,"100 W. Mosholu Parkway S.",718-543-1144,10468
Bronx,"STANLEY DUBIN","718 543 1000","PSAL- ",1,50,"Emergency Skills",NY,"100 W. Mosholu Parkway S.",718-543-1144,10468
Bronx,"STANLEY DUBIN","718 543 1000",PSAL-,1,50,"Emergency Skills",NY,"100 W. Mosholu Parkway S.",718-543-1144,10468
Bronx,"STANLEY DUBIN","718 543 1000","RETURNED TO PHILIPS DAMAGED",1,50,"Emergency Skills",NY,"100 W. Mosholu Parkway S.",718-543-1144,10468
Bronx,"STANLEY DUBIN","718 543 1000","PSAL- ",1,50,"Emergency Skills",NY,"100 W. Mosholu Parkway S.",718-543-1144,10468
Bronx,"STANLEY DUBIN","718 543 1000",PSAL,1,50,"Emergency Skills",NY,"100 W. Mosholu Parkway S.",718-543-1144,10468
Bronx,"STANLEY DUBIN","718 543 1000","Rm 358",1,50,"Emergency Skills",NY,"100 W. Mosholu Parkway S.",718-543-1144,10468
Bronx,"STANLEY DUBIN","718 543 1000",PSAL,1,50,"Emergency Skills",NY,"100 W. Mosholu Parkway S.",718-543-1144,10468
Bronx,"STANLEY DUBIN","718 543 1000","2nd Floor Rm 201",1,50,"Emergency Skills",NY,"100 W. Mosholu Parkway S.",718-543-1144,10468
Bronx,"STANLEY DUBIN","718 543 1000","Main Entrance",1,50,"Emergency Skills",NY,"100 W. Mosholu Parkway S.",718-543-1144,10468
Bronx,"STANLEY DUBIN","718 543 1000",PSAL,1,50,"Emergency Skills",NY,"100 W. Mosholu Parkway S.",718-543-1144,10468
Bronx,"STANLEY DUBIN","718 543 1000",PSAL,1,50,"Emergency Skills",NY,"100 W. Mosholu Parkway S.",718-543-1144,10468
Flushing,"Desiree Alloggiamento",718-263-1919,"PSAL- ",1,41,"Emergency Skills",NY,"63-25 Main Street",718-263-1919,11367
Flushing,"Desiree Alloggiamento",718-263-1919,"PSAL- ",1,41,"Emergency Skills",NY,"63-25 Main Street",718-263-1919,11367
Flushing,"Desiree Alloggiamento",718-263-1919,"PSAL ",1,41,"Emergency Skills",NY,"63-25 Main Street",718-263-1919,11367
Flushing,"Desiree Alloggiamento",718-263-1919,"PSAL ",1,41,"Emergency Skills",NY,"63-25 Main Street",718-263-1919,11367
Flushing,"Desiree Alloggiamento",718-263-1919,"PSAL- ",1,41,"Emergency Skills",NY,"63-25 Main Street",718-263-1919,11367
Flushing,"Desiree Alloggiamento",718-263-1919,"PSAL- ",1,41,"Emergency Skills",NY,"63-25 Main Street",718-263-1919,11367
Flushing,"Desiree Alloggiamento",718-263-1919,"PSAL ",1,41,"Emergency Skills",NY,"63-25 Main Street",718-263-1919,11367
Flushing,"Desiree Alloggiamento",718-263-1919,PSAL,1,41,"Emergency Skills",NY,"63-25 Main Street",718-263-1919,11367
Flushing,"Desiree Alloggiamento",718-263-1919,"PSAL- ",1,41,"Emergency Skills",NY,"63-25 Main Street",718-263-1919,11367
Flushing,"Desiree Alloggiamento",718-263-1919,"PSAL- ",1,41,"Emergency Skills",NY,"63-25 Main Street",718-263-1919,11367
Flushing,"Desiree Alloggiamento",718-263-1919,"Gym Lobby",1,41,"Emergency Skills",NY,"63-25 Main Street",718-263-1919,11367
Flushing,"Desiree Alloggiamento",718-263-1919,PSAL,1,41,"Emergency Skills",NY,"63-25 Main Street",718-263-1919,11367
Flushing,"Desiree Alloggiamento",718-263-1919,"3rd Floor",1,41,"Emergency Skills",NY,"63-25 Main Street",718-263-1919,11367
Flushing,"Desiree Alloggiamento",718-263-1919,PSAL,1,41,"Emergency Skills",NY,"63-25 Main Street",718-263-1919,11367
Flushing,"Desiree Alloggiamento",718-263-1919,"Main Entrance",1,41,"Emergency Skills",NY,"63-25 Main Street",718-263-1919,11367
Brooklyn,"Ruth Rule",718-624-5271,"Main Entrance",1,21,"Emergency Skills","New York","512 Carroll Street",718-624-5271,11215
Brooklyn,"Ruth Rule",718-624-5271,"Gym Office",1,21,"Emergency Skills","New York","512 Carroll Street",718-624-5271,11215
BROOKLYN,"Larry Carbonaro",718-968-4164,PSAL,1,46,"Emergency Skills",NY,"6565 FLATLANDS AVE",718-968-4164,11236
BROOKLYN,"Larry Carbonaro",718-968-4164,"PSAL- ",1,46,"Emergency Skills",NY,"6565 FLATLANDS AVE",718-968-4164,11236
BROOKLYN,"Larry Carbonaro",718-968-4164,PSAL,1,46,"Emergency Skills",NY,"6565 FLATLANDS AVE",718-968-4164,11236
BROOKLYN,"Larry Carbonaro",718-968-4164,"PSAL ",1,46,"Emergency Skills",NY,"6565 FLATLANDS AVE",718-968-4164,11236
BROOKLYN,"Larry Carbonaro",718-968-4164,"PSAL- ",1,46,"Emergency Skills",NY,"6565 FLATLANDS AVE",718-968-4164,11236
BROOKLYN,"Larry Carbonaro",718-968-4164,PSAL,1,46,"Emergency Skills",NY,"6565 FLATLANDS AVE",718-968-4164,11236
BROOKLYN,"Larry Carbonaro",718-968-4164,"PSAL- ",1,46,"Emergency Skills",NY,"6565 FLATLANDS AVE",718-968-4164,11236
BROOKLYN,"Larry Carbonaro",718-968-4164,"Main Entrance next to school safety",1,46,"Emergency Skills",NY,"6565 FLATLANDS AVE",718-968-4164,11236
BROOKLYN,"Larry Carbonaro",718-968-4164,"PSAL ",1,46,"Emergency Skills",NY,"6565 FLATLANDS AVE",718-968-4164,11236
BROOKLYN,"Larry Carbonaro",718-968-4164,"PSAL ",1,46,"Emergency Skills",NY,"6565 FLATLANDS AVE",718-968-4164,11236
BROOKLYN,"Larry Carbonaro",718-968-4164,"PSAL ",1,46,"Emergency Skills",NY,"6565 FLATLANDS AVE",718-968-4164,11236
BROOKLYN,"Larry Carbonaro",718-968-4164,"PSAL ",1,46,"Emergency Skills",NY,"6565 FLATLANDS AVE",718-968-4164,11236
BROOKLYN,"Larry Carbonaro",718-968-4164,"PSAL ",1,46,"Emergency Skills",NY,"6565 FLATLANDS AVE",718-968-4164,11236
BROOKLYN,"Larry Carbonaro",718-968-4164,PSAL,1,46,"Emergency Skills",NY,"6565 FLATLANDS AVE",718-968-4164,11236
BROOKLYN,"Larry Carbonaro",718-968-4164,"Dean - Rm 267 (install in hallway)",1,46,"Emergency Skills",NY,"6565 FLATLANDS AVE",718-968-4164,11236
BROOKLYN,"Larry Carbonaro",718-968-4164,,1,46,"Emergency Skills",NY,"6565 FLATLANDS AVE",718-968-4164,11236
BROOKLYN,"Larry Carbonaro",718-968-4164,"AD OFFICE",1,46,"Emergency Skills",NY,"6565 FLATLANDS AVE",718-968-4164,11236
BROOKLYN,"Larry Carbonaro",718-968-4164,"3rd Floor",1,46,"Emergency Skills",NY,"6565 FLATLANDS AVE",718-968-4164,11236
"Far Rockaway","T. Williams Grey","718 327 6000","Rm 352 FDA Main Office, 3rd Floor ",1,27,"Emergency Skills",NY,"8-21 BAY 25 STREET",718-327-5805,11691
"Far Rockaway","T. Williams Grey","718 327 6000","3rd Floor Rm 347",1,27,"Emergency Skills",NY,"8-21 BAY 25 STREET",718-327-5805,11691
"Far Rockaway","T. Williams Grey","718 327 6000","GYM STAIRWAY",1,27,"Emergency Skills",NY,"8-21 BAY 25 STREET",718-327-5805,11691
"Far Rockaway","T. Williams Grey","718 327 6000",PSAL,1,27,"Emergency Skills",NY,"8-21 BAY 25 STREET",718-327-5805,11691
"Far Rockaway","T. Williams Grey","718 327 6000",PSAL,1,27,"Emergency Skills",NY,"8-21 BAY 25 STREET",718-327-5805,11691
"Far Rockaway","T. Williams Grey","718 327 6000",PSAL,1,27,"Emergency Skills",NY,"8-21 BAY 25 STREET",718-327-5805,11691
"Far Rockaway","T. Williams Grey","718 327 6000",PSAL,1,27,"Emergency Skills",NY,"8-21 BAY 25 STREET",718-327-5805,11691
"Far Rockaway","T. Williams Grey","718 327 6000","MAIN ENTRANCE SCHOOL SAFETY",1,27,"Emergency Skills",NY,"8-21 BAY 25 STREET",718-327-5805,11691
"Far Rockaway","T. Williams Grey","718 327 6000",PSAL,1,27,"Emergency Skills",NY,"8-21 BAY 25 STREET",718-327-5805,11691
"Far Rockaway","T. Williams Grey","718 327 6000","PSAL- ",1,27,"Emergency Skills",NY,"8-21 BAY 25 STREET",718-327-5805,11691
"Far Rockaway","T. Williams Grey","718 327 6000","PSAL- ",1,27,"Emergency Skills",NY,"8-21 BAY 25 STREET",718-327-5805,11691
"Far Rockaway","T. Williams Grey","718 327 6000",PSAL,1,27,"Emergency Skills",NY,"8-21 BAY 25 STREET",718-327-5805,11691
"Far Rockaway","T. Williams Grey","718 327 6000",PSAL,1,27,"Emergency Skills",NY,"8-21 BAY 25 STREET",718-327-5805,11691
"Far Rockaway","T. Williams Grey","718 327 6000",PSAL,1,27,"Emergency Skills",NY,"8-21 BAY 25 STREET",718-327-5805,11691
Jamaica,"FRED GOLUB",718-528-2920,"PSAL ",1,26,"Emergency Skills",NY,"156-10 BAISLEY BLVD",718-528-2920,11434
Jamaica,"FRED GOLUB",718-528-2920,"PSAL- ",1,26,"Emergency Skills",NY,"156-10 BAISLEY BLVD",718-528-2920,11434
Jamaica,"FRED GOLUB",718-528-2920,"OUTSIDE RM 393",1,26,"Emergency Skills",NY,"156-10 BAISLEY BLVD",718-528-2920,11434
Jamaica,"FRED GOLUB",718-528-2920,PSAL,1,26,"Emergency Skills",NY,"156-10 BAISLEY BLVD",718-528-2920,11434
Jamaica,"FRED GOLUB",718-528-2920,"PSAL- ",1,26,"Emergency Skills",NY,"156-10 BAISLEY BLVD",718-528-2920,11434
Jamaica,"FRED GOLUB",718-528-2920,"Main Entrance",1,26,"Emergency Skills",NY,"156-10 BAISLEY BLVD",718-528-2920,11434
Jamaica,"FRED GOLUB",718-528-2920,"PSAL- ",1,26,"Emergency Skills",NY,"156-10 BAISLEY BLVD",718-528-2920,11434
Jamaica,"FRED GOLUB",718-528-2920,"PSAL- ",1,26,"Emergency Skills",NY,"156-10 BAISLEY BLVD",718-528-2920,11434
Jamaica,"FRED GOLUB",718-528-2920,"Outside Room 205",1,26,"Emergency Skills",NY,"156-10 BAISLEY BLVD",718-528-2920,11434
Jamaica,"FRED GOLUB",718-528-2920,"PSAL- ",1,26,"Emergency Skills",NY,"156-10 BAISLEY BLVD",718-528-2920,11434
Jamaica,"FRED GOLUB",718-528-2920,psal,1,26,"Emergency Skills",NY,"156-10 BAISLEY BLVD",718-528-2920,11434
Jamaica,"FRED GOLUB",718-528-2920,"PSAL- ",1,26,"Emergency Skills",NY,"156-10 BAISLEY BLVD",718-528-2920,11434
Jamaica,"FRED GOLUB",718-528-2920,PSAL,1,26,"Emergency Skills",NY,"156-10 BAISLEY BLVD",718-528-2920,11434
Jamaica,"FRED GOLUB",718-528-2920,PSAL,1,26,"Emergency Skills",NY,"156-10 BAISLEY BLVD",718-528-2920,11434
Jamaica,"FRED GOLUB",718-528-2920,"Basement Cabinet",1,26,"Emergency Skills",NY,"156-10 BAISLEY BLVD",718-528-2920,11434
Jamaica,"FRED GOLUB",718-528-2920,,1,26,"Emergency Skills",NY,"156-10 BAISLEY BLVD",718-528-2920,11434
"Staten Island","PETER GAMBARDELLA","718 273 7380  122","PSAL-Girls Varsity Volleyball",1,73,"Emergency Skills",NY,"105 Hamilton Avenue",718-273-7380,10301
"Staten Island","PETER GAMBARDELLA","718 273 7380  122",PSAL-Wrestling,1,73,"Emergency Skills",NY,"105 Hamilton Avenue",718-273-7380,10301
"Staten Island","PETER GAMBARDELLA","718 273 7380  122","PSAL -swim",1,73,"Emergency Skills",NY,"105 Hamilton Avenue",718-273-7380,10301
"Staten Island","PETER GAMBARDELLA","718 273 7380  122",PSAL-Football,1,73,"Emergency Skills",NY,"105 Hamilton Avenue",718-273-7380,10301
"Staten Island","PETER GAMBARDELLA","718 273 7380  122",PSAL,1,73,"Emergency Skills",NY,"105 Hamilton Avenue",718-273-7380,10301
"Staten Island","PETER GAMBARDELLA","718 273 7380  122","PSAL- ",1,73,"Emergency Skills",NY,"105 Hamilton Avenue",718-273-7380,10301
"Staten Island","PETER GAMBARDELLA","718 273 7380  122","PSAL- Soccer",1,73,"Emergency Skills",NY,"105 Hamilton Avenue",718-273-7380,10301
"Staten Island","PETER GAMBARDELLA","718 273 7380  122","PSAL ",1,73,"Emergency Skills",NY,"105 Hamilton Avenue",718-273-7380,10301
"Staten Island","PETER GAMBARDELLA","718 273 7380  122","PSAL-Girls Track",1,73,"Emergency Skills",NY,"105 Hamilton Avenue",718-273-7380,10301
"Staten Island","PETER GAMBARDELLA","718 273 7380  122","PSAL- ",1,73,"Emergency Skills",NY,"105 Hamilton Avenue",718-273-7380,10301
"Staten Island","PETER GAMBARDELLA","718 273 7380  122","PSAL ",1,73,"Emergency Skills",NY,"105 Hamilton Avenue",718-273-7380,10301
"Staten Island","PETER GAMBARDELLA","718 273 7380  122",PSAL-FOOTBALL,1,73,"Emergency Skills",NY,"105 Hamilton Avenue",718-273-7380,10301
"Staten Island","PETER GAMBARDELLA","718 273 7380  122","MAIN Entrance",1,73,"Emergency Skills",NY,"105 Hamilton Avenue",718-273-7380,10301
"Staten Island","PETER GAMBARDELLA","718 273 7380  122",PSAL,1,73,"Emergency Skills",NY,"105 Hamilton Avenue",718-273-7380,10301
"Staten Island","PETER GAMBARDELLA","718 273 7380  122","PSAL-Girls Bowling",1,73,"Emergency Skills",NY,"105 Hamilton Avenue",718-273-7380,10301
"Staten Island","PETER GAMBARDELLA","718 273 7380  122","Nurses Office",1,73,"Emergency Skills",NY,"105 Hamilton Avenue",718-273-7380,10301
"Staten Island","PETER GAMBARDELLA","718 273 7380  122","3RD FLOOR CORNER-Oustide 315",1,73,"Emergency Skills",NY,"105 Hamilton Avenue",718-273-7380,10301
"Staten Island","PETER GAMBARDELLA","718 273 7380  122","Exit 12 by pool - Athletic Field",1,73,"Emergency Skills",NY,"105 Hamilton Avenue",718-273-7380,10301
"Staten Island","PETER GAMBARDELLA","718 273 7380  122","PSAL- ",1,73,"Emergency Skills",NY,"105 Hamilton Avenue",718-273-7380,10301
"Staten Island","PETER GAMBARDELLA","718 273 7380  122",PSAL,1,73,"Emergency Skills",NY,"105 Hamilton Avenue",718-273-7380,10301
Brooklyn,"Sheila Shale","(718) 467-2038","PSAL- ",1,57,"Emergency Skills",NY,"1700 Fulton Street","(718) 467-2038",11213
Brooklyn,"Sheila Shale","(718) 467-2038","PSAL- ",1,57,"Emergency Skills",NY,"1700 Fulton Street","(718) 467-2038",11213
Brooklyn,"Sheila Shale","(718) 467-2038","Outside 212, HALL",1,57,"Emergency Skills",NY,"1700 Fulton Street","(718) 467-2038",11213
Brooklyn,"Sheila Shale","(718) 467-2038","PSAL- ",1,57,"Emergency Skills",NY,"1700 Fulton Street","(718) 467-2038",11213
Brooklyn,"Sheila Shale","(718) 467-2038","PSAL ",1,57,"Emergency Skills",NY,"1700 Fulton Street","(718) 467-2038",11213
Brooklyn,"Sheila Shale","(718) 467-2038","PSAL ",1,57,"Emergency Skills",NY,"1700 Fulton Street","(718) 467-2038",11213
Brooklyn,"Sheila Shale","(718) 467-2038","PSAL ",1,57,"Emergency Skills",NY,"1700 Fulton Street","(718) 467-2038",11213
Brooklyn,"Sheila Shale","(718) 467-2038","PSAL ",1,57,"Emergency Skills",NY,"1700 Fulton Street","(718) 467-2038",11213
Brooklyn,"Sheila Shale","(718) 467-2038","PSAL ",1,57,"Emergency Skills",NY,"1700 Fulton Street","(718) 467-2038",11213
Brooklyn,"Sheila Shale","(718) 467-2038","PSAL ",1,57,"Emergency Skills",NY,"1700 Fulton Street","(718) 467-2038",11213
Brooklyn,"Sheila Shale","(718) 467-2038","PSAL ",1,57,"Emergency Skills",NY,"1700 Fulton Street","(718) 467-2038",11213
Brooklyn,"Sheila Shale","(718) 467-2038","Main Entrance",1,57,"Emergency Skills",NY,"1700 Fulton Street","(718) 467-2038",11213
Brooklyn,"Sheila Shale","(718) 467-2038","3rd Floor - Outside Room 313",1,57,"Emergency Skills",NY,"1700 Fulton Street","(718) 467-2038",11213
Brooklyn,"Sheila Shale","(718) 467-2038",PSAL,1,57,"Emergency Skills",NY,"1700 Fulton Street","(718) 467-2038",11213
"New York","LAUREN GARDNER",646-747-6190,"Main Entrance",1,12,"Emergency Skills","New York","34 WEST 118 STREET",646-747-6190,10026
BROOKLYN,"BERNARD MCILWAIN","718-387-0228  124",PSAL,1,44,"Emergency Skills",NY,"850 GRAND STREET","718-387-0228  124",11211
BROOKLYN,"MARK RAMPERSANT",718-923-5126,"6th Floor - Front Desk",1,36,"Emergency Skills",NY,"335 ADAMS ST",718-923-5126,11201
BROOKLYN,"NADRA HAYWOOD",718-935-9457,"Main Entrance",1,8,"Emergency Skills",NY,"67-69 SCHERMERHORN ST",718-935-1726,11201
BROOKLYN,"Janet Boccasino",718-968-6124,"Main Entrance",1,21,"Emergency Skills",NY,"5619 FLATLANDS AVENUE",718-968-6124,11234
"Ozone Park","Susan Lecointe","718 322 0563","2nd Floor Elevator Lobby",1,9,"Emergency Skills",NY,"82-01 Rockaway Boulevard",718-642-5857,11416
"New York","Mr. Thomas Staebell","212 228 8730","FRONT ENTRANCE",1,3,"Emergency Skills",NY,"333 EAST 4 STREET",212-228-8730,10009
"New York","JACQUELINE FLANAGAN, AP","212 475 4210","MAIN ENTRANCE BY SCHOOL SAFETY",1,10,"Emergency Skills",NY,"185 First Avenue",212-533-5340,10003
"New York","Tracey Arrington","212 254 9577","MAIN ENTRANCE",1,6,"Emergency Skills",NY,"166 Essex Street","212 254 9577",10002
"New York","Rosemarie Gonzalez","212 228 4433","MAIN ENTRANCE BY SCHOOL SAFETY",1,10,"Emergency Skills",NY,"730 East 12 Street",212-228-4433,10009
"New York","Mauriciere de Govia",212-962-7205,"PSAL ",1,1,"Emergency Skills",NY,"220 Henry Street",212-962-7205,10002
"New York","Mauriciere de Govia",212-962-7205,"FRONT ENTRANCE NEAR SCHOOL SAFETY",1,1,"Emergency Skills",NY,"220 Henry Street",212-962-7205,10002
"New York","Mauriciere de Govia",212-962-7205,"Basement Cafeteria",1,1,"Emergency Skills",NY,"220 Henry Street",212-962-7205,10002
"New York","JOAN FORBES","212 673 1526","MAIN ENTRANCE NEAR SCHOOL SAFETY",1,3,"Emergency Skills",NY,"121 East 3 Street",212-674-3180,10009
"New York","DIANA CANUELAS","212 673 6510","MAIN ENTRANCE",1,8,"Emergency Skills",NY,"600 East 6 Street",212-673-6510,10009
"New York","Alana Jermanok","212 674 2690","MAIN ENTRANCE",1,9,"Emergency Skills",NY,"285 Delancey Street",212-674-2690,10002
"New York","CAROL GORIS","212 673 4470","FRONT E. BY SS.",1,4,"Emergency Skills",NY,"293 East Broadway",212-673-4470,10002
"New York","CAROL GORIS","212 673 4470","*Needs to be on 3rd Floor - Outside Elevator",1,4,"Emergency Skills",NY,"293 East Broadway",212-673-4470,10002
"New York","FEKEUNG THOMAS LAU","212 677 4600","MAIN ENTRANCE",1,8,"Emergency Skills",NY,"123 Ridge Street",212-677-4680,10002
"New York",,"212 598 3800","FRONT ENTRANCE",1,9,"Emergency Skills",NY,"100 Attorney Street",212-598-3800,10002
"New York"," Yvonne Chin",212-602-9700,"FRONT ENTRANCE",1,10,"Emergency Skills",NY,"327 Cherry Street",212-602-9700,10002
"New York","MARIA RODRIGUEZ","212 677 5710","Outside Rm 521A",1,3,"Emergency Skills",NY,"442 East Houston Street",212-677-5710,10002
"New York","MARIA RODRIGUEZ","212 677 5710","MAIN ENTRANCE",1,3,"Emergency Skills",NY,"442 East Houston Street",212-677-5710,10002
"New York","Leslie SOHA","212 982 0682","4th Floor, Outside Library",1,8,"Emergency Skills",NY,"610 East 12 Street",212-982-0682,10009
"New York","Leslie SOHA","212 982 0682","MAIN ENTRANCE",1,8,"Emergency Skills",NY,"610 East 12 Street",212-982-0682,10009
"New York","ROBERT A MILLER","917 647 9067",PSAL,1,17,"Emergency Skills",NY,"200 Monroe Street","917 647 9067",10002
"New York","ROBERT A MILLER","917 647 9067","3RD Floor - Room in front of 301",1,17,"Emergency Skills",NY,"200 Monroe Street","917 647 9067",10002
"New York","ROBERT A MILLER","917 647 9067","FRONT ENTRANCE BY SCHOOL SAFETY",1,17,"Emergency Skills",NY,"200 Monroe Street","917 647 9067",10002
"New York","ROBERT A MILLER","917 647 9067",PSAL,1,17,"Emergency Skills",NY,"200 Monroe Street","917 647 9067",10002
"New York","ROBERT A MILLER","917 647 9067",PSAL,1,17,"Emergency Skills",NY,"200 Monroe Street","917 647 9067",10002
"New York","ROBERT A MILLER","917 647 9067",PSAL,1,17,"Emergency Skills",NY,"200 Monroe Street","917 647 9067",10002
"NEW YORK","Matthew Guldin","(212) 460-8467","Cafeteria - 12th St. Entrance",1,17,"Emergency Skills",NY,"420 E 12 ST",212-460-8467,10009
"NEW YORK","Matthew Guldin","(212) 460-8467",PSAL,1,17,"Emergency Skills",NY,"420 E 12 ST",212-460-8467,10009
"NEW YORK","Matthew Guldin","(212) 460-8467","Main Desk - First Floor Cafeteria",1,17,"Emergency Skills",NY,"420 E 12 ST",212-460-8467,10009
"NEW YORK","Matthew Guldin","(212) 460-8467","PSAL- ",1,17,"Emergency Skills",NY,"420 E 12 ST",212-460-8467,10009
"NEW YORK","Matthew Guldin","(212) 460-8467",PSAL,1,17,"Emergency Skills",NY,"420 E 12 ST",212-460-8467,10009
"NEW YORK","Matthew Guldin","(212) 460-8467","Rm 562- Outside GYM",1,17,"Emergency Skills",NY,"420 E 12 ST",212-460-8467,10009
"New York","Margaret Adams"," 212 473 8152","Fourth floor near room 443",1,18,"Emergency Skills",NY,"145 Stanton Street","212 473 8152",10002
"New York","Margaret Adams"," 212 473 8152","Lobby - Front of Security",1,18,"Emergency Skills",NY,"145 Stanton Street","212 473 8152",10002
"New York","Margaret Adams"," 212 473 8152",PSAL,1,18,"Emergency Skills",NY,"145 Stanton Street","212 473 8152",10002
"New York","Margaret Adams"," 212 473 8152",PSAL,1,18,"Emergency Skills",NY,"145 Stanton Street","212 473 8152",10002
"New York","Margaret Adams"," 212 473 8152","3rd floor-near Rm322",1,18,"Emergency Skills",NY,"145 Stanton Street","212 473 8152",10002
"New York","Deonne Martin, AP","212 677 5190","MAIN ENTRANCE",1,17,"Emergency Skills",NY,"111 Columbia Street",212-677-5190,10002
"New York","Deonne Martin, AP","212 677 5190",PSAL,1,17,"Emergency Skills",NY,"111 Columbia Street",212-677-5190,10002
"New York","Deonne Martin, AP","212 677 5190","Outside Rm 109",1,17,"Emergency Skills",NY,"111 Columbia Street",212-677-5190,10002
"New York","Deonne Martin, AP","212 677 5190","Outsid Rm 313",1,17,"Emergency Skills",NY,"111 Columbia Street",212-677-5190,10002
"New York","Miriam Uzzan","(212) 673-2650","Outside 518",1,1,"Emergency Skills",NY,"350 GRAND St","(212) 406-5758",10002
"New York","Miriam Uzzan","(212) 673-2650","Outside 318",1,1,"Emergency Skills",NY,"350 GRAND St","(212) 406-5758",10002
"New York","Frances Quezada",212-995-1430,"3rd Floor Outside Main Office",1,12,"Emergency Skills",NY,"600 East 6 Street",212-995-1430,10009
"New York","LINDA GIM",212-267-4133,Cafeteria,1,8,"Emergency Skills",NY,"8 Henry Street","212 267 4133",10038
"New York","LINDA GIM",212-267-4133,"4th Floor ",1,8,"Emergency Skills",NY,"8 Henry Street","212 267 4133",10038
"New York","Brett Gustafson",212-964-0350,"MAIN ENTRANCE",1,16,"Emergency Skills",NY,"122 Henry Street",212-964-0350,10002
"New York",Regina,212-691-1183,"Main entrance by school safety",1,7,"Emergency Skills",NY,"490 Hudson Street",212-691-1183,10014
"New York",Regina,212-691-1183,"Hall - Near Room 402",1,7,"Emergency Skills",NY,"490 Hudson Street",212-691-1183,10014
"New York","Eugenia Williams",212-737-9774,"FRONT ENTRANCE NEAR SCHOOL SAFETY",1,,"Emergency Skills",NY,"45 East 81 Street","(212) 737-9774",10028
"New York","Eugenia Williams",212-737-9774,"Oustide 3rd Floor Gym",1,,"Emergency Skills",NY,"45 East 81 Street","(212) 737-9774",10028
"New York","Stephen  McGill",212-929-1743,"main entrance by school safety",1,,"Emergency Skills",NY,"320 West 21 Street",212-929-1743,10011
"New York","Stephen  McGill",212-929-1743,"Outside Room 406A",1,,"Emergency Skills",NY,"320 West 21 Street",212-929-1743,10011
"New York","Beth Hermelin",212-244-6426,"FRONT LOBBY BY SCHOOL SAFETY",1,6,"Emergency Skills",NY,"281 Ninth Avenue",212-244-6426,10001
"New York","Deborah Wong",212-475-5500,"In cafeteria near school safety",1,8,"Emergency Skills",NY,"320 east 20 street",212-475-5500,10003
"New York","Deborah Wong",212-475-5500,"Fourth Floor Outside Rm 402",1,8,"Emergency Skills",NY,"320 east 20 street",212-475-5500,10003
"New York","Bob Caputo ","(718) 351-5069","MAIN ENTRANCE",1,1,"Emergency Skills",NY,"116 West 11 Street","(718) 351-5069",10011
"New York","MAY WONG LEE",212-226-8410,"FRONT ENTRANCE",1,1,"Emergency Skills",NY,"71 Hester Street",212-226-8410,10002
"New York","MAY WONG LEE",212-226-8410,"Outside Room 408B",1,1,"Emergency Skills",NY,"71 Hester Street",212-226-8410,10002
"New York","Cathleen Myers-Jusko","(212) 757-3067","Main Entrance by School Security",1,6,"Emergency Skills",NY,"520 West 45 Street","212 757 3067",10036
"New York","Adele Schroeter",212-888-7870,"FRONT ENTRANCE BY SCHOOL SAFETY",1,12,"Emergency Skills",NY,"213 EAST 63RD STREET",212-888-7870,10065
"New York","Adele Schroeter",212-888-7870,"Fourth Floor Hallway",1,12,"Emergency Skills",NY,"213 EAST 63RD STREET",212-888-7870,10065
"New York","Adele Schroeter",212-888-7870,"Sixth Floor Hallway",1,12,"Emergency Skills",NY,"213 EAST 63RD STREET",212-888-7870,10065
"New York","Sam Chan",212-427-2798,"FRONT ENTRANCE BY SCHOOL SAFETY",1,11,"Emergency Skills",NY,"1700 Third Avenue",212-427-2798,10128
"New York","Sam Chan",212-427-2798,"1700 3rd Ave. Entrance",1,11,"Emergency Skills",NY,"1700 Third Avenue",212-427-2798,10128
"NEW YORK","Thao Vo",212-571-5659,"3RD FLOOR BY  ELEVATOR",1,9,"Emergency Skills",NY,"201 WARREN STreet",212-571-5659,10007
"NEW YORK","Thao Vo",212-571-5659,"1ST FLOOR BY ELEVATOR",1,9,"Emergency Skills",NY,"201 WARREN STreet",212-571-5659,10007
"New York","Michael Daly",212-674-4545,"Principal's Office",1,10,"Emergency Skills",NY,"330 East 21 Street",212-674-4545,10010
"New York","Michael Daly",212-674-4545,"Main Entrance",1,10,"Emergency Skills",NY,"330 East 21 Street",212-674-4545,10010
"New York","Michael Daly",212-674-4545,"4th Floor Room 418",1,10,"Emergency Skills",NY,"330 East 21 Street",212-674-4545,10010
"New York","Irma Medina",212-582-7420,"Maint Entrance - 1st Floor Sec. Desk",1,11,"Emergency Skills",NY,"440 West 53 Street",212-582-7420,10019
"New York","STEVE ZOWNIR","212 685 4366","3rd Floor Center Staircase",1,11,"Emergency Skills",NY,"210 East 33 Street",212-685-4366,10016
"New York","STEVE ZOWNIR","212 685 4366","5th Floor Center Staircase",1,11,"Emergency Skills",NY,"210 East 33 Street",212-685-4366,10016
"New York","STEVE ZOWNIR","212 685 4366","Main Entrance",1,11,"Emergency Skills",NY,"210 East 33 Street",212-685-4366,10016
"New York","ALICE HOM",212-356-3758,"main entrance",1,24,"Emergency Skills",NY,"40 Division Street",212-966-7237,10002
"New York","Robert Mehan, Jr",212-962-2188,"1st floor lobby - Maintenance",1,6,"Emergency Skills",NY,"80 Catherine Street",212-962-2188,10038
"New York","KENNETH MENDEZ","212 226 8072","4th Floor Hall next to elevator",1,4,"Emergency Skills",NY,"143 Baxter Street","212 226 8072",10013
"New York","KENNETH MENDEZ","212 226 8072","First Floor Hallway",1,4,"Emergency Skills",NY,"143 Baxter Street","212 226 8072",10013
"New York","Nicolas Lee","(212) 219-1204","PSAL - Pace H.S.",1,1,"Emergency Skills",NY,"100 Hester Street","(212) 219-1204",10002
"New York","Nicolas Lee","(212) 219-1204","main entrance",1,1,"Emergency Skills",NY,"100 Hester Street","(212) 219-1204",10002
"New York","Nicolas Lee","(212) 219-1204","Main Office -PACE Rm 248A",1,1,"Emergency Skills",NY,"100 Hester Street","(212) 219-1204",10002
"New York","Nicolas Lee","(212) 219-1204",PSAL,1,1,"Emergency Skills",NY,"100 Hester Street","(212) 219-1204",10002
"New York","LAURA COHEN",212-732-4392,"ENTRANCE NEAR SCHOOL SAFETY/MAIN OFFICE",1,7,"Emergency Skills",NY,"334 Greenwich Street","212 732 4392",10013
"New York","ELIZABETH CRUZ",212-744-6562,"Main entrance by school safety",1,8,"Emergency Skills",NY,"1458 York Avenue","212 744 6562",10021
"New York","ELIZABETH CRUZ",212-744-6562,"4th fl  o/s room 405",1,8,"Emergency Skills",NY,"1458 York Avenue","212 744 6562",10021
"New York","FRANK HUSAREK",212-535-8242,"third floor outside room 326",1,24,"Emergency Skills",NY,"220 East 76 Street","212 535 8242",10021
"New York","FRANK HUSAREK",212-535-8242,"1st Floor Lobby behind security",1,24,"Emergency Skills",NY,"220 East 76 Street","212 535 8242",10021
"New York"," ","212 734 7719","Main Entrance next to SS",1,15,"Emergency Skills",NY,"419 East 66 Street",212-734-7719,10021
"New York"," ","212 734 7719",Gym,1,15,"Emergency Skills",NY,"419 East 66 Street",212-734-7719,10021
"New York"," ","212 734 7719","Outside 505",1,15,"Emergency Skills",NY,"419 East 66 Street",212-734-7719,10021
"New York",,,"Main entrance by school safety",1,,"Emergency Skills",NY,"328 West 48 Street",212-247-8652,10036
"New York",,,"3rd floor office",1,,"Emergency Skills",NY,"328 West 48 Street",212-247-8652,10036
"Roosevelt Island","S. KAPLAN","212 980 0294","4th floor outside 405",1,12,"Emergency Skills",NY,"645 Main Street",212-980-0294,10044
"Roosevelt Island","S. KAPLAN","212 980 0294","NEAR FRONT ENTRANCE ON WALL BY SCHOOL SAFETY",1,12,"Emergency Skills",NY,"645 Main Street",212-980-0294,10044
"New York","NALO LEWIS",,"Ella Baker - Outside Room 236",1,19,"Emergency Skills",NY,"317 East 67 Street",212-717-8809,10021
"New York","KATHY SUSSELL","212 233 6034","Main Entrance/Front Door",1,5,"Emergency Skills",NY,"292 Greenwich Street","212 233 6034",10007
"New York","KATHY SUSSELL","212 233 6034","4th Floor Annex Stairwell",1,5,"Emergency Skills",NY,"292 Greenwich Street","212 233 6034",10007
"New York","Eric Capuano",917-497-4207,PSAL,1,11,"Emergency Skills",NY,"525 WEST 50 STREET","(212) 586-2943",10019
"New York","Eric Capuano",917-497-4207,PSAL,1,11,"Emergency Skills",NY,"525 WEST 50 STREET","(212) 586-2943",10019
"New York","Eric Capuano",917-497-4207,"Main Entrance by School safety",1,11,"Emergency Skills",NY,"525 WEST 50 STREET","(212) 586-2943",10019
"New York","Eric Capuano",917-497-4207,PSAL,1,11,"Emergency Skills",NY,"525 WEST 50 STREET","(212) 586-2943",10019
"New York","Eric Capuano",917-497-4207,"PSAL- ",1,11,"Emergency Skills",NY,"525 WEST 50 STREET","(212) 586-2943",10019
"New York","Eric Capuano",917-497-4207,"PSAL ",1,11,"Emergency Skills",NY,"525 WEST 50 STREET","(212) 586-2943",10019
"New York","Eric Capuano",917-497-4207,"PSAL ",1,11,"Emergency Skills",NY,"525 WEST 50 STREET","(212) 586-2943",10019
"New York","Eric Capuano",917-497-4207,PSAL-,1,11,"Emergency Skills",NY,"525 WEST 50 STREET","(212) 586-2943",10019
"New York","Eric Capuano",917-497-4207,"3rd Floor Main Office",1,11,"Emergency Skills",NY,"525 WEST 50 STREET","(212) 586-2943",10019
"New York","Eric Capuano",917-497-4207,"PSAL ",1,11,"Emergency Skills",NY,"525 WEST 50 STREET","(212) 586-2943",10019
"New York","Eric Capuano",917-497-4207,"1st Floor Security",1,11,"Emergency Skills",NY,"525 WEST 50 STREET","(212) 586-2943",10019
"New York","Eric Capuano",917-497-4207,PSAL,1,11,"Emergency Skills",NY,"525 WEST 50 STREET","(212) 586-2943",10019
"New York","Eric Capuano",917-497-4207,"Main Entrance",1,11,"Emergency Skills",NY,"525 WEST 50 STREET","(212) 586-2943",10019
"New York","Eric Capuano",917-497-4207,PSAL,1,11,"Emergency Skills",NY,"525 WEST 50 STREET","(212) 586-2943",10019
"New York","Eric Capuano",917-497-4207,"4th Floor",1,11,"Emergency Skills",NY,"525 WEST 50 STREET","(212) 586-2943",10019
"New York","Eric Capuano",917-497-4207,,1,11,"Emergency Skills",NY,"525 WEST 50 STREET","(212) 586-2943",10019
"New York","Steven Jaffe",646-831-1988,"Main entrance by school safety",1,12,"Emergency Skills",NY,"311 East 82 Street",2127347127,10021
"New York","Steven Jaffe",646-831-1988,"3rd Floor",1,12,"Emergency Skills",NY,"311 East 82 Street",2127347127,10021
"New York","Steven Jaffe",646-831-1988,"5th Floor; Across from Rm 506",1,12,"Emergency Skills",NY,"311 East 82 Street",2127347127,10021
"New York","Ariel Garcia",212-475-7972,"5th Floor - Outside Rm 515",1,6,"Emergency Skills",NY,"345 East 15 Street","212-475-7972 x623",10003
"New York","Ariel Garcia",212-475-7972,"PSAL - Room 513A",1,6,"Emergency Skills",NY,"345 East 15 Street","212-475-7972 x623",10003
"New York","Ariel Garcia",212-475-7972,PSAL,1,6,"Emergency Skills",NY,"345 East 15 Street","212-475-7972 x623",10003
"New York","Josh Porzio",212-247-3651,PSAL,1,8,"Emergency Skills",NY,"220 West 58 Street",212-247-3651,10019
"New York","Josh Porzio",212-247-3651,"Main Lobby",1,8,"Emergency Skills",NY,"220 West 58 Street",212-247-3651,10019
"New York","Josh Porzio",212-247-3651,"Main Office Coalition",1,8,"Emergency Skills",NY,"220 West 58 Street",212-247-3651,10019
"New York","Howard Soskind",646-660-6426,"PSAL- ",1,18,"Emergency Skills",NY,"17 Lexington Avenue",646-660-6426,10010
"New York","Howard Soskind",646-660-6426,PSAL,1,18,"Emergency Skills",NY,"17 Lexington Avenue",646-660-6426,10010
"New York","Howard Soskind",646-660-6426,"PSAL- ",1,18,"Emergency Skills",NY,"17 Lexington Avenue",646-660-6426,10010
"New York","Howard Soskind",646-660-6426,"PSAL- ",1,18,"Emergency Skills",NY,"17 Lexington Avenue",646-660-6426,10010
"New York","Howard Soskind",646-660-6426,"Sixth floor rm 612",1,18,"Emergency Skills",NY,"17 Lexington Avenue",646-660-6426,10010
"New York","Howard Soskind",646-660-6426,"10th Floor next to cafeteria",1,18,"Emergency Skills",NY,"17 Lexington Avenue",646-660-6426,10010
"New York","Howard Soskind",646-660-6426,PSAL,1,18,"Emergency Skills",NY,"17 Lexington Avenue",646-660-6426,10010
"New York","Howard Soskind",646-660-6426,PSAL,1,18,"Emergency Skills",NY,"17 Lexington Avenue",646-660-6426,10010
"New York","UMIT KENIS A.D./Michele Cohen",,psal,1,9,"Emergency Skills",NY,"333 WEST 17TH STREET",212.691.6119,10011
"New York","UMIT KENIS A.D./Michele Cohen",,PSAL,1,9,"Emergency Skills",NY,"333 WEST 17TH STREET",212.691.6119,10011
"New York","UMIT KENIS A.D./Michele Cohen",,PSAL,1,9,"Emergency Skills",NY,"333 WEST 17TH STREET",212.691.6119,10011
"New York","UMIT KENIS A.D./Michele Cohen",,"PSAL - Boys Soccer",1,9,"Emergency Skills",NY,"333 WEST 17TH STREET",212.691.6119,10011
"New York","UMIT KENIS A.D./Michele Cohen",,"PSAL- ",1,9,"Emergency Skills",NY,"333 WEST 17TH STREET",212.691.6119,10011
"New York","UMIT KENIS A.D./Michele Cohen",,"PSAL ",1,9,"Emergency Skills",NY,"333 WEST 17TH STREET",212.691.6119,10011
"New York","UMIT KENIS A.D./Michele Cohen",,"PSAL- ",1,9,"Emergency Skills",NY,"333 WEST 17TH STREET",212.691.6119,10011
"New York","UMIT KENIS A.D./Michele Cohen",,"PSAL- ",1,9,"Emergency Skills",NY,"333 WEST 17TH STREET",212.691.6119,10011
"New York","UMIT KENIS A.D./Michele Cohen",,"Main Entrance",1,9,"Emergency Skills",NY,"333 WEST 17TH STREET",212.691.6119,10011
"New York","UMIT KENIS A.D./Michele Cohen",,"Outside Rm 334",1,9,"Emergency Skills",NY,"333 WEST 17TH STREET",212.691.6119,10011
"New York","Mike Wexler",516-647-3651,"Main Entrance",1,14,"Emergency Skills",NY,"127 East 22 Street",212-975-8086,10010
"New York","Mike Wexler",516-647-3651,"fourth floor",1,14,"Emergency Skills",NY,"127 East 22 Street",212-975-8086,10010
"New York","Mike Wexler",516-647-3651,PSAL,1,14,"Emergency Skills",NY,"127 East 22 Street",212-975-8086,10010
"New York","Mike Wexler",516-647-3651,PSAL,1,14,"Emergency Skills",NY,"127 East 22 Street",212-975-8086,10010
"New York","Mike Wexler",516-647-3651,"PSAL- ",1,14,"Emergency Skills",NY,"127 East 22 Street",212-975-8086,10010
"New York","Mike Wexler",516-647-3651,"8th floor by elevator",1,14,"Emergency Skills",NY,"127 East 22 Street",212-975-8086,10010
"New York","Mike Wexler",516-647-3651,PSAL,1,14,"Emergency Skills",NY,"127 East 22 Street",212-975-8086,10010
"New York","Mike Wexler",516-647-3651,PSAL,1,14,"Emergency Skills",NY,"127 East 22 Street",212-975-8086,10010
"New York","Mike Wexler",516-647-3651,PSAL,1,14,"Emergency Skills",NY,"127 East 22 Street",212-975-8086,10010
"New York","Mike Wexler",516-647-3651,PSAL,1,14,"Emergency Skills",NY,"127 East 22 Street",212-975-8086,10010
"New York","Jessica Bernstein",212-772-1220,PSAL,1,10,"Emergency Skills",NY,"411 East 76 Street",212-772-1220,10021
"New York","Jessica Bernstein",212-772-1220,"Front Lobby",1,10,"Emergency Skills",NY,"411 East 76 Street",212-772-1220,10021
"New York","Jessica Bernstein",212-772-1220," PSAL",1,10,"Emergency Skills",NY,"411 East 76 Street",212-772-1220,10021
"New York","Jessica Bernstein",212-772-1220,"PSAL -second floor near room 204",1,10,"Emergency Skills",NY,"411 East 76 Street",212-772-1220,10021
"New York","Jessica Bernstein",212-772-1220,"Outside Room 204",1,10,"Emergency Skills",NY,"411 East 76 Street",212-772-1220,10021
"New York","Jessica Bernstein",212-772-1220,"PSAL ",1,10,"Emergency Skills",NY,"411 East 76 Street",212-772-1220,10021
"New York","Jessica Bernstein",212-772-1220,PSAL,1,10,"Emergency Skills",NY,"411 East 76 Street",212-772-1220,10021
"New York","Jessica Bernstein",212-772-1220,PSAL,1,10,"Emergency Skills",NY,"411 East 76 Street",212-772-1220,10021
"New York","Colleen Callahan/Aaron Silverman",516-356-3406,"13th FLOOR",1,20,"Emergency Skills",NY,"75 Broad Street",212-825-9008,10004
"New York","Colleen Callahan/Aaron Silverman",516-356-3406,psal,1,20,"Emergency Skills",NY,"75 Broad Street",212-825-9008,10004
"New York","Colleen Callahan/Aaron Silverman",516-356-3406,PSAL,1,20,"Emergency Skills",NY,"75 Broad Street",212-825-9008,10004
"New York","Colleen Callahan/Aaron Silverman",516-356-3406,PSAL,1,20,"Emergency Skills",NY,"75 Broad Street",212-825-9008,10004
"New York","Colleen Callahan/Aaron Silverman",516-356-3406,"1st Floor by School Safety",1,20,"Emergency Skills",NY,"75 Broad Street",212-825-9008,10004
"New York","Colleen Callahan/Aaron Silverman",516-356-3406,PSAL,1,20,"Emergency Skills",NY,"75 Broad Street",212-825-9008,10004
"New York","Erik Shold",212-247-3414,"Main Office",1,18,"Emergency Skills",NY,"220 West 58 Street",212-247-3414,10019
"New York","Erik Shold",212-247-3414,PSAL,1,18,"Emergency Skills",NY,"220 West 58 Street",212-247-3414,10019
"New York","Erik Shold",212-247-3414,"Landmark Main Office",1,18,"Emergency Skills",NY,"220 West 58 Street",212-247-3414,10019
"New York","Aaron Hoffman ",212-780-9175,"5TH FLOOR",1,49,"Emergency Skills",NY,"345 East 15 Street",212-780-9175,10003
"New York","Aaron Hoffman ",212-780-9175,"First floor next to security (LOBBY)",1,49,"Emergency Skills",NY,"345 East 15 Street",212-780-9175,10003
"New York","Aaron Hoffman ",212-780-9175,"3rd Floor Center Hallway (315A)",1,49,"Emergency Skills",NY,"345 East 15 Street",212-780-9175,10003
"New York","Aaron Hoffman ",212-780-9175,PSAL,1,49,"Emergency Skills",NY,"345 East 15 Street",212-780-9175,10003
"New York","Aaron Hoffman ",212-780-9175,PSAL,1,49,"Emergency Skills",NY,"345 East 15 Street",212-780-9175,10003
"New York","Aaron Hoffman ",212-780-9175,PSAL,1,49,"Emergency Skills",NY,"345 East 15 Street",212-780-9175,10003
"New York","Aaron Hoffman ",212-780-9175,PSAL,1,49,"Emergency Skills",NY,"345 East 15 Street",212-780-9175,10003
"New York","Aaron Hoffman ",212-780-9175,"second floor  Mr. Liebowitz",1,49,"Emergency Skills",NY,"345 East 15 Street",212-780-9175,10003
"New York","Aaron Hoffman ",212-780-9175,PSAL,1,49,"Emergency Skills",NY,"345 East 15 Street",212-780-9175,10003
"New York","Aaron Hoffman ",212-780-9175,PSAL,1,49,"Emergency Skills",NY,"345 East 15 Street",212-780-9175,10003
"New York","Aaron Hoffman ",212-780-9175,"PSAL ",1,49,"Emergency Skills",NY,"345 East 15 Street",212-780-9175,10003
"New York","Aaron Hoffman ",212-780-9175,PSAL,1,49,"Emergency Skills",NY,"345 East 15 Street",212-780-9175,10003
"New York","Manny Urena","212 945 6807","14TH FLOOR KITCHEN",1,15,"Emergency Skills",NY,"90 Trinity Place",212-346-0007,10006
"New York","Manny Urena","212 945 6807","MAIN ENTRANCE 1ST FLOOR",1,15,"Emergency Skills",NY,"90 Trinity Place",212-346-0007,10006
"New York","Manny Urena","212 945 6807","4TH FLOOR NEXT TO STAIRCASE",1,15,"Emergency Skills",NY,"90 Trinity Place",212-346-0007,10006
"New York","Manny Urena","212 945 6807","9TH FLOOR NEXT TO STAIRCASE",1,15,"Emergency Skills",NY,"90 Trinity Place",212-346-0007,10006
"New York","Manny Urena","212 945 6807",Basement,1,15,"Emergency Skills",NY,"90 Trinity Place",212-346-0007,10006
"New York","Manny Urena","212 945 6807",PSAL,1,15,"Emergency Skills",NY,"90 Trinity Place",212-346-0007,10006
"New York","Manny Urena","212 945 6807","12th Floor",1,15,"Emergency Skills",NY,"90 Trinity Place",212-346-0007,10006
"New York","Manny Urena","212 945 6807",PSAL,1,15,"Emergency Skills",NY,"90 Trinity Place",212-346-0007,10006
"New York","Manny Urena","212 945 6807","7TH FLOOR GENERAL OFFICE",1,15,"Emergency Skills",NY,"90 Trinity Place",212-346-0007,10006
"New York","Manny Urena","212 945 6807",PSAL,1,15,"Emergency Skills",NY,"90 Trinity Place",212-346-0007,10006
"New York","Manny Urena","212 945 6807",PSAL,1,15,"Emergency Skills",NY,"90 Trinity Place",212-346-0007,10006
"New York","DAVID TORRES",212-645-1980,"34 West 14th St. 4th Floor",1,8,"Emergency Skills",NY,"34 WEST 14 STREET",212-645-1980,10011
"New York","Sidney McAdams/Arlene Cronin",212-242-8752,"2nd Floor near office",1,5,"Emergency Skills",NY,"43 West 22 Street",212-242-8752,10010
"New York","Sidney McAdams/Arlene Cronin",212-242-8752,PSAL,1,5,"Emergency Skills",NY,"43 West 22 Street",212-242-8752,10010
"New York","Sidney McAdams/Arlene Cronin",212-242-8752,PSAL,1,5,"Emergency Skills",NY,"43 West 22 Street",212-242-8752,10010
"New York","Sidney McAdams/Arlene Cronin",212-242-8752,PSAL,1,5,"Emergency Skills",NY,"43 West 22 Street",212-242-8752,10010
"New York","Sherri Montgomery",212-254-1803,"7th floor by school safety",1,3,"Emergency Skills",NY,"890 Broadway,7th Floor",212-254-1803,10003
"New York",,,"Principals Office Vanguard RM 300",1,5,"Emergency Skills",NY,"317 East 67 Street",212-517-5175,10021
"New York","Jorge Cruz","212 674-5000",PSAL,1,33,"Emergency Skills",NY,"40 Irving Place","212 674-3000 ext. 314",10003
"New York","Jorge Cruz","212 674-5000",PSAL,1,33,"Emergency Skills",NY,"40 Irving Place","212 674-3000 ext. 314",10003
"New York","Jorge Cruz","212 674-5000","First Floor Lobby",1,33,"Emergency Skills",NY,"40 Irving Place","212 674-3000 ext. 314",10003
"New York","Jorge Cruz","212 674-5000",PSAL,1,33,"Emergency Skills",NY,"40 Irving Place","212 674-3000 ext. 314",10003
"New York","Jorge Cruz","212 674-5000",PSAL,1,33,"Emergency Skills",NY,"40 Irving Place","212 674-3000 ext. 314",10003
"New York","Jorge Cruz","212 674-5000",PSAL,1,33,"Emergency Skills",NY,"40 Irving Place","212 674-3000 ext. 314",10003
"New York","Jorge Cruz","212 674-5000",PSAL,1,33,"Emergency Skills",NY,"40 Irving Place","212 674-3000 ext. 314",10003
"New York","Jorge Cruz","212 674-5000","1st Floor Lobby",1,33,"Emergency Skills",NY,"40 Irving Place","212 674-3000 ext. 314",10003
"New York","Jorge Cruz","212 674-5000","4TH FLOOR OUTSIDE Room 420",1,33,"Emergency Skills",NY,"40 Irving Place","212 674-3000 ext. 314",10003
"New York","Jorge Cruz","212 674-5000","10TH FLOOR GYM",1,33,"Emergency Skills",NY,"40 Irving Place","212 674-3000 ext. 314",10003
"New York","Jorge Cruz","212 674-5000","8TH FLOOR  Near room 805E",1,33,"Emergency Skills",NY,"40 Irving Place","212 674-3000 ext. 314",10003
"New York","Jorge Cruz","212 674-5000","BASEMENT - B52 GYM",1,33,"Emergency Skills",NY,"40 Irving Place","212 674-3000 ext. 314",10003
"New York","Jorge Cruz","212 674-5000",PSAL,1,33,"Emergency Skills",NY,"40 Irving Place","212 674-3000 ext. 314",10003
"New York","Jorge Cruz","212 674-5000","6TH Floor near room 620",1,33,"Emergency Skills",NY,"40 Irving Place","212 674-3000 ext. 314",10003
"NEW YORK","Heather Page",212-346-0708,PSAL,1,22,"Emergency Skills",NY,"100 TRINITY PL",212-346-0708,10006
"NEW YORK","Heather Page",212-346-0708,"7th flr. Inside Deans office",1,22,"Emergency Skills",NY,"100 TRINITY PL",212-346-0708,10006
"NEW YORK","Heather Page",212-346-0708,PSAL,1,22,"Emergency Skills",NY,"100 TRINITY PL",212-346-0708,10006
"NEW YORK","Heather Page",212-346-0708,"Main Entrance",1,22,"Emergency Skills",NY,"100 TRINITY PL",212-346-0708,10006
"NEW YORK","Heather Page",212-346-0708,PSAL,1,22,"Emergency Skills",NY,"100 TRINITY PL",212-346-0708,10006
"NEW YORK","Heather Page",212-346-0708,"10th Floor",1,22,"Emergency Skills",NY,"100 TRINITY PL",212-346-0708,10006
"NEW YORK","Heather Page",212-346-0708,PSAL,1,22,"Emergency Skills",NY,"100 TRINITY PL",212-346-0708,10006
"New York","Ira Simmonds, Asst. Principal",212-343-8038,"Main Entrance by School Safety",1,9,"Emergency Skills",NY,"121 Avenue Of The Americas",212-343-8038,10013
"New York",,,"East 68th St. Entrance",1,,"Emergency Skills",NY,"317 EAST 67 STREET",212-737-1530,10021
"New York",,,"Rm 540",1,,"Emergency Skills",NY,"317 EAST 67 STREET",212-737-1530,10021
"New York",,,"Room 642",1,,"Emergency Skills",NY,"317 EAST 67 STREET",212-737-1530,10021
NY,"BETSY ESCOBAR",212-964-9610-556,PSAL,1,56,"Emergency Skills",NY,"411 Pearl Street","212-964-9610 -556",10038
NY,"BETSY ESCOBAR",212-964-9610-556,"PSAL- ",1,56,"Emergency Skills",NY,"411 Pearl Street","212-964-9610 -556",10038
NY,"BETSY ESCOBAR",212-964-9610-556,PSAL,1,56,"Emergency Skills",NY,"411 Pearl Street","212-964-9610 -556",10038
NY,"BETSY ESCOBAR",212-964-9610-556,"PSAL ",1,56,"Emergency Skills",NY,"411 Pearl Street","212-964-9610 -556",10038
NY,"BETSY ESCOBAR",212-964-9610-556,"5TH FLOOR BY ELEVATOR",1,56,"Emergency Skills",NY,"411 Pearl Street","212-964-9610 -556",10038
NY,"BETSY ESCOBAR",212-964-9610-556,"3rd Floor - Rm 336C",1,56,"Emergency Skills",NY,"411 Pearl Street","212-964-9610 -556",10038
NY,"BETSY ESCOBAR",212-964-9610-556,PSAL,1,56,"Emergency Skills",NY,"411 Pearl Street","212-964-9610 -556",10038
NY,"BETSY ESCOBAR",212-964-9610-556,"PSAL Rm 556",1,56,"Emergency Skills",NY,"411 Pearl Street","212-964-9610 -556",10038
NY,"BETSY ESCOBAR",212-964-9610-556,"PSAL ",1,56,"Emergency Skills",NY,"411 Pearl Street","212-964-9610 -556",10038
NY,"BETSY ESCOBAR",212-964-9610-556,PSAL,1,56,"Emergency Skills",NY,"411 Pearl Street","212-964-9610 -556",10038
NY,"BETSY ESCOBAR",212-964-9610-556,psal,1,56,"Emergency Skills",NY,"411 Pearl Street","212-964-9610 -556",10038
NY,"BETSY ESCOBAR",212-964-9610-556,PSAL,1,56,"Emergency Skills",NY,"411 Pearl Street","212-964-9610 -556",10038
NY,"BETSY ESCOBAR",212-964-9610-556,PSAL,1,56,"Emergency Skills",NY,"411 Pearl Street","212-964-9610 -556",10038
NY,"BETSY ESCOBAR",212-964-9610-556,"PSAL- ",1,56,"Emergency Skills",NY,"411 Pearl Street","212-964-9610 -556",10038
NY,"BETSY ESCOBAR",212-964-9610-556,"1st Floor Security",1,56,"Emergency Skills",NY,"411 Pearl Street","212-964-9610 -556",10038
"New York","Neil Eidelberg","(212) 391-0041 2122","Library - Behind Library Checkout desk.  Rm 504",1,16,"Emergency Skills",NY,"120 West 46 Street","212 391 0041",10036
"New York","Neil Eidelberg","(212) 391-0041 2122","Front Lobby",1,16,"Emergency Skills",NY,"120 West 46 Street","212 391 0041",10036
"New York","Neil Eidelberg","(212) 391-0041 2122","2nd Floor Rm 208A",1,16,"Emergency Skills",NY,"120 West 46 Street","212 391 0041",10036
"New York","Neil Eidelberg","(212) 391-0041 2122","Room 404A",1,16,"Emergency Skills",NY,"120 West 46 Street","212 391 0041",10036
"New York","Neil Eidelberg","(212) 391-0041 2122","Room 305 - Science Prep Rm",1,16,"Emergency Skills",NY,"120 West 46 Street","212 391 0041",10036
"New York","Neil Eidelberg","(212) 391-0041 2122",,1,16,"Emergency Skills",NY,"120 West 46 Street","212 391 0041",10036
"New York","MARIE POLINSKY","212 382 1875","Main Entrance by SS - 1st Floor",1,,"Emergency Skills",NY,"123 West 43 Street",212-832-1875,10036
"New York","MARIE POLINSKY","212 382 1875",,1,,"Emergency Skills",NY,"123 West 43 Street",212-832-1875,10036
"New York","NALO LEWIS",212-570-5284,PSAL,1,12,"Emergency Skills",NY,"317 East 67 Street",212-570-5284,10021
"New York","NALO LEWIS",212-570-5284,PSAL,1,12,"Emergency Skills",NY,"317 East 67 Street",212-570-5284,10021
"New York","NALO LEWIS",212-570-5284,"Room 400",1,12,"Emergency Skills",NY,"317 East 67 Street",212-570-5284,10021
"New York","NALO LEWIS",212-570-5284,"Coaches Desk",1,12,"Emergency Skills",NY,"317 East 67 Street",212-570-5284,10021
"New York","James Reed",646-423-6675,"Front Entrance by School Safety - 1st Floor",1,10,"Emergency Skills",NY,"240 Second Avenue","212 353 2010",10003
"New York","James Reed",646-423-6675,"In front of room 302, 3rd Floor",1,10,"Emergency Skills",NY,"240 Second Avenue","212 353 2010",10003
"New York","Fabian Garcia",212-722-5269,"Third Floor near room 300A",1,13,"Emergency Skills",NY,"421 East 88 Street","212 722 5269",10128
"New York","Fabian Garcia",212-722-5269,"Main entrance by school sfety",1,13,"Emergency Skills",NY,"421 East 88 Street","212 722 5269",10128
"New York","Fabian Garcia",212-722-5269,PSAL,1,13,"Emergency Skills",NY,"421 East 88 Street","212 722 5269",10128
"New York","Fabian Garcia",212-722-5269,PSAL,1,13,"Emergency Skills",NY,"421 East 88 Street","212 722 5269",10128
"New York","Fabian Garcia",212-722-5269,PSAL,1,13,"Emergency Skills",NY,"421 East 88 Street","212 722 5269",10128
"New York","Mark Jabir","(212) 674-2400","3RD FLOOR BY RECEPTION",1,12,"Emergency Skills",NY,"2-10 ASTOR PLACE","(212) 674-2400",10003
"NEW YORK","GIOVANNI RASCHILLA",212-255-1235," ",1,20,"Emergency Skills",NY,"225 W 24TH ST",212-255-1235-2015,10011
"NEW YORK","GIOVANNI RASCHILLA",212-255-1235,PSAL,1,20,"Emergency Skills",NY,"225 W 24TH ST",212-255-1235-2015,10011
"NEW YORK","GIOVANNI RASCHILLA",212-255-1235,"2ND FLOOR OUTSIDE 201",1,20,"Emergency Skills",NY,"225 W 24TH ST",212-255-1235-2015,10011
"NEW YORK","GIOVANNI RASCHILLA",212-255-1235,"PSAL- ",1,20,"Emergency Skills",NY,"225 W 24TH ST",212-255-1235-2015,10011
"NEW YORK","GIOVANNI RASCHILLA",212-255-1235,"Third Floor-Rm. 343",1,20,"Emergency Skills",NY,"225 W 24TH ST",212-255-1235-2015,10011
"NEW YORK","GIOVANNI RASCHILLA",212-255-1235,PSAL,1,20,"Emergency Skills",NY,"225 W 24TH ST",212-255-1235-2015,10011
"NEW YORK","GIOVANNI RASCHILLA",212-255-1235,"Eighth Floor  near 819",1,20,"Emergency Skills",NY,"225 W 24TH ST",212-255-1235-2015,10011
"NEW YORK","GIOVANNI RASCHILLA",212-255-1235,"PSAL- ",1,20,"Emergency Skills",NY,"225 W 24TH ST",212-255-1235-2015,10011
"NEW YORK","GIOVANNI RASCHILLA",212-255-1235,"PSAL- ",1,20,"Emergency Skills",NY,"225 W 24TH ST",212-255-1235-2015,10011
"NEW YORK","GIOVANNI RASCHILLA",212-255-1235,"PSAL - 3",1,20,"Emergency Skills",NY,"225 W 24TH ST",212-255-1235-2015,10011
"NEW YORK","GIOVANNI RASCHILLA",212-255-1235,"sixth floor near room 619",1,20,"Emergency Skills",NY,"225 W 24TH ST",212-255-1235-2015,10011
"NEW YORK","GIOVANNI RASCHILLA",212-255-1235,"1st Floor Main Lobby",1,20,"Emergency Skills",NY,"225 W 24TH ST",212-255-1235-2015,10011
"NEW YORK","GIOVANNI RASCHILLA",212-255-1235,"10th Floor, Room 1006",1,20,"Emergency Skills",NY,"225 W 24TH ST",212-255-1235-2015,10011
"New York","Philip Sylvester",212-929-4433,"w/ office -TBD",1,1,"Emergency Skills",NY,"351 West 18 Street","212-929-4433 x113",10011
"New York","Philip Sylvester",212-929-4433,"Main Entrance",1,1,"Emergency Skills",NY,"351 West 18 Street","212-929-4433 x113",10011
"New York","Philip Sylvester",212-929-4433,"PSAL Soccer",1,1,"Emergency Skills",NY,"351 West 18 Street","212-929-4433 x113",10011
"New York","Philip Sylvester",212-929-4433,"Room 100",1,1,"Emergency Skills",NY,"351 West 18 Street","212-929-4433 x113",10011
"New York","Philip Sylvester",212-929-4433,"PSAL- ",1,1,"Emergency Skills",NY,"351 West 18 Street","212-929-4433 x113",10011
"New York","Philip Sylvester",212-929-4433,"PSAL ",1,1,"Emergency Skills",NY,"351 West 18 Street","212-929-4433 x113",10011
"New York","Philip Sylvester",212-929-4433,"PSAL ",1,1,"Emergency Skills",NY,"351 West 18 Street","212-929-4433 x113",10011
"New York","Philip Sylvester",212-929-4433,"PSAL-Girls Basketball",1,1,"Emergency Skills",NY,"351 West 18 Street","212-929-4433 x113",10011
"New York","Philip Sylvester",212-929-4433,"PSAL - Baseball",1,1,"Emergency Skills",NY,"351 West 18 Street","212-929-4433 x113",10011
"New York","Philip Sylvester",212-929-4433,"6th floor near cafe",1,1,"Emergency Skills",NY,"351 West 18 Street","212-929-4433 x113",10011
"New York","Philip Sylvester",212-929-4433,PSAL-Baseball,1,1,"Emergency Skills",NY,"351 West 18 Street","212-929-4433 x113",10011
"New York","Philip Sylvester",212-929-4433,"PSAL- ",1,1,"Emergency Skills",NY,"351 West 18 Street","212-929-4433 x113",10011
"New York","Philip Sylvester",212-929-4433,"3rd Floor outside room 302",1,1,"Emergency Skills",NY,"351 West 18 Street","212-929-4433 x113",10011
"New York","Philip Sylvester",212-929-4433,"7th floor playground 19th str side",1,1,"Emergency Skills",NY,"351 West 18 Street","212-929-4433 x113",10011
"New York","Philip Sylvester",212-929-4433,PSAL-Bowling,1,1,"Emergency Skills",NY,"351 West 18 Street","212-929-4433 x113",10011
"New York","Philip Sylvester",212-929-4433,PSAL-Volleyball,1,1,"Emergency Skills",NY,"351 West 18 Street","212-929-4433 x113",10011
"New York","Philip Sylvester",212-929-4433,"PSAL-Boys Basketball",1,1,"Emergency Skills",NY,"351 West 18 Street","212-929-4433 x113",10011
"NEW YORK","RICHARD CHIN","212 925 1080",PSAL,1,12,"Emergency Skills",NY,"131 AVENUE OF THE AMERICAS","212-925-1080 x7021",10013
"NEW YORK","RICHARD CHIN","212 925 1080",PSAL,1,12,"Emergency Skills",NY,"131 AVENUE OF THE AMERICAS","212-925-1080 x7021",10013
"NEW YORK","RICHARD CHIN","212 925 1080","Near Front Entrance - Outside Rm 100 Medical",1,12,"Emergency Skills",NY,"131 AVENUE OF THE AMERICAS","212-925-1080 x7021",10013
"NEW YORK","RICHARD CHIN","212 925 1080",PSAL,1,12,"Emergency Skills",NY,"131 AVENUE OF THE AMERICAS","212-925-1080 x7021",10013
"NEW YORK","RICHARD CHIN","212 925 1080",PSAL,1,12,"Emergency Skills",NY,"131 AVENUE OF THE AMERICAS","212-925-1080 x7021",10013
"NEW YORK","RICHARD CHIN","212 925 1080","4th Floor near room 410A",1,12,"Emergency Skills",NY,"131 AVENUE OF THE AMERICAS","212-925-1080 x7021",10013
"NEW YORK","RICHARD CHIN","212 925 1080",PSAL,1,12,"Emergency Skills",NY,"131 AVENUE OF THE AMERICAS","212-925-1080 x7021",10013
"NEW YORK","RICHARD CHIN","212 925 1080",PSAL,1,12,"Emergency Skills",NY,"131 AVENUE OF THE AMERICAS","212-925-1080 x7021",10013
"New York","Louis Matta",212-576-0500,PSAL,1,29,"Emergency Skills",NY,"111 East 33 Street",212-576-0500,10016
"New York","Louis Matta",212-576-0500,PSAL,1,29,"Emergency Skills",NY,"111 East 33 Street",212-576-0500,10016
"New York","Louis Matta",212-576-0500,PSAL,1,29,"Emergency Skills",NY,"111 East 33 Street",212-576-0500,10016
"New York","Louis Matta",212-576-0500,PSAL,1,29,"Emergency Skills",NY,"111 East 33 Street",212-576-0500,10016
"New York","Louis Matta",212-576-0500,PSAL,1,29,"Emergency Skills",NY,"111 East 33 Street",212-576-0500,10016
"New York","Louis Matta",212-576-0500,"MAIN ENTRANCE BY SCHOOL SAFETY",1,29,"Emergency Skills",NY,"111 East 33 Street",212-576-0500,10016
"New York","Louis Matta",212-576-0500,"Inside Room 737",1,29,"Emergency Skills",NY,"111 East 33 Street",212-576-0500,10016
"New York","Louis Matta",212-576-0500,PSAL,1,29,"Emergency Skills",NY,"111 East 33 Street",212-576-0500,10016
"New York","Louis Matta",212-576-0500,"Inside Room 324",1,29,"Emergency Skills",NY,"111 East 33 Street",212-576-0500,10016
"New York","Louis Matta",212-576-0500,"PSAL ",1,29,"Emergency Skills",NY,"111 East 33 Street",212-576-0500,10016
"New York","Louis Matta",212-576-0500,"Inside Room 635",1,29,"Emergency Skills",NY,"111 East 33 Street",212-576-0500,10016
"New York","Louis Matta",212-576-0500,"Rm 921",1,29,"Emergency Skills",NY,"111 East 33 Street",212-576-0500,10016
"New York","Louis Matta",212-576-0500,PSAL,1,29,"Emergency Skills",NY,"111 East 33 Street",212-576-0500,10016
"New York","Louis Matta",212-576-0500,PSAL,1,29,"Emergency Skills",NY,"111 East 33 Street",212-576-0500,10016
"New York","Lantigua Sime - Athletic Director","212 245 5925","Room 259",1,35,"Emergency Skills",NY,"439 West 49 Street",347-453-6016,10019
"New York","Lantigua Sime - Athletic Director","212 245 5925","PSAL 301C",1,35,"Emergency Skills",NY,"439 West 49 Street",347-453-6016,10019
"New York","Lantigua Sime - Athletic Director","212 245 5925",GYM,1,35,"Emergency Skills",NY,"439 West 49 Street",347-453-6016,10019
"New York","Lantigua Sime - Athletic Director","212 245 5925","Main Entrance by School Safety",1,35,"Emergency Skills",NY,"439 West 49 Street",347-453-6016,10019
"New York","Lantigua Sime - Athletic Director","212 245 5925","6th Floor - Rm 634",1,35,"Emergency Skills",NY,"439 West 49 Street",347-453-6016,10019
"New York","Lantigua Sime - Athletic Director","212 245 5925","PSAL ",1,35,"Emergency Skills",NY,"439 West 49 Street",347-453-6016,10019
"New York","Lantigua Sime - Athletic Director","212 245 5925","PSAL- ",1,35,"Emergency Skills",NY,"439 West 49 Street",347-453-6016,10019
"New York","Lantigua Sime - Athletic Director","212 245 5925","PSAL- ",1,35,"Emergency Skills",NY,"439 West 49 Street",347-453-6016,10019
"New York","Lantigua Sime - Athletic Director","212 245 5925","PSAL- ",1,35,"Emergency Skills",NY,"439 West 49 Street",347-453-6016,10019
"New York","Lantigua Sime - Athletic Director","212 245 5925","PSAL- ",1,35,"Emergency Skills",NY,"439 West 49 Street",347-453-6016,10019
"New York","Barangton McLalla",,PSAL,1,17,"Emergency Skills",NY,"1075 Second Avenue",212-752-4340,10022
"New York","Barangton McLalla",,unk,1,17,"Emergency Skills",NY,"1075 Second Avenue",212-752-4340,10022
"New York","Barangton McLalla",,PSAL,1,17,"Emergency Skills",NY,"1075 Second Avenue",212-752-4340,10022
"New York","Barangton McLalla",,"PSAL--OUT OF SERVICE",1,17,"Emergency Skills",NY,"1075 Second Avenue",212-752-4340,10022
"New York","Barangton McLalla",,PSAL,1,17,"Emergency Skills",NY,"1075 Second Avenue",212-752-4340,10022
"New York","Barangton McLalla",,PSAL,1,17,"Emergency Skills",NY,"1075 Second Avenue",212-752-4340,10022
"New York","Barangton McLalla",,"Main entrance by school safety",1,17,"Emergency Skills",NY,"1075 Second Avenue",212-752-4340,10022
"New York","Barangton McLalla",,"2nd floor principal",1,17,"Emergency Skills",NY,"1075 Second Avenue",212-752-4340,10022
"New York","Barangton McLalla",,"Nurse's Office",1,17,"Emergency Skills",NY,"1075 Second Avenue",212-752-4340,10022
"New York","Judy Frank",212-683-7440,"In Office",1,2,"Emergency Skills",NY,"55 E 25th Street",212-683-7440,10010
"New York","Robert Schliessman  ","212 595 7193","MAIN ENTRANCE - 1st Fl Security",1,6,"Emergency Skills",NY,"100 West 84 Street b/w Col. & Ams.","212 678 2812",10024
"New York","Carla Ling","917 441 1163"," ",1,3,"Emergency Skills",NY,"100 West 77 Street","917 441 1163",10024
"New York","Carla Ling","917 441 1163","Main Lobby Room 102",1,3,"Emergency Skills",NY,"100 West 77 Street","917 441 1163",10024
"New York","Carla Ling","917 441 1163",,1,3,"Emergency Skills",NY,"100 West 77 Street","917 441 1163",10024
"New York","Elena Elster",212-678-2861,"MAIN ENTRANCE",1,10,"Emergency Skills",NY,"103 West 107 Street",347-563-5156,10025
"New York","Ana Gomez","(212) 866-5400","MAIN ENTRANCE - School Safety",1,12,"Emergency Skills",NY,"735 West End Avenue",212-866-5400,10025
"New York","ROBIN SUNDICK","(718) 897-5250","1st Floor Security- Main Entrance",1,,"Emergency Skills",NY,"32 West 92 Street","212 721 8482",10025
"New York","Suzan Federici","212 678 2826","FRONT ENTRANCE BY SCHOOL SAFETY",1,5,"Emergency Skills",NY,"160 West 78 Street","212 678 2826",10024
"New York","LORRAINE UHLMANN","212 678 2857","Main Entrance -1st Floor",1,11,"Emergency Skills",NY,"150 West 105 Street",212-678-2857,10025
"New York","VIRGINIA PEPE","212 678 2854","1st Floor Security Desk",1,7,"Emergency Skills",NY,"163 West 97 Street",212-678-2854,10025
"New York","Pedro De La Cruz","212 678 2873","1st Floor Security Desk",1,14,"Emergency Skills",NY,"234 West 109 Street","212 678 2873",10025
"New York","Pedro De La Cruz","212 678 2873","Fourth floor near room 400",1,14,"Emergency Skills",NY,"234 West 109 Street","212 678 2873",10025
"New York","Alex Rodriguez","212 678 2829","MAIN  ENTRANCE",1,10,"Emergency Skills",NY,"132 West 89 Street","212-678-2829, x745",10024
"New York","Alex Rodriguez","212 678 2829","First Floor Security",1,10,"Emergency Skills",NY,"132 West 89 Street","212-678-2829, x745",10024
"New York","Alex Rodriguez","212 678 2829","Inside Rm. 502-Gym",1,10,"Emergency Skills",NY,"132 West 89 Street","212-678-2829, x745",10024
"New York","Peter McFarlene",212-665-4742,"MAIN ENTRANCE",1,16,"Emergency Skills",NY,"370 West 120 Street",212-678-2849,10027
"New York","NORMA GENAO","212 534 7490","Third Floor Rm 367",1,6,"Emergency Skills",NY,"20 West 112 Street",212-534-7490,10026
"New York","NORMA GENAO","212 534 7490","MAIN ENTRANCE - 1st Floor Security",1,6,"Emergency Skills",NY,"20 West 112 Street",212-534-7490,10026
"New York","Sandra Perez",212-757-4343,"Front Desk",1,11,"Emergency Skills",NY,"210 West 61 Street",212-757-4343,10023
"New York","Sandra Perez",212-757-4343,,1,11,"Emergency Skills",NY,"210 West 61 Street",212-757-4343,10023
"New York","KATY ROSEN","212 678 2833","1st Floor Security",1,13,"Emergency Skills",NY,"270 West 70 Street ",212-799-1033,10023
"New York","JAQUELINE COLON",212-534-9580,"Main Entrance",1,1,"Emergency Skills",NY,"21 West 111 Street",212-534-9580,10026
"New York","JAQUELINE COLON",212-534-9580,"Main Office First Floor",1,1,"Emergency Skills",NY,"21 West 111 Street",212-534-9580,10026
"New York","Eve Navarro","212-678 2898","Main Entrance 1st Floor",1,1,"Emergency Skills",NY,"240 West 113 Street","212-678 2898",10026
"New York","Eve Navarro","212-678 2898","Outside 3 Floor Gym",1,1,"Emergency Skills",NY,"240 West 113 Street","212-678 2898",10026
"NEW YORK","Denise Gomez","212 678 2908","MAIN ENTRANCE",1,1,"Emergency Skills",NY,"134 West 122 Street",212-678-2908,10027
"New York","BLANCA ORTIZ",212-799-2534,"3rd Floor Rm 319",1,2,"Emergency Skills",NY,"32 West 92 Street",212-799-2653,10025
"New York","Emily Dickenson",718-866-5400,,1,2,"Emergency Skills",NY,"735 West End Avenue",212-866-6313,10025
"New York","Starrlynn Fikaris",212-222-2815,"Security Desk - 1st Floor - Main Entrance",1,4,"Emergency Skills",NY,"154 West 93 Street",212-222-2857,10025
"NEW YORK","Stephen Noonan",212-799-4064,"Room 367",1,7,"Emergency Skills",NY,"122 AMSTERDAM AVE",212-799-4064,10023
"New York","Susan Rappaport","(212) 678-5831","5th Floor",1,9,"Emergency Skills",NY,"154 West 93 Street, 3rd Floor",212-222-1450,10025
"New York","Susan Rappaport","(212) 678-5831","3rd Floor",1,9,"Emergency Skills",NY,"154 West 93 Street, 3rd Floor",212-222-1450,10025
"New York","Michael Crump","212 749 5800","Outside Room 515",1,7,"Emergency Skills",NY,"215 West 114 Street","212 749 5800",10026
"New York","Michael Crump","212 749 5800","Main Entrance",1,7,"Emergency Skills",NY,"215 West 114 Street","212 749 5800",10026
"New York","Michael Crump","212 749 5800",PSAL,1,7,"Emergency Skills",NY,"215 West 114 Street","212 749 5800",10026
"New York","Michael Crump","212 749 5800","OUTSIDE APS OFFICE RM 304",1,7,"Emergency Skills",NY,"215 West 114 Street","212 749 5800",10026
"New York","Michael Crump","212 749 5800",PSAL,1,7,"Emergency Skills",NY,"215 West 114 Street","212 749 5800",10026
"New York","Michael Crump","212 749 5800",PSAL,1,7,"Emergency Skills",NY,"215 West 114 Street","212 749 5800",10026
"New York","Michael Crump","212 749 5800",PSAL,1,7,"Emergency Skills",NY,"215 West 114 Street","212 749 5800",10026
"New York","Michael Crump","212 749 5800","Outside Rm. 304",1,7,"Emergency Skills",NY,"215 West 114 Street","212 749 5800",10026
"New York","Michael Crump","212 749 5800",PSAL,1,7,"Emergency Skills",NY,"215 West 114 Street","212 749 5800",10026
"New York","JOHN SARCI","212 245 2807  209",PSAL,1,28,"Emergency Skills",NY,"227 West 61 Street","212 245 2807",10023
"New York","JOHN SARCI","212 245 2807  209","Main Entrance  by SS",1,28,"Emergency Skills",NY,"227 West 61 Street","212 245 2807",10023
"New York","JOHN SARCI","212 245 2807  209",PSAL,1,28,"Emergency Skills",NY,"227 West 61 Street","212 245 2807",10023
"New York","JOHN SARCI","212 245 2807  209",PSAL,1,28,"Emergency Skills",NY,"227 West 61 Street","212 245 2807",10023
"New York","JOHN SARCI","212 245 2807  209","PSAL ",1,28,"Emergency Skills",NY,"227 West 61 Street","212 245 2807",10023
"New York","JOHN SARCI","212 245 2807  209","PSAL ",1,28,"Emergency Skills",NY,"227 West 61 Street","212 245 2807",10023
"New York","JOHN SARCI","212 245 2807  209",PSAL,1,28,"Emergency Skills",NY,"227 West 61 Street","212 245 2807",10023
"New York","JOHN SARCI","212 245 2807  209","PSAL  ",1,28,"Emergency Skills",NY,"227 West 61 Street","212 245 2807",10023
"New York","JOHN SARCI","212 245 2807  209","PSAL - ",1,28,"Emergency Skills",NY,"227 West 61 Street","212 245 2807",10023
"New York","JOHN SARCI","212 245 2807  209","Main  entrance by school safety",1,28,"Emergency Skills",NY,"227 West 61 Street","212 245 2807",10023
"New York","JOHN SARCI","212 245 2807  209",,1,28,"Emergency Skills",NY,"227 West 61 Street","212 245 2807",10023
"New York","JOHN SARCI","212 245 2807  209","Main Entrance By School Safety",1,28,"Emergency Skills",NY,"227 West 61 Street","212 245 2807",10023
"New York","TOM FRANQUI","212 496 0700 2313","PSAL - Gym",1,51,"Emergency Skills",NY,"100 Amsterdam Avenue",212-496-0700,10023
"New York","TOM FRANQUI","212 496 0700 2313",PSAL,1,51,"Emergency Skills",NY,"100 Amsterdam Avenue",212-496-0700,10023
"New York","TOM FRANQUI","212 496 0700 2313","Near room 401",1,51,"Emergency Skills",NY,"100 Amsterdam Avenue",212-496-0700,10023
"New York","TOM FRANQUI","212 496 0700 2313","wall unit",1,51,"Emergency Skills",NY,"100 Amsterdam Avenue",212-496-0700,10023
"New York","TOM FRANQUI","212 496 0700 2313",PSAL,1,51,"Emergency Skills",NY,"100 Amsterdam Avenue",212-496-0700,10023
"New York","TOM FRANQUI","212 496 0700 2313","FRONT ENTRANCE BY SCHOOL SAFETY",1,51,"Emergency Skills",NY,"100 Amsterdam Avenue",212-496-0700,10023
"New York","TOM FRANQUI","212 496 0700 2313",PSAL,1,51,"Emergency Skills",NY,"100 Amsterdam Avenue",212-496-0700,10023
"New York","TOM FRANQUI","212 496 0700 2313",PSAL,1,51,"Emergency Skills",NY,"100 Amsterdam Avenue",212-496-0700,10023
"New York","TOM FRANQUI","212 496 0700 2313",PSAL,1,51,"Emergency Skills",NY,"100 Amsterdam Avenue",212-496-0700,10023
"New York","TOM FRANQUI","212 496 0700 2313",PSAL,1,51,"Emergency Skills",NY,"100 Amsterdam Avenue",212-496-0700,10023
"New York","TOM FRANQUI","212 496 0700 2313",PSAL,1,51,"Emergency Skills",NY,"100 Amsterdam Avenue",212-496-0700,10023
"New York","TOM FRANQUI","212 496 0700 2313","Near Room G30",1,51,"Emergency Skills",NY,"100 Amsterdam Avenue",212-496-0700,10023
"New York","TOM FRANQUI","212 496 0700 2313",PSAL,1,51,"Emergency Skills",NY,"100 Amsterdam Avenue",212-496-0700,10023
"New York","TOM FRANQUI","212 496 0700 2313","Near Room 647",1,51,"Emergency Skills",NY,"100 Amsterdam Avenue",212-496-0700,10023
"New York","TOM FRANQUI","212 496 0700 2313",PSAL,1,51,"Emergency Skills",NY,"100 Amsterdam Avenue",212-496-0700,10023
"New York","TOM FRANQUI","212 496 0700 2313",PSAL,1,51,"Emergency Skills",NY,"100 Amsterdam Avenue",212-496-0700,10023
"New York","TOM FRANQUI","212 496 0700 2313",PSAL,1,51,"Emergency Skills",NY,"100 Amsterdam Avenue",212-496-0700,10023
"New York","TOM FRANQUI","212 496 0700 2313",PSAL,1,51,"Emergency Skills",NY,"100 Amsterdam Avenue",212-496-0700,10023
"NEW YORK","MARTIN JACOBSON/George Politis","212 501 1263",PSAL,1,18,"Emergency Skills",NY,"122 AMSTERDAM AVEnue",212-501-1263,10023
"NEW YORK","MARTIN JACOBSON/George Politis","212 501 1263","Main Entrance",1,18,"Emergency Skills",NY,"122 AMSTERDAM AVEnue",212-501-1263,10023
"NEW YORK","MARTIN JACOBSON/George Politis","212 501 1263","Outside Room 540",1,18,"Emergency Skills",NY,"122 AMSTERDAM AVEnue",212-501-1263,10023
"NEW YORK","MARTIN JACOBSON/George Politis","212 501 1263",PSAL,1,18,"Emergency Skills",NY,"122 AMSTERDAM AVEnue",212-501-1263,10023
"NEW YORK","MARTIN JACOBSON/George Politis","212 501 1263",PSAL,1,18,"Emergency Skills",NY,"122 AMSTERDAM AVEnue",212-501-1263,10023
"NEW YORK","MARTIN JACOBSON/George Politis","212 501 1263","Outside Room 440",1,18,"Emergency Skills",NY,"122 AMSTERDAM AVEnue",212-501-1263,10023
"NEW YORK","MARTIN JACOBSON/George Politis","212 501 1263",,1,18,"Emergency Skills",NY,"122 AMSTERDAM AVEnue",212-501-1263,10023
"NEW YORK","MARTIN JACOBSON/George Politis","212 501 1263","Main Gym",1,18,"Emergency Skills",NY,"122 AMSTERDAM AVEnue",212-501-1263,10023
"NEW YORK","MARTIN JACOBSON/George Politis","212 501 1263","PSAL Rm 422",1,18,"Emergency Skills",NY,"122 AMSTERDAM AVEnue",212-501-1263,10023
"NEW YORK","MARTIN JACOBSON/George Politis","212 501 1263",PSAL,1,18,"Emergency Skills",NY,"122 AMSTERDAM AVEnue",212-501-1263,10023
"New York",,,PSAL,1,5,"Emergency Skills",NY,"122 Amsterdam Avenue",212-501-1198,10023
"New York",,,PSAL,1,5,"Emergency Skills",NY,"122 Amsterdam Avenue",212-501-1198,10023
"New York",,,PSAL,1,5,"Emergency Skills",NY,"122 Amsterdam Avenue",212-501-1198,10023
"New York",,,"Room 367",1,5,"Emergency Skills",NY,"122 Amsterdam Avenue",212-501-1198,10023
"New York",,,"Rm 440",1,5,"Emergency Skills",NY,"122 Amsterdam Avenue",212-501-1198,10023
"NEW YORK","Tony Fisher","212 860 1282",PSAL,1,41,"Emergency Skills",NY,"71 EAST 94TH ST",2125011235,10128
"NEW YORK","Tony Fisher","212 860 1282",PSAL,1,41,"Emergency Skills",NY,"71 EAST 94TH ST",2125011235,10128
"NEW YORK","Tony Fisher","212 860 1282",PSAL,1,41,"Emergency Skills",NY,"71 EAST 94TH ST",2125011235,10128
"NEW YORK","Tony Fisher","212 860 1282",PSAL,1,41,"Emergency Skills",NY,"71 EAST 94TH ST",2125011235,10128
"NEW YORK","Tony Fisher","212 860 1282",PSAL,1,41,"Emergency Skills",NY,"71 EAST 94TH ST",2125011235,10128
"NEW YORK","Tony Fisher","212 860 1282",PSAL,1,41,"Emergency Skills",NY,"71 EAST 94TH ST",2125011235,10128
"NEW YORK","Tony Fisher","212 860 1282",PSAL,1,41,"Emergency Skills",NY,"71 EAST 94TH ST",2125011235,10128
"NEW YORK","Tony Fisher","212 860 1282",PSAL,1,41,"Emergency Skills",NY,"71 EAST 94TH ST",2125011235,10128
"NEW YORK","Tony Fisher","212 860 1282","Main entrance",1,41,"Emergency Skills",NY,"71 EAST 94TH ST",2125011235,10128
"NEW YORK","Tony Fisher","212 860 1282","3rd floor near 302",1,41,"Emergency Skills",NY,"71 EAST 94TH ST",2125011235,10128
"NEW YORK","Tony Fisher","212 860 1282","Basement Office",1,41,"Emergency Skills",NY,"71 EAST 94TH ST",2125011235,10128
"NEW YORK","Tony Fisher","212 860 1282",PSAL,1,41,"Emergency Skills",NY,"71 EAST 94TH ST",2125011235,10128
"NEW YORK","Tony Fisher","212 860 1282",,1,41,"Emergency Skills",NY,"71 EAST 94TH ST",2125011235,10128
"NEW YORK","Tony Fisher","212 860 1282","Basement Cafeteria",1,41,"Emergency Skills",NY,"71 EAST 94TH ST",2125011235,10128
"NEW YORK","Tony Fisher","212 860 1282","4th Floor Near Stair #1",1,41,"Emergency Skills",NY,"71 EAST 94TH ST",2125011235,10128
"New York","Jenny  Ander","(212) 501-3318","By Elevator on 6th Floor",1,2,"Emergency Skills",NY,"129 West 67 Street","(212) 501-3318",10023
"New York","ELSIE CALDERON","212 860 5827","FRONT ENTRANCE BY SCHOOL SAFETY",1,7,"Emergency Skills",NY,"160 East 120 Street",212-860-5827,10035
"NEW YORK","SID MASSEY","(212) 860-6033",Closet,1,4,"Emergency Skills",NY,"508 E 120st b/w Pleasant & 1","(212) 860-6033",10035
"New York","Norma Caraballo","212 860 5882","Main Entrance by school safety",1,14,"Emergency Skills",NY,"232 East 103 Street",212-860-5882,10029
"New York"," ","646 672 1454","FRONT ENTRANCE NEAR SCHOOL SAFETY",1,10,"Emergency Skills",NY,"433 East 100 Street",212-860-5976,10029
"New York","Lizbeth Rivera",212-860-5812,"FRONT ENT. BY SS",1,8,"Emergency Skills",NY,"176 East 115 Street",212-860-5812,10029
"New York","ANTONIO HERNANDEZ",212-860-5831,"1st Floor Cafeteria - Near School Safety",1,,"Emergency Skills",NY,"131 East 104 Street",212-860-5831,10029
"New York","ANTONIO HERNANDEZ",212-860-5831,"3rd floor Stair B-Center Hall",1,,"Emergency Skills",NY,"131 East 104 Street",212-860-5831,10029
"New York","ANTONIO HERNANDEZ",212-860-5831,"5th Floor Stair B",1,,"Emergency Skills",NY,"131 East 104 Street",212-860-5831,10029
"New York","Frances M. Castillo","212 860 5847","Next to Cafeteria",1,8,"Emergency Skills",NY,"219 East 109 Street",212-860-2847,10029
"New York","Tracey Wright ","212 860 5851","NEAR FRONT ENTRANCE BY SCHOOL SAFEETY",1,,"Emergency Skills",NY,"216 East 120 Street",212-860-5851,10035
"New York","ALEXANDER CASTILLO",212-860-5817,"FRONT ENTRANCE NEAR SCHOOL SAFETY",1,4,"Emergency Skills",NY,"141 East 111 Street",212-860-5817,10029
"New York","ALEXANDER CASTILLO",212-860-5817,,1,4,"Emergency Skills",NY,"141 East 111 Street",212-860-5817,10029
"New York","SANDRA GITTENS","212 860 5834","NEAR FRONT ENTRANCE BY SCHOOL SAFETY",1,,"Emergency Skills",NY,"315 EAST 113 STREET",212-860-5834,10029
"New York","Gryssele Machicate ","212 860 5803  04","FRONT ENTRANCE BY SCHOOL SAFETY",1,8,"Emergency Skills",NY,"1615 Madison Avenue",212-860-7967,10029
"New York","Carmen Colon","212 860 5868","NEAR FRONT ENTRANCE BY SCHOOL SAFETY",1,9,"Emergency Skills",NY,"535 East 119 Street",212-860-5868,10035
"New York",,212-860-5872,"FRONT ENTRANCE BY SCHOOL SAFETY",1,2,"Emergency Skills",NY,"240 East 109 Street",212-860-5872,10029
"NEW YORK","MONA SILFEN",212-860-5877,"FRONT ENTRANCE NEAR SCHOOL SAFETY",1,12,"Emergency Skills",NY,"421 E 106TH ST",212-860-5877,10029
"New York","Sonia Rodriguez","212 860 5885","FRONT ENTRANCE BY SCHOOL SAFETY",1,1,"Emergency Skills",NY,"319 East 117 Street b/w 1&2","(212) 348-6410",10035
"New York","DEMITRES PANTELIDES/Naomi Smith","212 860 5992","Room 409, 4th Floor",1,3,"Emergency Skills",NY,"19 East 103 Street",212-860-5801,10029
"New York","DEMITRES PANTELIDES/Naomi Smith","212 860 5992","FRONT ENTRANCE BY SCHOOL SAFETY",1,3,"Emergency Skills",NY,"19 East 103 Street",212-860-5801,10029
"New York","Camille Forbes/Victor Diaz","212 860 5809","NEAR FRONT ENTRANCE BY SCHOOL SAFETY",1,10,"Emergency Skills",NY,"508 East 120 Street",212-860-5809,10035
"New York",,,"Principal's Office Rm559",1,10,"Emergency Skills",NY,"410 East 100 Street",212-860-6047,10029
"New York",,,"5th Floor Across From Room 510",1,10,"Emergency Skills",NY,"410 East 100 Street",212-860-6047,10029
"New York","Michael Salek","212 876 4639","1ST FLOOR MAIN ENTRANCE",1,25,"Emergency Skills",NY,"280 Pleasant Avenue","212 876 4639",10029
"New York","Michael Salek","212 876 4639","PSAL ",1,25,"Emergency Skills",NY,"280 Pleasant Avenue","212 876 4639",10029
"New York","Michael Salek","212 876 4639","PSAL ",1,25,"Emergency Skills",NY,"280 Pleasant Avenue","212 876 4639",10029
"New York","Michael Salek","212 876 4639","PSAL- ",1,25,"Emergency Skills",NY,"280 Pleasant Avenue","212 876 4639",10029
"New York","Michael Salek","212 876 4639","PSAL ",1,25,"Emergency Skills",NY,"280 Pleasant Avenue","212 876 4639",10029
"New York","Michael Salek","212 876 4639","PSAL- ",1,25,"Emergency Skills",NY,"280 Pleasant Avenue","212 876 4639",10029
"New York","Michael Salek","212 876 4639","PSAL ",1,25,"Emergency Skills",NY,"280 Pleasant Avenue","212 876 4639",10029
"New York","Michael Salek","212 876 4639","2ND FLOOR:  ROOM 246",1,25,"Emergency Skills",NY,"280 Pleasant Avenue","212 876 4639",10029
"New York","Michael Salek","212 876 4639","3RD FLOOR OUTSIDE 318",1,25,"Emergency Skills",NY,"280 Pleasant Avenue","212 876 4639",10029
"New York","Michael Salek","212 876 4639",PSAL,1,25,"Emergency Skills",NY,"280 Pleasant Avenue","212 876 4639",10029
"New York","Michael Salek","212 876 4639",PSAL,1,25,"Emergency Skills",NY,"280 Pleasant Avenue","212 876 4639",10029
"New York","Michael Salek","212 876 4639",,1,25,"Emergency Skills",NY,"280 Pleasant Avenue","212 876 4639",10029
"New York","Michael Salek","212 876 4639",,1,25,"Emergency Skills",NY,"280 Pleasant Avenue","212 876 4639",10029
"New York","KEVIN MCCARTHY","212 831 1517",Security,1,12,"Emergency Skills",NY,"230-34 East 105 Street",212-831-1517,10029
"New York","KEVIN MCCARTHY","212 831 1517",PSAL,1,12,"Emergency Skills",NY,"230-34 East 105 Street",212-831-1517,10029
"New York","KEVIN MCCARTHY","212 831 1517","Main Office",1,12,"Emergency Skills",NY,"230-34 East 105 Street",212-831-1517,10029
"New York","KEVIN MCCARTHY","212 831 1517",PSAL,1,12,"Emergency Skills",NY,"230-34 East 105 Street",212-831-1517,10029
"New York","KEVIN MCCARTHY","212 831 1517",PSAL,1,12,"Emergency Skills",NY,"230-34 East 105 Street",212-831-1517,10029
"New York","JOHN J. PEREZ","212 860 5929",PSAL,1,14,"Emergency Skills",NY,"1573 Madison Avenue",212-860-5929,10029
"New York","JOHN J. PEREZ","212 860 5929","PSAL ",1,14,"Emergency Skills",NY,"1573 Madison Avenue",212-860-5929,10029
"New York","JOHN J. PEREZ","212 860 5929","1st Floor Front Entrance",1,14,"Emergency Skills",NY,"1573 Madison Avenue",212-860-5929,10029
"New York","JOHN J. PEREZ","212 860 5929","PSAL- ",1,14,"Emergency Skills",NY,"1573 Madison Avenue",212-860-5929,10029
"New York","JOHN J. PEREZ","212 860 5929","3rd Floor by Office",1,14,"Emergency Skills",NY,"1573 Madison Avenue",212-860-5929,10029
"New York","JOHN J. PEREZ","212 860 5929",PSAL,1,14,"Emergency Skills",NY,"1573 Madison Avenue",212-860-5929,10029
"New York","Christina Ferrara","(212) 289-7593","11th floor - outside the cafeteria",1,12,"Emergency Skills",NY,"105 EAST 106TH STREET",212-289-7593,10029
"New York","Christina Ferrara","(212) 289-7593","9TH FLOOR at main entrance by school safety",1,12,"Emergency Skills",NY,"105 EAST 106TH STREET",212-289-7593,10029
"New York","Christina Ferrara","(212) 289-7593","7th Floor - outside the gym",1,12,"Emergency Skills",NY,"105 EAST 106TH STREET",212-289-7593,10029
"New York","Christina Ferrara","(212) 289-7593","Office in the Gym",1,12,"Emergency Skills",NY,"105 EAST 106TH STREET",212-289-7593,10029
"New York","Tammy Pate-Spears","212 369 1064","Fourth Floor By Room 456",1,7,"Emergency Skills",NY,"410 East 100 Street",212-860-5854,10029
"New York","Tammy Pate-Spears","212 369 1064","Second Floor",1,7,"Emergency Skills",NY,"410 East 100 Street",212-860-5854,10029
"New York","Tammy Pate-Spears","212 369 1064","Third Floor - Across Stairs",1,7,"Emergency Skills",NY,"410 East 100 Street",212-860-5854,10029
"New York","Tammy Pate-Spears","212 369 1064","Basketball Team-Mr. Williams",1,7,"Emergency Skills",NY,"410 East 100 Street",212-860-5854,10029
"New York","Tammy Pate-Spears","212 369 1064","FRONT ENTRANCE BY SCHOOL SAFETY",1,7,"Emergency Skills",NY,"410 East 100 Street",212-860-5854,10029
"New York","Tammy Pate-Spears","212 369 1064",PSAL,1,7,"Emergency Skills",NY,"410 East 100 Street",212-860-5854,10029
"New York","Ryan Bradley",212-828-2858,"4TH FLOOR NEAR ELEVATOR",1,4,"Emergency Skills",NY,"1680 Lexington Avenue",212-828-2858,10029
"New York","Ryan Bradley",212-828-2858,"3RD  FLOOR  BY Elevator",1,4,"Emergency Skills",NY,"1680 Lexington Avenue",212-828-2858,10029
"New York","Maria Aviles",,PSAL,1,18,"Emergency Skills",NY,"2351 First Avenue",212-987-1906-220,10035
"New York","Maria Aviles",,"FRONT ENTRANCE NEAR SCHOOL SAFETY",1,18,"Emergency Skills",NY,"2351 First Avenue",212-987-1906-220,10035
"New York","Maria Aviles",,"PSAL ",1,18,"Emergency Skills",NY,"2351 First Avenue",212-987-1906-220,10035
"New York","Maria Aviles",,"PSAL ",1,18,"Emergency Skills",NY,"2351 First Avenue",212-987-1906-220,10035
"New York","Maria Aviles",,PSAL,1,18,"Emergency Skills",NY,"2351 First Avenue",212-987-1906-220,10035
"New York","MARISOL VASQUEZ",212-876-1825,"Unit stolen-police report needed (CR) 5/2006",1,,"Emergency Skills",NY,"144 East 128 Street ",212-876-1825,10035
"New York","MARISOL VASQUEZ",212-876-1825,"Main Entrance",1,,"Emergency Skills",NY,"144 East 128 Street ",212-876-1825,10035
"New York","MARISOL VASQUEZ",212-876-1825,,1,,"Emergency Skills",NY,"144 East 128 Street ",212-876-1825,10035
"New York","Bertha Rady","212 690 5807","MAIN ENTRANCE",1,1,"Emergency Skills",NY,"123 Morningside Drive",2126905807,10027
"New York","Patricia Griesi ","212 690 5911","FRONT ENTRANCE BY SCHOOL SAFETY",1,11,"Emergency Skills",NY,"2987 Eighth Avenue","(201)) 446-6324",10039
"New York","EULA DAWSON",212-690-5915,"MAIN ENTRANCE 1st Floor",1,4,"Emergency Skills",NY,"222 West 134 Street",212-690-5915,10030
"New York",,212-690-5925,"FRONT ENTRANCE NEAR SCHOOL SAFETY",1,,"Emergency Skills",NY,"301 West 140 Street",212-690-5925,10030
"New York","Benjy Blatman",,"Main Entrance",1,11,"Emergency Skills",NY,"425 West 123 Street","212-666-6400 x417",10027
"New York","Benjy Blatman",,"4th Floor",1,11,"Emergency Skills",NY,"425 West 123 Street","212-666-6400 x417",10027
"New York","Roxieann Johnson",212-690-5932,"MAIN ENTRANCE - BY SECURITY",1,11,"Emergency Skills",NY,"425 West 130 Street",212-690-5932,10027
"New York","Larry Robinson","212 690 5936","Across from Room 147",1,,"Emergency Skills",NY,"2121 Fifth Avenue","212 690 5936",10037
"New York","E JARRETT","212 864 2400","MAIN ENTRANCE",1,11,"Emergency Skills",NY,"250 West 127 Street","(212) 864-2400",10027
"New York","Karen Williams","212 690 5945","MAIN ENTRANCE",1,11,"Emergency Skills",NY,"499 West 133 Street","(212) 690-5945",10027
"New York",,212-690-5977,"FRONT ENTRANCE BY SCHOOL SAFETY",1,10,"Emergency Skills",NY,"509 West 129 Street",212-690-5977,10027
"New York",,212-690-5977,"3rd Floor Hallway",1,10,"Emergency Skills",NY,"509 West 129 Street",212-690-5977,10027
"New York","PATRICIA LEE","212 283 0426","Main Entrance By School Safety",1,2,"Emergency Skills",NY,"175 West 134 Street",212-283-0426,10030
"New York","PATRICIA LEE","212 283 0426",,1,2,"Emergency Skills",NY,"175 West 134 Street",212-283-0426,10030
"New York"," ","(212) 690-5954","MAIN ENTRANCE BY SS",1,,"Emergency Skills",NY,"244 WEST 144 STREET",212-690-5954,10030
"New York","Yolanda Ramos",212-690-5848,"MAIN ENTRANCE by SS.",1,9,"Emergency Skills",NY,"625 West 133 Street",212-690-5848,10027
"New York","Yolanda Ramos",212-690-5848,"3rd Floor, Next to Office Mgr Rm 308D",1,9,"Emergency Skills",NY,"625 West 133 Street",212-690-5848,10027
"New York","Rony Delerme","212 690 5960","MAIN ENTRANCE",1,16,"Emergency Skills",NY,"2230 Fifth Avenue",212-690-5960,10037
"New York","Deborah Alford","212 491 6636","Main Entrance by School Safety",1,10,"Emergency Skills",NY,"2589 Seventh Avenue",212-491-6636,10039
"NEW YORK","Sean Davenport Principal",212-368-8731,"2nd Floor",1,3,"Emergency Skills",NY,"276 West 151st Street",212-368-8731,10039
"New York","BERTRAM CHARLTON, Lorraine White","212 289 6227  225","3rd Floor Outside Room 319",1,11,"Emergency Skills",NY,"2005 Madison Avenue","212 289 6227",10035
"New York","BERTRAM CHARLTON, Lorraine White","212 289 6227  225","MAIN ENTRANCE BY SCHOOL SAFETY",1,11,"Emergency Skills",NY,"2005 Madison Avenue","212 289 6227",10035
"New York","BERTRAM CHARLTON, Lorraine White","212 289 6227  225","Room 205",1,11,"Emergency Skills",NY,"2005 Madison Avenue","212 289 6227",10035
"New York","BERTRAM CHARLTON, Lorraine White","212 289 6227  225",PSAL,1,11,"Emergency Skills",NY,"2005 Madison Avenue","212 289 6227",10035
"New York","BERTRAM CHARLTON, Lorraine White","212 289 6227  225",PSAL,1,11,"Emergency Skills",NY,"2005 Madison Avenue","212 289 6227",10035
"New York","BERTRAM CHARLTON, Lorraine White","212 289 6227  225",PSAL,1,11,"Emergency Skills",NY,"2005 Madison Avenue","212 289 6227",10035
"NEW YORK","Pat Mangan",212-491-4107,PSAL,1,43,"Emergency Skills",NY,"2581 ADAM CLAYTON POWELL JR BLVD",212-491-4107,10039
"NEW YORK","Pat Mangan",212-491-4107,PSAL,1,43,"Emergency Skills",NY,"2581 ADAM CLAYTON POWELL JR BLVD",212-491-4107,10039
"NEW YORK","Pat Mangan",212-491-4107,PSAL,1,43,"Emergency Skills",NY,"2581 ADAM CLAYTON POWELL JR BLVD",212-491-4107,10039
"NEW YORK","Pat Mangan",212-491-4107,PSAL,1,43,"Emergency Skills",NY,"2581 ADAM CLAYTON POWELL JR BLVD",212-491-4107,10039
"NEW YORK","Pat Mangan",212-491-4107,PSAL,1,43,"Emergency Skills",NY,"2581 ADAM CLAYTON POWELL JR BLVD",212-491-4107,10039
"NEW YORK","Pat Mangan",212-491-4107,PSAL,1,43,"Emergency Skills",NY,"2581 ADAM CLAYTON POWELL JR BLVD",212-491-4107,10039
"NEW YORK","Pat Mangan",212-491-4107,"PSAL- ",1,43,"Emergency Skills",NY,"2581 ADAM CLAYTON POWELL JR BLVD",212-491-4107,10039
"NEW YORK","Pat Mangan",212-491-4107,"PSAL ",1,43,"Emergency Skills",NY,"2581 ADAM CLAYTON POWELL JR BLVD",212-491-4107,10039
"NEW YORK","Pat Mangan",212-491-4107,"3RD FLOOR BY ROOM 336",1,43,"Emergency Skills",NY,"2581 ADAM CLAYTON POWELL JR BLVD",212-491-4107,10039
"NEW YORK","Pat Mangan",212-491-4107,"FRONT ENTRANCE BY SCHOOL SAFETY",1,43,"Emergency Skills",NY,"2581 ADAM CLAYTON POWELL JR BLVD",212-491-4107,10039
"NEW YORK","Pat Mangan",212-491-4107,PSAL,1,43,"Emergency Skills",NY,"2581 ADAM CLAYTON POWELL JR BLVD",212-491-4107,10039
"NEW YORK","Pat Mangan",212-491-4107,PSAL,1,43,"Emergency Skills",NY,"2581 ADAM CLAYTON POWELL JR BLVD",212-491-4107,10039
"NEW YORK","Pat Mangan",212-491-4107,PSAL,1,43,"Emergency Skills",NY,"2581 ADAM CLAYTON POWELL JR BLVD",212-491-4107,10039
"NEW YORK","Pat Mangan",212-491-4107,,1,43,"Emergency Skills",NY,"2581 ADAM CLAYTON POWELL JR BLVD",212-491-4107,10039
"New York","CYNTHIA CARMONA-DAVIS","212 283 8055","Gym Office",1,23,"Emergency Skills",NY,"200 West 135 Street","212 283 8055",10030
"New York","CYNTHIA CARMONA-DAVIS","212 283 8055","Gym Office",1,23,"Emergency Skills",NY,"200 West 135 Street","212 283 8055",10030
"New York","CYNTHIA CARMONA-DAVIS","212 283 8055",PSAL,1,23,"Emergency Skills",NY,"200 West 135 Street","212 283 8055",10030
"New York","CYNTHIA CARMONA-DAVIS","212 283 8055","PSAL ",1,23,"Emergency Skills",NY,"200 West 135 Street","212 283 8055",10030
"New York","CYNTHIA CARMONA-DAVIS","212 283 8055","4th Floor Elevator",1,23,"Emergency Skills",NY,"200 West 135 Street","212 283 8055",10030
"New York","CYNTHIA CARMONA-DAVIS","212 283 8055","Main Floor",1,23,"Emergency Skills",NY,"200 West 135 Street","212 283 8055",10030
"New York","CYNTHIA CARMONA-DAVIS","212 283 8055","Front Entrance",1,23,"Emergency Skills",NY,"200 West 135 Street","212 283 8055",10030
"New York","CYNTHIA CARMONA-DAVIS","212 283 8055",PSAL,1,23,"Emergency Skills",NY,"200 West 135 Street","212 283 8055",10030
"New York","CYNTHIA CARMONA-DAVIS","212 283 8055","Main Entrance by School Safety",1,23,"Emergency Skills",NY,"200 West 135 Street","212 283 8055",10030
"New York","Marcellus Stovall",212-690-4963,PSAL,1,8,"Emergency Skills",NY,"6 Edgecombe Avenue",212-926-4152,10030
"New York","Marcellus Stovall",212-690-4963,PSAL,1,8,"Emergency Skills",NY,"6 Edgecombe Avenue",212-926-4152,10030
"New York","Marcellus Stovall",212-690-4963,"2nd Floor Principal's Office",1,8,"Emergency Skills",NY,"6 Edgecombe Avenue",212-926-4152,10030
"New York","Marcellus Stovall",212-690-4963,"1ST FLOOR BY ELEVATOR",1,8,"Emergency Skills",NY,"6 Edgecombe Avenue",212-926-4152,10030
"New York","Marcellus Stovall",212-690-4963,"5th Floor near room 511",1,8,"Emergency Skills",NY,"6 Edgecombe Avenue",212-926-4152,10030
"New York","Marcellus Stovall",212-690-4963,"third floor near room 311",1,8,"Emergency Skills",NY,"6 Edgecombe Avenue",212-926-4152,10030
"New York","Marcellus Stovall",212-690-4963,"PSAL  ",1,8,"Emergency Skills",NY,"6 Edgecombe Avenue",212-926-4152,10030
"New York","Marcellus Stovall",212-690-4963,PSAL,1,8,"Emergency Skills",NY,"6 Edgecombe Avenue",212-926-4152,10030
"New York","DELOIS WHITE","212 928 0739","MAIN ENTRANCE",1,4,"Emergency Skills",NY,"500 West 160 Street",212-928-0739,10032
"NEW YORK","WANDA SOTO","212 666 1920 113","MAIN LOBBY BY SCHOOL SAFETY",1,10,"Emergency Skills",NY,"3703 10TH AVE",212-927-0278,10034
"NEW YORK","WANDA SOTO","212 666 1920 113","3rd Floor",1,10,"Emergency Skills",NY,"3703 10TH AVE",212-927-0278,10034
"New York","Mrs. Cruz","212 928 4364","MAIN ENTRANCE",1,23,"Emergency Skills",NY,"465 West 167 Street","(212) 928-4364",10032
"New York","ROSEMARY SALCE",212-567-4353,"FRONT ENTRANCE BY SCHOOL SAFETY",1,3,"Emergency Skills",NY,"4124 Ninth Avenue",212-567-4353,10034
"New York","DENISE TINSLEY",212-927-8666,"FIRST FLOOR NEAR ENTRANCE",1,9,"Emergency Skills",NY,"475 West 155 Street","212 927 8666",10032
"New York","Joseph Guzman","917 521 3811","FRONT ENTRANCE BY SCHOOL SAFETY",1,11,"Emergency Skills",NY,"4360 Broadway",917-521-3759,10033
"New York","Luis Tejada",212-567-9162,"PSAL - GYM",1,5,"Emergency Skills",NY,"650 Academy Street","(212) 567-9162",10034
"New York","Luis Tejada",212-567-9162,"2nd Floor",1,5,"Emergency Skills",NY,"650 Academy Street","(212) 567-9162",10034
"New York",,,"MAIN ENTRANCE BY SCHOOL SAFETY",1,12,"Emergency Skills",NY,"512 West 212 Street",212-927-7870,10034
"New York","C. Barton","212 927 9233","MAIN ENTRANCE BY SECURITY",1,6,"Emergency Skills",NY,"586 West 177 Street",212-927-9233,10033
"New York","Rosa Argelia Arredondo","212 927 0607",Annex,1,12,"Emergency Skills",NY,"560 West 169 Street",212-927-0607,10032
"New York","Rosa Argelia Arredondo","212 927 0607","FRONT ENTRANCE BY SCHOOL SAFETY",1,12,"Emergency Skills",NY,"560 West 169 Street",212-927-0607,10032
"New York"," ","(212) 927-7857","FRONT ENTRANCE BY SCHOOL SAFETY",1,11,"Emergency Skills",NY,"185 Wadsworth Avenue",212-927-7857,10033
"New York"," ","(212) 927-7857",,1,11,"Emergency Skills",NY,"185 Wadsworth Avenue",212-927-7857,10033
"New York","Ourania Pappas","917 521 3800","4th Floor - Opposite Rm 422",1,12,"Emergency Skills",NY,"511 WEST 182 STREET",212-927-7739,10033
"New York","Ourania Pappas","917 521 3800","Principal's Office",1,12,"Emergency Skills",NY,"511 WEST 182 STREET",212-927-7739,10033
"New York","Ourania Pappas","917 521 3800","Opposite Rm 222",1,12,"Emergency Skills",NY,"511 WEST 182 STREET",212-927-7739,10033
"New York","Ourania Pappas","917 521 3800","MAIN ENTRANCE - 1st Floor",1,12,"Emergency Skills",NY,"511 WEST 182 STREET",212-927-7739,10033
"New York","ARLENE PEDRAZA","212 927 8420","MAIN ENTRANCE BY SCHOOL SAFETY",1,7,"Emergency Skills",NY,"93 Nagle Avenue",212-927-8420,10040
"New York","ARLENE PEDRAZA","212 927 8420","3rd Floor in the Gym",1,7,"Emergency Skills",NY,"93 Nagle Avenue",212-927-8420,10040
"New York","LAWRENCE STACKHOUSE","212 927 8611","MAIN ENTRANCE",1,16,"Emergency Skills",NY,"1750 Amsterdam Avenue",212-927-8611,10031
"New York","Jorge Estrella","212 927 8380","1st Floor - Front Entrance",1,,"Emergency Skills",NY,"401 West 164 Street",212-927-8380,10032
"New York","Jorge Estrella","212 927 8380","3rd Floor - Outside Rm 331",1,,"Emergency Skills",NY,"401 West 164 Street",212-927-8380,10032
"New York","Dawn Boursiquot","212 927 7850","Main Entrance",1,10,"Emergency Skills",NY,"306 Fort Washington Avenue",212-927-7850,10033
"New York","Dawn Boursiquot","212 927 7850","4th Floor - Outcove",1,10,"Emergency Skills",NY,"306 Fort Washington Avenue",212-927-7850,10033
"New York","DALIA GONZALEZ","212 569 0425","MAIN ENTRANCE BY SCHOOL SAFETY",1,11,"Emergency Skills",NY,"12-18 Ellwood Street",212-569-0327,10040
"NEW YORK","BOB MILLER","212 927 8218","Front Entrance",1,19,"Emergency Skills",NY,"349 CABRINI BLVD.","(212) 927-8218",10040
"New York","Dalma GONZALEZ","212 927 8303","FRONT ENTRANCE BY SCHOOL SAFETY",1,11,"Emergency Skills",NY,"2580 Amsterdam Avenue",212-927-6833,10040
"New York","Dalma GONZALEZ","212 927 8303","4 Floor-Outside Room 451",1,11,"Emergency Skills",NY,"2580 Amsterdam Avenue",212-927-6833,10040
"New York","Justin Kravetz",212-690-5954,"3rd floor stwy 3",1,8,"Emergency Skills",NY,"500 West 138 Street",212-690-5954,10031
"New York","Justin Kravetz",212-690-5954,"Mini School - PS325",1,8,"Emergency Skills",NY,"500 West 138 Street",212-690-5954,10031
"New York","Justin Kravetz",212-690-5954,"MAIN ENTRANCE",1,8,"Emergency Skills",NY,"500 West 138 Street",212-690-5954,10031
"New York","EVELYNE LINARES","212 283-0012","2nd Floor Office",1,14,"Emergency Skills",NY,"501-503 West 152 Street",212-283-0012,10031
"New York","EVELYNE LINARES","212 283-0012","4 Floor-Main Hall",1,14,"Emergency Skills",NY,"501-503 West 152 Street",212-283-0012,10031
"New York",,,"2nd floor by elevator",1,1,"Emergency Skills",NY,"4600 Broadway",212-567-3222,10040
"New York",,,"5th floor outside staircase",1,1,"Emergency Skills",NY,"4600 Broadway",212-567-3222,10040
"New York",,,"Front Entrance",1,1,"Emergency Skills",NY,"4600 Broadway",212-567-3222,10040
"New York",,"212 927 9466","MAIN ENT",1,12,"Emergency Skills",NY,"71-111 CONVENT AVE","212 9279466",10027
"New York","MAUREEN GUIDO",212-942-3440,"Main Entrance",1,6,"Emergency Skills",NY,"407-421 219 Street",212-942-3440,10034
"New York","JUDITH MENKEN",(212)544-0614,"Main entrance by school safety",1,4,"Emergency Skills",NY,"4862 BROADWAY",(212)544-0614,10034
"New York","YSIDRO ABREU",0,"In front of nurse's office",1,,"Emergency Skills",NY,"21 JUMEL PLACE",0,10032
"New York","YSIDRO ABREU",0,"FRONT ENT BY SS",1,,"Emergency Skills",NY,"21 JUMEL PLACE",0,10032
"New York","Ms. Ferguson",212-927-2380,"4TH FLOOR OUTSIDE RM 412",1,6,"Emergency Skills",NY,"549 Audubon Avenue",212-927-2380,10040
"New York","Ms. Ferguson",212-927-2380,"PSAL- ",1,6,"Emergency Skills",NY,"549 Audubon Avenue",212-927-2380,10040
"New York","Ms. Ferguson",212-927-2380,"Main entrance near school safety",1,6,"Emergency Skills",NY,"549 Audubon Avenue",212-927-2380,10040
"New York","Ms. Ferguson",212-927-2380,"PSAL  ",1,6,"Emergency Skills",NY,"549 Audubon Avenue",212-927-2380,10040
"New York","Ms. Ferguson",212-927-2380,"PSAL  ",1,6,"Emergency Skills",NY,"549 Audubon Avenue",212-927-2380,10040
"New York","Ms. Ferguson",212-927-2380,MS349-T1,1,6,"Emergency Skills",NY,"549 Audubon Avenue",212-927-2380,10040
"New York","Ms. Ferguson",212-927-2380,"3RD FLOOR Room 330",1,6,"Emergency Skills",NY,"549 Audubon Avenue",212-927-2380,10040
"New York","Ms. Ferguson",212-927-2380,Rm222,1,6,"Emergency Skills",NY,"549 Audubon Avenue",212-927-2380,10040
"New York","Ms. Ferguson",212-927-2380,"PSAL ",1,6,"Emergency Skills",NY,"549 Audubon Avenue",212-927-2380,10040
"New York","Ms. Ferguson",212-927-2380,"OUTSIDE RM 222",1,6,"Emergency Skills",NY,"549 Audubon Avenue",212-927-2380,10040
"New York","Ms. Ferguson",212-927-2380,"PSAL ",1,6,"Emergency Skills",NY,"549 Audubon Avenue",212-927-2380,10040
"New York","Ms. Ferguson",212-927-2380,"PSAL  ",1,6,"Emergency Skills",NY,"549 Audubon Avenue",212-927-2380,10040
"New York","Ms. Ferguson",212-927-2380,"PSAL  ",1,6,"Emergency Skills",NY,"549 Audubon Avenue",212-927-2380,10040
"New York","Ms. Ferguson",212-927-2380,"PSAL  ",1,6,"Emergency Skills",NY,"549 Audubon Avenue",212-927-2380,10040
"New York","Ms. Ferguson",212-927-2380,PSAL,1,6,"Emergency Skills",NY,"549 Audubon Avenue",212-927-2380,10040
"New York","Ms. Ferguson",212-927-2380,"MS349 T2430",1,6,"Emergency Skills",NY,"549 Audubon Avenue",212-927-2380,10040
"New York","Ms. Ferguson",212-927-2380,PSAL,1,6,"Emergency Skills",NY,"549 Audubon Avenue",212-927-2380,10040
"New York","Ms. Ferguson",212-927-2380,PSAL,1,6,"Emergency Skills",NY,"549 Audubon Avenue",212-927-2380,10040
"New York","JACKIE JOSEPH",212-740-4900,"FRONT ENTRANCE NEAR SCHOOL SAFETY",1,4,"Emergency Skills",NY,"180 Wadsworth Avenue",212-740-4900,10033
"NEW YORK","Robert Pichardo","212 926 0113",PSAL-,1,38,"Emergency Skills",NY,"443 WEST 135 STREET",212-926-0113,10031
"NEW YORK","Robert Pichardo","212 926 0113",PSAL-,1,38,"Emergency Skills",NY,"443 WEST 135 STREET",212-926-0113,10031
"NEW YORK","Robert Pichardo","212 926 0113","6th floor next to elevator",1,38,"Emergency Skills",NY,"443 WEST 135 STREET",212-926-0113,10031
"NEW YORK","Robert Pichardo","212 926 0113","First floor entrance",1,38,"Emergency Skills",NY,"443 WEST 135 STREET",212-926-0113,10031
"NEW YORK","Robert Pichardo","212 926 0113",PSAL-,1,38,"Emergency Skills",NY,"443 WEST 135 STREET",212-926-0113,10031
"NEW YORK","Robert Pichardo","212 926 0113","4th floor by elevator",1,38,"Emergency Skills",NY,"443 WEST 135 STREET",212-926-0113,10031
"NEW YORK","Robert Pichardo","212 926 0113",PSAL-,1,38,"Emergency Skills",NY,"443 WEST 135 STREET",212-926-0113,10031
"NEW YORK","Robert Pichardo","212 926 0113","2nd floor by elevator",1,38,"Emergency Skills",NY,"443 WEST 135 STREET",212-926-0113,10031
"NEW YORK","Robert Pichardo","212 926 0113",PSAL,1,38,"Emergency Skills",NY,"443 WEST 135 STREET",212-926-0113,10031
"NEW YORK","Robert Pichardo","212 926 0113",PSAL-,1,38,"Emergency Skills",NY,"443 WEST 135 STREET",212-926-0113,10031
"NEW YORK","Robert Pichardo","212 926 0113",PSAL-,1,38,"Emergency Skills",NY,"443 WEST 135 STREET",212-926-0113,10031
"NEW YORK","Robert Pichardo","212 926 0113","PSAL ",1,38,"Emergency Skills",NY,"443 WEST 135 STREET",212-926-0113,10031
"NEW YORK","Robert Pichardo","212 926 0113",PSAL-,1,38,"Emergency Skills",NY,"443 WEST 135 STREET",212-926-0113,10031
"NEW YORK","Robert Pichardo","212 926 0113",,1,38,"Emergency Skills",NY,"443 WEST 135 STREET",212-926-0113,10031
"NEW YORK","Robert Pichardo","212 926 0113",PSAL,1,38,"Emergency Skills",NY,"443 WEST 135 STREET",212-926-0113,10031
"NEW YORK","Robert Pichardo","212 926 0113",PSAL,1,38,"Emergency Skills",NY,"443 WEST 135 STREET",212-926-0113,10031
"NEW YORK","Robert Pichardo","212 926 0113",PSAL,1,38,"Emergency Skills",NY,"443 WEST 135 STREET",212-926-0113,10031
"New York","Jessica Rios",212-928-1202,PSAL,1,9,"Emergency Skills",NY,"501 West 165th Street",212-928-1202,10032
"New York","Jessica Rios",212-928-1202,Entrance,1,9,"Emergency Skills",NY,"501 West 165th Street",212-928-1202,10032
"New York","Jessica Rios",212-928-1202,"3rd Floor",1,9,"Emergency Skills",NY,"501 West 165th Street",212-928-1202,10032
NY,"William Dugan",212-281-6490,"Cellar hallway Rm C4",1,14,"Emergency Skills",NY,"240 CONVENT AVENUE",212-281-6490,10031
NY,"William Dugan",212-281-6490,"Rm B18",1,14,"Emergency Skills",NY,"240 CONVENT AVENUE",212-281-6490,10031
NY,"William Dugan",212-281-6490,"RM B11",1,14,"Emergency Skills",NY,"240 CONVENT AVENUE",212-281-6490,10031
NY,"William Dugan",212-281-6490,PSAL,1,14,"Emergency Skills",NY,"240 CONVENT AVENUE",212-281-6490,10031
NY,"William Dugan",212-281-6490,PSAL,1,14,"Emergency Skills",NY,"240 CONVENT AVENUE",212-281-6490,10031
NY,"William Dugan",212-281-6490,"NAC 146",1,14,"Emergency Skills",NY,"240 CONVENT AVENUE",212-281-6490,10031
Bronx,"GLORIA SMITH","718 292 9191","Main Entrance",1,6,"Emergency Skills",NY,"335 East 152nd  Street","718 292 9191",10451
Bronx,"MARGARITA SOTO","718 292 2683","MAIN ENT",1,7,"Emergency Skills",NY,"564 Jackson Avenue",718-292-2683,10455
Bronx,"MARK ROSEN","718 292 2868","OUTSIDE NURSE OFFICE",1,22,"Emergency Skills",NY,"502 Morris Avenue",718-292-2868,10451
Bronx,"Ricardo Baron","718 292 2995","Main Entrance",1,9,"Emergency Skills",NY,"811 East 149 Street","718 292 2995",10455
Bronx,"BARBARA GENEN","718 292 3785","MAIN ENTRANCE BY SS",1,23,"Emergency Skills",NY,"758 Courtlandt Avenue","718 292 3785",10451
Bronx,"Maria Bailey","(718) 292-8817","MAIN ENTRANCE",1,12,"Emergency Skills",NY,"510 East 141 Street",718-292-8817,10454
BRONX,"Evelyn Hey",718-292-8817,"ANNEX-MAIN ENTRANCE",1,,"Emergency Skills",NY,"577 E 139TH ST",718-292-8817,10454
BRONX,"Evelyn Hey",718-292-8817,"Nurse's Office",1,,"Emergency Skills",NY,"577 E 139TH ST",718-292-8817,10454
Bronx,"Jessica Nauiokas",646-596-0110,"MAIN ENTRANCE",1,8,"Emergency Skills",NY,"165 Brown Place",718-292-4502,10454
Bronx,"LISA ZWERLING","718 292 4623","Front Desk",1,12,"Emergency Skills",NY,"383 East 139 Street",718-292-4623,10454
Bronx,"JEFFREY ADLER/Nellie Coleman","718 292 4628","MAIN ENTRANCE",1,1,"Emergency Skills",NY,"677 East 141 Street","718 292 4628",10454
Bronx,"Shawn Rux",718-292-0260,"4th Fl - Kipp Charter Rm 418",1,9,"Emergency Skills",NY,"250 East 156 Street",718-292-0260,10451
Bronx,"Shawn Rux",718-292-0260,"Main entrance by school safety",1,9,"Emergency Skills",NY,"250 East 156 Street",718-292-0260,10451
Bronx,"Velma Saunders","718 292 4742","MAIN ENTRANCE",1,10,"Emergency Skills",NY,"333 East 135 Street",718-292-4742,10454
Bronx," Derek Green",718-292-5255,"MAIN ENTRANCE",1,12,"Emergency Skills",NY,"757 Cauldwell Avenue",718-292-5255,10456
Bronx,"MARK WEISMAN","718 292 5478","MAIN ENTRANCE",1,12,"Emergency Skills",NY,"628 Tinton Avenue",718-292-5478,10455
Bronx,"Greg PAPADOPLULOS","718 292 0880","MAIN ENTRANCE BY SS",1,18,"Emergency Skills",NY,"600 St.Ann's Avenue","718 292 0880",10455
Bronx,"LAUREN SEWELL","718 292 2237","main entrance by school safety",1,10,"Emergency Skills",NY,"468 East 140th Street",718-292-2237,10454
Bronx,"Tommie Yahn","718 292 1052","MAIN ENTRANCE",1,8,"Emergency Skills",NY,"339 Morris Avenue",718-292-1052,10451
Bronx,"Tommie Yahn","718 292 1052","PSAL- ",1,8,"Emergency Skills",NY,"339 Morris Avenue",718-292-1052,10451
Bronx,"Tommie Yahn","718 292 1052","4th floor Nurse's Office",1,8,"Emergency Skills",NY,"339 Morris Avenue",718-292-1052,10451
Bronx,"Tommie Yahn","718 292 1052","PSAL- ",1,8,"Emergency Skills",NY,"339 Morris Avenue",718-292-1052,10451
Bronx,"Paul Snyder",718-292-2211,"MAIN ENTRANCE - School Safety",1,7,"Emergency Skills",NY,"360 EAST 145 STREET",718-292-2211,10454
Bronx,"Paul Snyder",718-292-2211,PSAL,1,7,"Emergency Skills",NY,"360 EAST 145 STREET",718-292-2211,10454
Bronx,"Paul Snyder",718-292-2211,PSAL,1,7,"Emergency Skills",NY,"360 EAST 145 STREET",718-292-2211,10454
Bronx,"Eurides Johnson","718 292-3594","Second floor",1,3,"Emergency Skills",NY,"519 St. Ann's Avenue",718-292-3594,10455
BRONX,,,"MAIN ENTRANCE",1,8,"Emergency Skills",NY,"778 FOREST AVE","(718) 665-8866",10456
Bronx,"Vincent Marano","718 578 4333",Gym,1,3,"Emergency Skills",NY,"475 Grand Concourse","718 578 4333",10451
Bronx,"Vincent Marano","718 578 4333","Outside Stairway A",1,3,"Emergency Skills",NY,"475 Grand Concourse","718 578 4333",10451
Bronx,"JANET L. HUGHES",718-585-4024,"Third floor by room 340",1,3,"Emergency Skills",NY,"470 Jackson Avenue ",718-585-4024,10455
Bronx,"JANET L. HUGHES",718-585-4024,"MAIN ENT by SSA",1,3,"Emergency Skills",NY,"470 Jackson Avenue ",718-585-4024,10455
Bronx,"Rene Cassanova","212 993 5000","PSAL- ",1,29,"Emergency Skills",NY,"333 East 151 Street",718-993-5000-341,10451
Bronx,"Rene Cassanova","212 993 5000","PSAL- ",1,29,"Emergency Skills",NY,"333 East 151 Street",718-993-5000-341,10451
Bronx,"Rene Cassanova","212 993 5000","PSAL- ",1,29,"Emergency Skills",NY,"333 East 151 Street",718-993-5000-341,10451
Bronx,"Rene Cassanova","212 993 5000","PSAL- ",1,29,"Emergency Skills",NY,"333 East 151 Street",718-993-5000-341,10451
Bronx,"Rene Cassanova","212 993 5000","PSAL- ",1,29,"Emergency Skills",NY,"333 East 151 Street",718-993-5000-341,10451
Bronx,"Rene Cassanova","212 993 5000","PSAL- ",1,29,"Emergency Skills",NY,"333 East 151 Street",718-993-5000-341,10451
Bronx,"Rene Cassanova","212 993 5000",PSAL,1,29,"Emergency Skills",NY,"333 East 151 Street",718-993-5000-341,10451
Bronx,"Rene Cassanova","212 993 5000","MAIN ENTRANCE",1,29,"Emergency Skills",NY,"333 East 151 Street",718-993-5000-341,10451
Bronx,"Rene Cassanova","212 993 5000",PSAL,1,29,"Emergency Skills",NY,"333 East 151 Street",718-993-5000-341,10451
Bronx,"Rene Cassanova","212 993 5000",PSAL,1,29,"Emergency Skills",NY,"333 East 151 Street",718-993-5000-341,10451
BRONX,"Louis Figueroa","718 665 0950",PSAL,1,34,"Emergency Skills",NY,"455 SOUTHERN BLVD","718 665 0950",10455
BRONX,"Louis Figueroa","718 665 0950","Rm 221",1,34,"Emergency Skills",NY,"455 SOUTHERN BLVD","718 665 0950",10455
BRONX,"Louis Figueroa","718 665 0950","OUTSIDE MAIN OFFICE",1,34,"Emergency Skills",NY,"455 SOUTHERN BLVD","718 665 0950",10455
BRONX,"Louis Figueroa","718 665 0950","Rm 221",1,34,"Emergency Skills",NY,"455 SOUTHERN BLVD","718 665 0950",10455
BRONX,"Louis Figueroa","718 665 0950","Outside Rm 319B",1,34,"Emergency Skills",NY,"455 SOUTHERN BLVD","718 665 0950",10455
BRONX,"Louis Figueroa","718 665 0950","PSAL- ",1,34,"Emergency Skills",NY,"455 SOUTHERN BLVD","718 665 0950",10455
BRONX,"Louis Figueroa","718 665 0950","Rm 221",1,34,"Emergency Skills",NY,"455 SOUTHERN BLVD","718 665 0950",10455
BRONX,"Louis Figueroa","718 665 0950","Rm 221",1,34,"Emergency Skills",NY,"455 SOUTHERN BLVD","718 665 0950",10455
BRONX,"Louis Figueroa","718 665 0950","Rm 221",1,34,"Emergency Skills",NY,"455 SOUTHERN BLVD","718 665 0950",10455
Bronx,"Carron Staple",,"MAIN ENTRANCE",1,3,"Emergency Skills",NY,"350 Gerard Avenue","718 401 1826",10451
BRONX,"Danielle Mangione",718-812-3436,"Third Floor",1,1,"Emergency Skills",NY,"991 LONGWOOD AVE",718-860-2196,10459
BRONX,"Danielle Mangione",718-812-3436,"In office 101",1,1,"Emergency Skills",NY,"991 LONGWOOD AVE",718-860-2196,10459
Bronx,"Sophia M. Rodriguez",718-822-5341,"MAIN ENTRANCE",1,12,"Emergency Skills",NY,"3041 Bruckner Boulevard",718-822-5341,10461
Bronx,"Sophia M. Rodriguez",718-822-5341,"3rd Floor Gym Entrance",1,12,"Emergency Skills",NY,"3041 Bruckner Boulevard",718-822-5341,10461
Bronx,"NILDA RIVERA","718 822 5345","MAIN ENTRANCE",1,4,"Emergency Skills",NY,"1070 Castle Hill Avenue",718-822-5345,10472
Bronx,"AnnMarie Bovino","718 589 4312","MAIN ENT",1,20,"Emergency Skills",NY,"1290 Spofford Avenue","(718) 589-4312",10474
Bronx,"AnnMarie Bovino","718 589 4312",Cafeteria,1,20,"Emergency Skills",NY,"1290 Spofford Avenue","(718) 589-4312",10474
Bronx,"AnnMarie Bovino","718 589 4312","Outside Room 412",1,20,"Emergency Skills",NY,"1290 Spofford Avenue","(718) 589-4312",10474
Bronx,"Corrine Barros",718-585-1617,"Main Entrance",1,11,"Emergency Skills",NY,"660 Fox Street",718-585-1617,10455
Bronx,"ALAN COHEN","718 378 4736","MAIN ENTRANCE",1,7,"Emergency Skills",NY,"560 Thieriot Avenue",718-378-4736,10473
Bronx,"Fausto Cordero, AP","718 822 5351","Main Entrance",1,10,"Emergency Skills",NY,"3040 Roberts Avenue","(718) 822-5351",10461
Bronx,"ELAINE MARINO","718 822 5311","MAIN ENTRANCE",1,18,"Emergency Skills",NY,"2951 Dewey Avenue",718-822-5311,10465
Bronx,"Richard Gugloitta","718 860 1630","MAIN ENTRANCE - School Safety",1,2,"Emergency Skills",NY,"984 Faile Street",718-860-1630,10459
Bronx,"JACQUELINE LARUSSO A.P.","718 842 2655","MAIN ENTRANCE",1,6,"Emergency Skills",NY,"1535 Story Avenue",718-842-2655,10473
Bronx,"JACQUELINE LARUSSO A.P.","718 842 2655","Mini Building - Main",1,6,"Emergency Skills",NY,"1535 Story Avenue",718-842-2655,10473
Bronx,"Chad Altman","718 842 1461","MAIN ENTRANCE",1,4,"Emergency Skills",NY,"800 Taylor Avenue",718-842-1461,10473
Bronx,"Maria Gonzalez","718 860 2596","MAIN ENTRANCE",1,10,"Emergency Skills",NY,"1695 Seward Avenue","(718) 860-2596",10473
Bronx,"Cynthia Polk Allen","718 822 5198","MAIN ENTRANCE",1,10,"Emergency Skills",NY,"1075 Pugsley Avenue",718-892-6919,10472
Bronx,"Virgina Connelly",718-328-2105,"MAIN ENTRANCE OF MINI BLDG",1,7,"Emergency Skills",NY,"1025 Morrison Avenue",718-328-2105,10472
Bronx,"Virgina Connelly",718-328-2105,"Main Entrance",1,7,"Emergency Skills",NY,"1025 Morrison Avenue",718-328-2105,10472
Bronx,"Mark Davis","(718) 822-5186","Main Entrance - Near School Safety",1,11,"Emergency Skills",NY,"1111 Pugsley Avenue",718-822-5186,10472
Bronx,"Mark Davis","(718) 822-5186",,1,11,"Emergency Skills",NY,"1111 Pugsley Avenue",718-822-5186,10472
Bronx,"Mark Davis","(718) 822-5186","3rd Floor Hallway",1,11,"Emergency Skills",NY,"1111 Pugsley Avenue",718-822-5186,10472
Bronx,"Brandon Cruz","718 822 5077","MAIN ENTRANCE MAILROOM",1,7,"Emergency Skills",NY,"750 Prospect Avenue",718-822-5077,10455
Bronx,"Brandon Cruz","718 822 5077","With cabinet; To be installed on 3rd floor",1,7,"Emergency Skills",NY,"750 Prospect Avenue",718-822-5077,10455
Bronx,"Edward Leotta","718 542 3638","4TH FLOOR OUTSIDE DEANS OFFICE",1,5,"Emergency Skills",NY,"885 Bolton Avenue","718 542 3638",10473
Bronx,"Edward Leotta","718 542 3638","MAIN ENTRANCE",1,5,"Emergency Skills",NY,"885 Bolton Avenue","718 542 3638",10473
Bronx,"RAMON NEVERS A.P.","718 822 5325","MAIN ENTRANCE",1,12,"Emergency Skills",NY,"2060 Lafayette Avenue",718-822-5325,10473
Bronx,"ERNEST WILSON","718 585 1205","MAIN ENTRANCE mini building",1,9,"Emergency Skills",NY,"916 Eagle Avenue","718 585 1205",10456
Bronx,"ERNEST WILSON","718 585 1205","MAIN ENTRANCE",1,9,"Emergency Skills",NY,"916 Eagle Avenue","718 585 1205",10456
Bronx,"Geraldine Hilson","718 378 9664",,1,10,"Emergency Skills",NY,"968 CAULDWELL AVENUE",718-378-9664,10456
Bronx,"LINDA EMANUEL","718 589 4560","Next to room 316",1,11,"Emergency Skills",NY,"1007 Evergreen Avenue",1,10472
Bronx,"Stacey Miller","718 617 5293","3rd Fl - Outside 340",1,5,"Emergency Skills",NY,"456 White Plains Road",1-718-617-5293,10473
Bronx,"Stacey Miller","718 617 5293","MAIN ENTRANCE",1,5,"Emergency Skills",NY,"456 White Plains Road",1-718-617-5293,10473
Bronx,"Stacey Miller","718 617 5293","4th Floor - Outside Student Rest Rooms",1,5,"Emergency Skills",NY,"456 White Plains Road",1-718-617-5293,10473
Bronx,"Michelle Vargas","718 828 6609","2nd Fl - Outside 232",1,3,"Emergency Skills",NY,"601 Stickball Boulevard","718 828 6609",10473
Bronx,"Michelle Vargas","718 828 6609","MAIN ENTRANCE",1,3,"Emergency Skills",NY,"601 Stickball Boulevard","718 828 6609",10473
Bronx,,,"MAIN ENTRANCE",1,6,"Emergency Skills",NY,"650 Hollywood Avenue",718-822-5317,10465
Bronx,,,"3rd Floor Outside Room 314",1,6,"Emergency Skills",NY,"650 Hollywood Avenue",718-822-5317,10465
Bronx,"Eric Lefkoff",718-328-1972,"2nd Floor Between Rooms 215 & 217",1,,"Emergency Skills",NY,"730 Bryant Avenue",718-328-1972,10474
Bronx,"Eric Lefkoff",718-328-1972,"3rd Floor Security Desk",1,,"Emergency Skills",NY,"730 Bryant Avenue",718-328-1972,10474
BRONX,"Maria Herrera AP","(718) 430-6390","3rd Floor Next to room 362",1,5,"Emergency Skills",NY,"3000 EAST TREMONT AVENUE","(718) 430-6390",10461
Bronx,"Frederick Kennedy",718-585-2950,"MAIN ENTRANCE",1,2,"Emergency Skills",NY,"890 Cauldwell Avenue",718-585-2950,10456
Bronx,"Evelyn Figueroa",718-822-5082,"MAIN ENTRANCE",1,7,"Emergency Skills",NY,"681 Kelly Street",718-822-5082,10455
Bronx,"Evelyn Figueroa",718-822-5082,"3rd Floor O/S Room 307",1,7,"Emergency Skills",NY,"681 Kelly Street",718-822-5082,10455
Bronx," ","(718) 822-5307","1st Floor",1,1,"Emergency Skills",NY,"2750 Lafayette Avenue","(718) 822-5307",10465
Bronx," ","(718) 822-5307","3rd Floor",1,1,"Emergency Skills",NY,"2750 Lafayette Avenue","(718) 822-5307",10465
BRONX,"GRACE VARGAS","(718) 933-5976","4th Floor - O/S Main Office",1,10,"Emergency Skills",NY,"888 REV J A POLITE AVE","(718) 933-5976",10459
BRONX,"GRACE VARGAS","(718) 933-5976","MAIN ENTRANCE",1,10,"Emergency Skills",NY,"888 REV J A POLITE AVE","(718) 933-5976",10459
Bronx,"Alfonse Davino","(718) 904-4287","PSAL- ",1,69,"Emergency Skills",NY,"3000 East Tremont Avenue",718-904-4286,10461
Bronx,"Alfonse Davino","(718) 904-4287","Main Entrance",1,69,"Emergency Skills",NY,"3000 East Tremont Avenue",718-904-4286,10461
Bronx,"Alfonse Davino","(718) 904-4287",PSAL,1,69,"Emergency Skills",NY,"3000 East Tremont Avenue",718-904-4286,10461
Bronx,"Alfonse Davino","(718) 904-4287",PSAL,1,69,"Emergency Skills",NY,"3000 East Tremont Avenue",718-904-4286,10461
Bronx,"Alfonse Davino","(718) 904-4287","PSAL- ",1,69,"Emergency Skills",NY,"3000 East Tremont Avenue",718-904-4286,10461
Bronx,"Alfonse Davino","(718) 904-4287","PSAL- ",1,69,"Emergency Skills",NY,"3000 East Tremont Avenue",718-904-4286,10461
Bronx,"Alfonse Davino","(718) 904-4287",PSAL,1,69,"Emergency Skills",NY,"3000 East Tremont Avenue",718-904-4286,10461
Bronx,"Alfonse Davino","(718) 904-4287","PSAL- ",1,69,"Emergency Skills",NY,"3000 East Tremont Avenue",718-904-4286,10461
Bronx,"Alfonse Davino","(718) 904-4287",PSAL,1,69,"Emergency Skills",NY,"3000 East Tremont Avenue",718-904-4286,10461
Bronx,"Alfonse Davino","(718) 904-4287","4th Floor outside room 440",1,69,"Emergency Skills",NY,"3000 East Tremont Avenue",718-904-4286,10461
Bronx,"Alfonse Davino","(718) 904-4287","PSAL- ",1,69,"Emergency Skills",NY,"3000 East Tremont Avenue",718-904-4286,10461
Bronx,"Alfonse Davino","(718) 904-4287","PSAL- ",1,69,"Emergency Skills",NY,"3000 East Tremont Avenue",718-904-4286,10461
Bronx,"Alfonse Davino","(718) 904-4287","PSAL- ",1,69,"Emergency Skills",NY,"3000 East Tremont Avenue",718-904-4286,10461
Bronx,"Alfonse Davino","(718) 904-4287","PSAL ",1,69,"Emergency Skills",NY,"3000 East Tremont Avenue",718-904-4286,10461
Bronx,"Alfonse Davino","(718) 904-4287","PSAL- ",1,69,"Emergency Skills",NY,"3000 East Tremont Avenue",718-904-4286,10461
Bronx,"Alfonse Davino","(718) 904-4287",,1,69,"Emergency Skills",NY,"3000 East Tremont Avenue",718-904-4286,10461
Bronx,"Alfonse Davino","(718) 904-4287",PSAL,1,69,"Emergency Skills",NY,"3000 East Tremont Avenue",718-904-4286,10461
Bronx,,,"Rm 301",1,28,"Emergency Skills",NY,"1980 Lafayette Avenue","(718) 892-2637",10473
Bronx,,,"Main Entrance",1,28,"Emergency Skills",NY,"1980 Lafayette Avenue","(718) 892-2637",10473
Bronx,,,"Rm 275 - PSAL",1,28,"Emergency Skills",NY,"1980 Lafayette Avenue","(718) 892-2637",10473
Bronx,,,"Rm 275",1,28,"Emergency Skills",NY,"1980 Lafayette Avenue","(718) 892-2637",10473
Bronx,,,"Rm 275",1,28,"Emergency Skills",NY,"1980 Lafayette Avenue","(718) 892-2637",10473
Bronx,,,"Rm 275",1,28,"Emergency Skills",NY,"1980 Lafayette Avenue","(718) 892-2637",10473
Bronx,,,"Rm 275",1,28,"Emergency Skills",NY,"1980 Lafayette Avenue","(718) 892-2637",10473
Bronx,,,PSAL,1,28,"Emergency Skills",NY,"1980 Lafayette Avenue","(718) 892-2637",10473
Bronx,"Grismaldy Laboy","(718) 860-5110","Main Entrance",1,6,"Emergency Skills",NY,"1440 STORY AVE",718-860-5110,10473
Bronx,"Grismaldy Laboy","(718) 860-5110","PSAL - Principal's Office Rm 132",1,6,"Emergency Skills",NY,"1440 STORY AVE",718-860-5110,10473
Bronx,"Jimmy Molina","(718) 292-74513",PSAL,1,30,"Emergency Skills",NY,"900 Tinton Avenue","(718) 292-4513",10456
Bronx,"Jimmy Molina","(718) 292-74513","Main Entrance",1,30,"Emergency Skills",NY,"900 Tinton Avenue","(718) 292-4513",10456
Bronx,"Jimmy Molina","(718) 292-74513","Rm 200",1,30,"Emergency Skills",NY,"900 Tinton Avenue","(718) 292-4513",10456
Bronx,"Jimmy Molina","(718) 292-74513","Rm 200",1,30,"Emergency Skills",NY,"900 Tinton Avenue","(718) 292-4513",10456
Bronx,"Jimmy Molina","(718) 292-74513","Rm 200",1,30,"Emergency Skills",NY,"900 Tinton Avenue","(718) 292-4513",10456
Bronx,"Jimmy Molina","(718) 292-74513","4th Floor - O/S Nurse's Office",1,30,"Emergency Skills",NY,"900 Tinton Avenue","(718) 292-4513",10456
Bronx,"Daisy Rodriguez","(718) 860-1242","Room 312",1,5,"Emergency Skills",NY,"965 Longwood Avenue","(718) 860-1242 x1500",10459
Bronx,"Daisy Rodriguez","(718) 860-1242","First Floor Wall Mount",1,5,"Emergency Skills",NY,"965 Longwood Avenue","(718) 860-1242 x1500",10459
Bronx,"Daisy Rodriguez","(718) 860-1242","Basement -  B9",1,5,"Emergency Skills",NY,"965 Longwood Avenue","(718) 860-1242 x1500",10459
Bronx,"Daisy Rodriguez","(718) 860-1242","Third Floor",1,5,"Emergency Skills",NY,"965 Longwood Avenue","(718) 860-1242 x1500",10459
Bronx,"Elizabeth Colon","718--583-6655  2031","Main Entrance",1,2,"Emergency Skills",NY,"1701 Fulton Avenue  ",718-583-6655,10457
Bronx,"Elizabeth Colon","718--583-6655  2031","ECC - Main Entrance, 171",1,2,"Emergency Skills",NY,"1701 Fulton Avenue  ",718-583-6655,10457
Bronx,"Elizabeth Colon","718--583-6655  2031","5th Floor",1,2,"Emergency Skills",NY,"1701 Fulton Avenue  ",718-583-6655,10457
Bronx," Tawnia McCray","718 681 7553","Main Entrance",1,9,"Emergency Skills",NY,"1257 Ogden Avenue",718-681-7553,10452
Bronx," Tawnia McCray","718 681 7553","third floor outside 305",1,9,"Emergency Skills",NY,"1257 Ogden Avenue",718-681-7553,10452
Bronx,"Nick Marinacci","(718) 293-9048","Main Entrance/Front Desk",1,3,"Emergency Skills",NY,"270 East 167 Street",718-681-6850,10456
Bronx,"CAROL OTERO","718 583 6444","4th Floor o/s 402A",1,7,"Emergency Skills",NY,"1861 Anthony Avenue","(718) 583-6444",10457
Bronx,"CAROL OTERO","718 583 6444","MAIN ENTRANCE",1,7,"Emergency Skills",NY,"1861 Anthony Avenue","(718) 583-6444",10457
Bronx,"Annie  Venterina",718-681-7849,"3rd Floor",1,5,"Emergency Skills",NY,"261 East 163 Street",718-681-7849,10451
Bronx,"Annie  Venterina",718-681-7849,"MAIN ENTRANCE",1,5,"Emergency Skills",NY,"261 East 163 Street",718-681-7849,10451
Bronx,"Ivette Matos ","(718) 583-7366","Main Entrance",1,10,"Emergency Skills",NY,"1537 Washington Avenue","(718) 583-7366",10456
Bronx,"Lisa Benton",718-681-7276,"Mini A - Main Entrance",1,3,"Emergency Skills",NY,"360 East 168 Street",718-681-7276,10456
Bronx,"Lisa Benton",718-681-7276,"Mini B - Main Entrance",1,3,"Emergency Skills",NY,"360 East 168 Street",718-681-7276,10456
Bronx,"Lisa Benton",718-681-7276,"Main Entrance - Main Building",1,3,"Emergency Skills",NY,"360 East 168 Street",718-681-7276,10456
Bronx,"Maryani P. Rasidjan","(718) 681-6227","Main Entrance",1,11,"Emergency Skills",NY,"450 St. Paul's Place","(718) 681-6227",10456
Bronx,"Maryani P. Rasidjan","(718) 681-6227","4th Floor Near Room 118",1,11,"Emergency Skills",NY,"450 St. Paul's Place","(718) 681-6227",10456
Bronx,"MS. DORA","718 583 6866","MAIN ENTRANCE",1,11,"Emergency Skills",NY,"459 East 176 Street",718-583-6854,10457
Bronx,"Rosemary Boyd",718-589-3058,"Mini Building",1,7,"Emergency Skills",NY,"1260 Franklin Avenue","718-589-3058 ",10456
Bronx,"Rosemary Boyd",718-589-3058,"MAIN LOBBY",1,7,"Emergency Skills",NY,"1260 Franklin Avenue","718-589-3058 ",10456
Bronx,"Angela Cooper",718-681-8989,"Main Entrance",1,11,"Emergency Skills",NY,"1425 Walton Avenue","(718) 681-8989",10452
Bronx,"Angela Cooper",718-681-8989,"Outside Room 303",1,11,"Emergency Skills",NY,"1425 Walton Avenue","(718) 681-8989",10452
Bronx,"Angela Cooper",718-681-8989,"Outside Room 506",1,11,"Emergency Skills",NY,"1425 Walton Avenue","(718) 681-8989",10452
Bronx,,718-583-6000,"Main Entrance",1,9,"Emergency Skills",NY,"1691 Weeks Avenue",718-583-6000,10457
Bronx,,718-583-6000,"Mini - Main Entrance",1,9,"Emergency Skills",NY,"1691 Weeks Avenue",718-583-6000,10457
Bronx,"Rafael Lajara","(718) 681-6776","2nd Floor o/s room 211",1,11,"Emergency Skills",NY,"1020 Anderson Avenue",718-681-6776,10452
Bronx,"Rafael Lajara","(718) 681-6776","MAIN ENTRANCE",1,11,"Emergency Skills",NY,"1020 Anderson Avenue",718-681-6776,10452
Bronx,"PRISCILLA CENTENO",718-681-6220,"Main Entrance",1,2,"Emergency Skills",NY,"1340 Sheridan Avenue",718-681-6220,10456
Bronx,"PRISCILLA CENTENO",718-681-6220,"Staircase btwn Mezzanine & Cafetorium",1,2,"Emergency Skills",NY,"1340 Sheridan Avenue",718-681-6220,10456
Bronx,"Patricia West",718-681-7023,"MAIN ENTRANCE",1,18,"Emergency Skills",NY,"1116 Sheridan Avenue",718-681-7023,10452
Bronx,"Ena M. Thomas",718-583-6316,"MAIN ENTRANCE",1,14,"Emergency Skills",NY,"1771 Popham Avenue",718-583-6316,10453
Bronx,"Ellen  Lott","(718) 861-0173","MAIN LOBBY",1,9,"Emergency Skills",NY,"580 Crotona Park South",718-861-0759,10456
Bronx,"OLIVIA FRANCES WEBBER",718-681-7507,"2 1/2 Floor - o/s gym",1,14,"Emergency Skills",NY,"1155 Cromwell Avenue",718-681-7507,10452
Bronx,"OLIVIA FRANCES WEBBER",718-681-7507,"MAIN ENTRANCE",1,14,"Emergency Skills",NY,"1155 Cromwell Avenue",718-681-7507,10452
Bronx,"JOHN SKELLY, AP","718 583 7719","3rd Floor - Rm 336",1,11,"Emergency Skills",NY,"1865 Morris Avenue",718-583-7719,10453
Bronx,"JOHN SKELLY, AP","718 583 7719","4th Floor",1,11,"Emergency Skills",NY,"1865 Morris Avenue",718-583-7719,10453
Bronx,"JOHN SKELLY, AP","718 583 7719","Principal's Office (not in cabinet)",1,11,"Emergency Skills",NY,"1865 Morris Avenue",718-583-7719,10453
Bronx,"Deborah Smith",718-681-6120,"MAIN ENTRANCE",1,11,"Emergency Skills",NY,"175 West 166 Street",718-681-6120,10452
Bronx,"AnneMarie Redman",718-681-6455,"MAIN ENTRANCE",1,9,"Emergency Skills",NY,"1245 Washington Avenue",718-681-6455,10456
Bronx,,,"MAIN ENTRANCE",1,9,"Emergency Skills",NY,"1000 Teller Avenue",718-681-7219,10456
Bronx,"Paul Woltman","(718) 584-3045","Main Entrance",1,8,"Emergency Skills",NY,"2075 Webster Avenue","(718) 584-3045",10457
Bronx,"Lauren Reiss","718 681 6334","MAIN LOBBY",1,10,"Emergency Skills",NY,"250 East 164 Street",718-681-6334,10456
Bronx,"Lauren Reiss","718 681 6334","Office Cluster Room 365",1,10,"Emergency Skills",NY,"250 East 164 Street",718-681-6334,10456
Bronx,"Christina Peralta",718-583-0662,"MAIN ENTRANCE",1,6,"Emergency Skills",NY,"1594-98 Townsend Avenue",718-583-0662,10452
Bronx,"BEVERLY ELLIS","(718) 299-6128","Main Entrance",1,11,"Emergency Skills",NY,"1871 WALTON AVE","(718) 299-6128",10453
Bronx,"Kweon Stambaugh","(718) 681-7172","MAIN ENTRANCE",1,11,"Emergency Skills",NY,"1449 Shakespeare Avenue",718-681-7172,10452
Bronx,"J. BAZAN",718-583-6636,"MAIN ENTRANCE",1,6,"Emergency Skills",NY,"108-10 West 174 Street",718-583-7457,10453
Bronx,"Veronica Echols","718 410 7230","MAIN ENTRANCE",1,11,"Emergency Skills",NY,"1220 Gerard Avenue",718-410-8631,10452
BRONX,"Kevin Boston-Hill","(718) 681-7093","MAIN ENTRANCE",1,14,"Emergency Skills",NY,"3630 THIRD AVE",718-681-7093,10456
Bronx,"Calvin Hastings",718-583-6266,"General Office - 2nd Floor",1,8,"Emergency Skills",NY,"275 Harlem River Park Bridge",718-583-6266,10453
Bronx,"Janet L. Smith-Hackshaw",718-583-6116,"MAIN ENTRANCE",1,22,"Emergency Skills",NY,"275 Harlem River Park Bridge",718-583-6116,10453
Bronx,"S. Bromley",718-583-7007,"MAIN ENTRANCE",1,1,"Emergency Skills",NY,"1700 Macombs Road",718-583-4439,10453
Bronx,"DENISE ROBINSON A.P.","718 583 7510","MAIN ENTRANCE",1,2,"Emergency Skills",NY,"499 East 175 Street",718-583-7510,10457
BRONX,"Mr. Greenward",718-992-7089,,1,9,"Emergency Skills",NY,"1363 FULTON AVE",718-992-7089,10456
BRONX,"Mr. Greenward",718-992-7089,"Main Entrance",1,9,"Emergency Skills",NY,"1363 FULTON AVE",718-992-7089,10456
BRONX,"Mr. Greenward",718-992-7089,PSAL,1,9,"Emergency Skills",NY,"1363 FULTON AVE",718-992-7089,10456
BRONX,"Mr. Greenward",718-992-7089,,1,9,"Emergency Skills",NY,"1363 FULTON AVE",718-992-7089,10456
Bronx,"Drew Ninos",718-466-4600,"In front of office",1,14,"Emergency Skills",NY,"1595 Bathgate Avenue",718-992-7210,10457
Bronx,"Drew Ninos",718-466-4600,PSAL,1,14,"Emergency Skills",NY,"1595 Bathgate Avenue",718-992-7210,10457
Bronx,"Drew Ninos",718-466-4600,,1,14,"Emergency Skills",NY,"1595 Bathgate Avenue",718-992-7210,10457
BRONX,"Martha Colon","718-299-7490 ","1st Floor Office",1,14,"Emergency Skills",NY,"1701 Fulton Avenue ","718-299-7490 ",10457
BRONX,"Martha Colon","718-299-7490 ","Annex Entrance",1,14,"Emergency Skills",NY,"1701 Fulton Avenue ","718-299-7490 ",10457
Bronx,"Nancy Reyes","(646) 418-3837","5th Floor",1,5,"Emergency Skills",NY,"1700 Macombs Road - 5th Floor","(646) 418-3837",10453
Bronx,,718-583-1736,"4th Floor Main Hall",1,13,"Emergency Skills",NY,"1600 Webster Avenue",718-583-1736,10457
Bronx,"JASON LEVY",718-583-6767,"Main Entrance - Hallway",1,7,"Emergency Skills",NY,"1600 Webster Avenue",718-583-6767,10457
BRONX,"Damon McCord",,"4th Floor Room 435C",1,11,"Emergency Skills",NY,"244 E. 163rd ST.",718-410-3430,10451
BRONX,"Damon McCord",,"MAIN ENTRANCE",1,11,"Emergency Skills",NY,"244 E. 163rd ST.",718-410-3430,10451
BRONX,"Damon McCord",,"PSAL ",1,11,"Emergency Skills",NY,"244 E. 163rd ST.",718-410-3430,10451
BRONX,"Damon McCord",,"PSAL ",1,11,"Emergency Skills",NY,"244 E. 163rd ST.",718-410-3430,10451
BRONX,"Damon McCord",," ",1,11,"Emergency Skills",NY,"244 E. 163rd ST.",718-410-3430,10451
BRONX,"RAHESHA AMON","(212) 690-5977",,1,14,"Emergency Skills",NY,"3630 THIRD AVENUE",718-538-9726,10456
Bronx,"Ivan Yip","718 299 4274",OFFICE,1,20,"Emergency Skills",NY,"1710 Webster Avenue",7182994274,10457
Bronx,"Ivan Yip","718 299 4274","Main Entrance",1,20,"Emergency Skills",NY,"1710 Webster Avenue",7182994274,10457
Bronx,"Ivan Yip","718 299 4274",OFFICE,1,20,"Emergency Skills",NY,"1710 Webster Avenue",7182994274,10457
Bronx,"Ivan Yip","718 299 4274",OFFICE,1,20,"Emergency Skills",NY,"1710 Webster Avenue",7182994274,10457
Bronx,"Joseph Mulligan",718-584-1899,"MAIN ENTRANCE",1,11,"Emergency Skills",NY,"2100 La Fontaine Avenue",718-584-1899,10457
Bronx,"HERB BOXER","718 796 8695","MAIN ENTRANCE",1,4,"Emergency Skills",NY,"3201 Kingsbridge Avenue",(718)796-8840,10463
Bronx,"HERB BOXER","718 796 8695","3rd Fooor - Outside  Room 351",1,4,"Emergency Skills",NY,"3201 Kingsbridge Avenue",(718)796-8840,10463
Bronx,"Rosa Peralta","718 584 3043","Main Entrance",1,10,"Emergency Skills",NY,"3010 Briggs Avenue",718-584-3043,10458
Bronx,"DENISE EGGLESTON","718 584 3291","MAIN ENTRANCE",1,11,"Emergency Skills",NY,"230 East 183rd Street",718-584-3291,10458
Bronx,"TARA EDMONDS",718-563-0473,"Rm 238",1,11,"Emergency Skills",NY,"2195 Andrews Avenue",718-563-0473,10453
Bronx,"TARA EDMONDS",718-563-0473,"1St Floor - MAIN",1,11,"Emergency Skills",NY,"2195 Andrews Avenue",718-563-0473,10453
Bronx,"TARA EDMONDS",718-563-0473,"1st Floor Main Entrance",1,11,"Emergency Skills",NY,"2195 Andrews Avenue",718-563-0473,10453
BRONX,"Paula Deortentiis@schools.nyc.gov","718 584 5510","THIRD FLOOR - 315",1,11,"Emergency Skills",NY,"3050 WEBSTER AVE",718-584-5510,10467
BRONX,"Paula Deortentiis@schools.nyc.gov","718 584 5510",ANNEX,1,11,"Emergency Skills",NY,"3050 WEBSTER AVE",718-584-5510,10467
BRONX,"Paula Deortentiis@schools.nyc.gov","718 584 5510","Main Entrance",1,11,"Emergency Skills",NY,"3050 WEBSTER AVE",718-584-5510,10467
Bronx,"Amy Rodriguez","718 584 3992","2nd Floor Outside Nurses Office",1,16,"Emergency Skills",NY,"2151 Washington Avenue",718-584-3992,10457
Bronx,"Amy Rodriguez","718 584 3992","MAIN ENTRANCE",1,16,"Emergency Skills",NY,"2151 Washington Avenue",718-584-3992,10457
Bronx,"GALE SHULMAN","718 796 8845","MAIN ENTRANCE",1,12,"Emergency Skills",NY,"660 West 236 Street",718-796-8845,10463
Bronx,"William  Payret","(718) 584-3683","Mini School",1,8,"Emergency Skills",NY,"690 East 183 Street","(718) 584-3683",10458
Bronx,"William  Payret","(718) 584-3683","4th Floor",1,8,"Emergency Skills",NY,"690 East 183 Street","(718) 584-3683",10458
Bronx,"William  Payret","(718) 584-3683","3rd Floor -South Wing",1,8,"Emergency Skills",NY,"690 East 183 Street","(718) 584-3683",10458
Bronx,"William  Payret","(718) 584-3683",Pool,1,8,"Emergency Skills",NY,"690 East 183 Street","(718) 584-3683",10458
Bronx,"William  Payret","(718) 584-3683","Main Entrance",1,8,"Emergency Skills",NY,"690 East 183 Street","(718) 584-3683",10458
Bronx,"Maria Cruz","718 584 3926","MAIN ENTRANCE",1,11,"Emergency Skills",NY,"2424 Jerome Avenue","(718) 584-3926",10468
Bronx,"Maria Cruz","718 584 3926","Annex - Main Entrance",1,11,"Emergency Skills",NY,"2424 Jerome Avenue","(718) 584-3926",10468
Bronx,"Maria Cruz","718 584 3926","3rd Floor",1,11,"Emergency Skills",NY,"2424 Jerome Avenue","(718) 584-3926",10468
Bronx,,718-796-0360,"Main Entrance",1,13,"Emergency Skills",NY,"360 West 230 Street",718-796-0360,10463
Bronx,,718-796-0360,"Third Floor",1,13,"Emergency Skills",NY,"360 West 230 Street",718-796-0360,10463
Bronx,"Filomena Mannan",718-584-1660,"Cafeteria - Kitchen Area",1,13,"Emergency Skills",NY,"2502 Lorillard Place","(718) 584-1660",10458
Bronx,"Filomena Mannan",718-584-1660,"MAIN ENTRANCE",1,13,"Emergency Skills",NY,"2502 Lorillard Place","(718) 584-1660",10458
Bronx,"Filomena Mannan",718-584-1660,"Room 407 4th Floor",1,13,"Emergency Skills",NY,"2502 Lorillard Place","(718) 584-1660",10458
Bronx,"ROXANNA BELLO-SULLIVAN","718 584 4450","Third Floor",1,2,"Emergency Skills",NY,"279 East 196 Street","(718) 584-4450",10458
Bronx,"ROXANNA BELLO-SULLIVAN","718 584 4450","4th Floor - Catholic School",1,2,"Emergency Skills",NY,"279 East 196 Street","(718) 584-4450",10458
Bronx,"ROXANNA BELLO-SULLIVAN","718 584 4450","Mini - Main Entrance",1,2,"Emergency Skills",NY,"279 East 196 Street","(718) 584-4450",10458
Bronx,"ROXANNA BELLO-SULLIVAN","718 584 4450","MAIN ENTRANCE",1,2,"Emergency Skills",NY,"279 East 196 Street","(718) 584-4450",10458
Bronx,"ALEXANDER STOKLEY",718-584-8772,"Main Entrance",1,3,"Emergency Skills",NY,"3200 Jerome Avenue",718-584-8772,10468
Bronx,"Maribelle Pardo","718 585 4203","4th Floor",1,,"Emergency Skills",NY,"2703 Webster Avenue",718-584-4203,10458
Bronx,"Maribelle Pardo","718 585 4203",,1,,"Emergency Skills",NY,"2703 Webster Avenue",718-584-4203,10458
Bronx,"Maria Taubner","718 405 6330","MAIN ENTRANCE",1,13,"Emergency Skills",NY,"341 East 207 Street",718-405-6330,10467
Bronx,"CHRISTINE MCHUGH",718-584-4730,"3rd Floor",1,11,"Emergency Skills",NY,"2185 Bathgate Avenue",718-584-4730,10457
Bronx,"CHRISTINE MCHUGH",718-584-4730,"Main Entrance",1,11,"Emergency Skills",NY,"2185 Bathgate Avenue",718-584-4730,10457
Bronx,"CHRISTINE MCHUGH",718-584-4730,"5th Floor",1,11,"Emergency Skills",NY,"2185 Bathgate Avenue",718-584-4730,10457
Bronx,"Joseph Tuitt",718-584-4810,"Main Entrance",1,12,"Emergency Skills",NY,"125 East 181 Street",718-584-4810,10453
Bronx,"Jeffrey Santiago","(718) 405-6329","Main Entrance",1,18,"Emergency Skills",NY,"149 East Mosholu Parkway","(718) 405-6300",10467
Bronx,"MELODIE MASHEL","718 796 8965","MAIN ENTRANCE",1,10,"Emergency Skills",NY,"5550 Riverdale Avenue","(718) 884-5822",10471
Bronx,"MARY DORAN","718 584 5275","Mini School - Main Entrance",1,8,"Emergency Skills",NY,"2400 Marion Avenue",718-584-5275,10458
Bronx,"MARY DORAN","718 584 5275","Main Entrance",1,8,"Emergency Skills",NY,"2400 Marion Avenue",718-584-5275,10458
Bronx,"Emily Coca ","718 584 5585",Principal,1,10,"Emergency Skills",NY,"2756 Reservoir Avenue","(718) 584-5585",10468
Bronx,"Emily Coca ","718 584 5585","MAIN entance",1,10,"Emergency Skills",NY,"2756 Reservoir Avenue","(718) 584-5585",10468
Bronx,"Emily Coca ","718 584 5585","Mini School",1,10,"Emergency Skills",NY,"2756 Reservoir Avenue","(718) 584-5585",10468
Bronx,"Emily Coca ","718 584 5585",Principal,1,10,"Emergency Skills",NY,"2756 Reservoir Avenue","(718) 584-5585",10468
Bronx,"Emily Coca ","718 584 5585","3rd Floor",1,10,"Emergency Skills",NY,"2756 Reservoir Avenue","(718) 584-5585",10468
BRONX,"Ada Aguilar",718-584-5805,"Annex First Floor",1,5,"Emergency Skills",NY,"2200 AQUEDUCT AVE",718-584-5805,10453
BRONX,"Ada Aguilar",718-584-5805,"MAIN ENTRANCE",1,5,"Emergency Skills",NY,"2200 AQUEDUCT AVE",718-584-5805,10453
Bronx,"Iris Clariot","718 405 6345","Main Entrance In Annex",1,11,"Emergency Skills",NY,"3530 Kings College Place",718-405-6345,10467
Bronx,"Iris Clariot","718 405 6345","MAIN ENTRANCE - Main Bldg",1,11,"Emergency Skills",NY,"3530 Kings College Place",718-405-6345,10467
Bronx,"Ellen Horsting","718 796 9200","MAIN ENTRANCE",1,6,"Emergency Skills",NY,"3961 Hillman Avenue",718-796-9200,10463
Bronx,"Ellen Horsting","718 796 9200",,1,6,"Emergency Skills",NY,"3961 Hillman Avenue",718-796-9200,10463
Bronx,"DAVID FORMAN",718-584-2330,"Main Entrance",1,11,"Emergency Skills",NY,"577 East 179 Street",718-584-2330,10457
Bronx,"DAVID FORMAN",718-584-2330,"Mini School - Main Entrance",1,11,"Emergency Skills",NY,"577 East 179 Street",718-584-2330,10457
Bronx,,,PSAL,1,24,"Emergency Skills",NY,"660 West 237 Street",718-796-8516,10463
Bronx,,,PSAL,1,24,"Emergency Skills",NY,"660 West 237 Street",718-796-8516,10463
Bronx,,,PSAL,1,24,"Emergency Skills",NY,"660 West 237 Street",718-796-8516,10463
Bronx,,,"Thrid Floor",1,24,"Emergency Skills",NY,"660 West 237 Street",718-796-8516,10463
Bronx,,,"Main Entrance - Near School Safety",1,24,"Emergency Skills",NY,"660 West 237 Street",718-796-8516,10463
Bronx,"LUIS LIZ",718-584-6140,"3RD FLOOR OUTSIDE GENERAL OFFICE",1,3,"Emergency Skills",NY,"2315 Washington Avenue",718-584-6140,10458
Bronx,"PAUL BOCCIA",718-584-6390,"MAIN ENTRANCE",1,5,"Emergency Skills",NY,"2475 Southern Boulevard",718-584-6390,10458
Bronx,"DAVID NEERING","718 584 1570","MAIN ENTRANCE",1,9,"Emergency Skills",NY,"2280 Aqueduct Avenue",718-584-1570,10468
Bronx,"LEIGH BETANCOURT","718 796 9573","MAIN ENTRANCE",1,10,"Emergency Skills",NY,"3030 Godwin Terrace",718-796-9573,10463
Bronx,"ANNE KEEGAN",718-364-0085,"MAIN ENTRANCE",1,13,"Emergency Skills",NY,"313 East 183 Street","(718) 364-0085",10458
BRONX,"LYNN PASSARELLA",718-584-0832,"4th Floor Outside Main Office",1,6,"Emergency Skills",NY,"2225 WEBSTER AVE",718-584-0832,10457
Bronx,"GLORIA DARDEN",718-583-5560,"MAIN ENTRANCE",1,7,"Emergency Skills",NY,"1950 Sedgwick Avenue","(718) 583-5560",10453
Bronx,"GLORIA DARDEN",718-583-5560,"2nd Floor Rm 130",1,7,"Emergency Skills",NY,"1950 Sedgwick Avenue","(718) 583-5560",10453
BRONX,"chris Williams","(718) 884-6673","Main Entrance",1,3,"Emergency Skills",NY,"4525 MANHATTAN COLLEGE PARKWAY",718-884-6673,10471
BRONX,"Kenneth Baum",718-466-7800,"Main Entrance First Floor",1,6,"Emergency Skills",NY,"1595 BATHGATE AVENUE",718-432-0537,10457
BRONX,"Anthony Letizia ",718-601-2869,"Main Lobby",1,12,"Emergency Skills",NY,"120 W 231 ST",718-601-2869,10463
BRONX,"Anthony Letizia ",718-601-2869,"5th Floor Near Elevator",1,12,"Emergency Skills",NY,"120 W 231 ST",718-601-2869,10463
Bronx,"Ana Marte","(718) 584-6764","Main Entrance",1,8,"Emergency Skills",NY,"2641 Grand Concourse","(718) 584-6764",10468
Bronx,"Ana Marte","(718) 584-6764","3rd Floor",1,8,"Emergency Skills",NY,"2641 Grand Concourse","(718) 584-6764",10468
Bronx,"Ana Marte","(718) 584-6764",,1,8,"Emergency Skills",NY,"2641 Grand Concourse","(718) 584-6764",10468
Bronx,"Peter Soans","(718) 220-8700","Main Entrance",1,4,"Emergency Skills",NY,"2452 Washington Avenue","(718) 220-8700",10458
Bronx,"Alexandra McGill","718 405 6360","MAIN ENTRANCE",1,4,"Emergency Skills",NY,"3202 Steuben Avenue",718-405-6360,10467
Bronx,"Darwin Smith",718-583-5355,"4TH FLOOR- OUTSIDE 456",1,8,"Emergency Skills",NY,"40 West Tremont Avenue",718-583-5355,10453
Bronx,"Darwin Smith",718-583-5355,"MAIN ENTRANCE",1,8,"Emergency Skills",NY,"40 West Tremont Avenue",718-583-5355,10453
Bronx,"Liza Ocasio","(718) 601-2632","MAIN ENTRANCE",1,10,"Emergency Skills",NY,"124 EAMES PLACE","(718) 601-2632",10468
BRONX,"Jason Kovac",718-515-0410,"Main Entrance",1,,"Emergency Skills",NY,"3617 BAINBRIDGE AVE.",718-515-0410,10467
Bronx,"Michael Calfano","718 796 9434","Mini School",1,16,"Emergency Skills",NY,"260 West Kingsbridge Road",718-796-9434,10463
Bronx,"Michael Calfano","718 796 9434","MAIN ENTRANCE",1,16,"Emergency Skills",NY,"260 West Kingsbridge Road",718-796-9434,10463
Bronx,"REGINA BURKE",718-584-7441,"MAIN ENTRANCE",1,5,"Emergency Skills",NY,"2246 Jerome Avenue",718-584-7441,10453
Bronx,"DEIRDRE BURKE","718 220 1830","MAIN ENTRANCE",1,11,"Emergency Skills",NY,"25 West 195 Street","(718) 220-1830",10468
Bronx,"Bolton White","718 548 1511","MAIN ENTRANCE",1,9,"Emergency Skills",NY,"2880 Kingsbridge Terrace",718-548-1511,10463
Bronx,"Bolton White","718 548 1511",,1,9,"Emergency Skills",NY,"2880 Kingsbridge Terrace",718-548-1511,10463
Bronx,"Rich Lehman ",718-432-4300,PSAL,1,17,"Emergency Skills",NY,"2975 TIBBETT AVENUE",(718)432-4300,10463
Bronx,"Rich Lehman ",718-432-4300,PSAL,1,17,"Emergency Skills",NY,"2975 TIBBETT AVENUE",(718)432-4300,10463
Bronx,"Rich Lehman ",718-432-4300,PSAL,1,17,"Emergency Skills",NY,"2975 TIBBETT AVENUE",(718)432-4300,10463
Bronx,"Rich Lehman ",718-432-4300,"Second Floor - o/s Auditorium",1,17,"Emergency Skills",NY,"2975 TIBBETT AVENUE",(718)432-4300,10463
Bronx,"Rich Lehman ",718-432-4300,"Third Floor- o/s 317",1,17,"Emergency Skills",NY,"2975 TIBBETT AVENUE",(718)432-4300,10463
Bronx,"Rich Lehman ",718-432-4300,"Second Floor - o/s Gym 236A",1,17,"Emergency Skills",NY,"2975 TIBBETT AVENUE",(718)432-4300,10463
Bronx,"Rich Lehman ",718-432-4300,"Main Entrance",1,17,"Emergency Skills",NY,"2975 TIBBETT AVENUE",(718)432-4300,10463
Bronx,"Rich Lehman ",718-432-4300,"P721X @ P368X",1,17,"Emergency Skills",NY,"2975 TIBBETT AVENUE",(718)432-4300,10463
Bronx,"Margaret Ekeyre RN",718-584-1295,"Main Entrance",1,,"Emergency Skills",NY,"2225 Webster Avenue",718-584-0980,10457
Bronx,"Margaret Ekeyre RN",718-584-1295,"Main Entrance",1,,"Emergency Skills",NY,"2225 Webster Avenue",718-584-0980,10457
Bronx,"LOURDES PRIETO LOPEZ, AP",718-294-0862,"Main Entrance 396",1,5,"Emergency Skills",NY,"1930 Andrews Avenue",718-294-0862,10453
Bronx,"LOURDES PRIETO LOPEZ, AP",718-294-0862,"Main Entrance",1,5,"Emergency Skills",NY,"1930 Andrews Avenue",718-294-0862,10453
Bronx,"LOURDES PRIETO LOPEZ, AP",718-294-0862,"2nd Floor outside Room 222",1,5,"Emergency Skills",NY,"1930 Andrews Avenue",718-294-0862,10453
Bronx,"Leonilda Chevalier","718 584 0350 ext.411","3rd Floor",1,9,"Emergency Skills",NY,"120 East 184 Street",718-584-0350,10468
Bronx,"Leonilda Chevalier","718 584 0350 ext.411","MAIN ENTRANCE",1,9,"Emergency Skills",NY,"120 East 184 Street",718-584-0350,10468
Bronx,"Leonilda Chevalier","718 584 0350 ext.411",,1,9,"Emergency Skills",NY,"120 East 184 Street",718-584-0350,10468
BRONX,"LORNA GILBERT",718-992-3709,"3rd Floor - Near Rm 380 and Girl's Locker Rm",1,16,"Emergency Skills",NY,"240 E 172ND ST",718-992-3709,10457
BRONX,"LORNA GILBERT",718-992-3709,PSAL,1,16,"Emergency Skills",NY,"240 E 172ND ST",718-992-3709,10457
BRONX,"LORNA GILBERT",718-992-3709,"4th Floor Across from 427A & Gym",1,16,"Emergency Skills",NY,"240 E 172ND ST",718-992-3709,10457
BRONX,"LORNA GILBERT",718-992-3709,"PSAL- ",1,16,"Emergency Skills",NY,"240 E 172ND ST",718-992-3709,10457
BRONX,"LORNA GILBERT",718-992-3709,"Basement Across From B62 & Girl's Bathroom",1,16,"Emergency Skills",NY,"240 E 172ND ST",718-992-3709,10457
BRONX,"LORNA GILBERT",718-992-3709,PSAL,1,16,"Emergency Skills",NY,"240 E 172ND ST",718-992-3709,10457
BRONX,"LORNA GILBERT",718-992-3709,PSAL,1,16,"Emergency Skills",NY,"240 E 172ND ST",718-992-3709,10457
BRONX,"LORNA GILBERT",718-992-3709,"MAIN SECURITY",1,16,"Emergency Skills",NY,"240 E 172ND ST",718-992-3709,10457
BRONX,"LORNA GILBERT",718-992-3709,PSAL,1,16,"Emergency Skills",NY,"240 E 172ND ST",718-992-3709,10457
BRONX,"LORNA GILBERT",718-992-3709,PSAL,1,16,"Emergency Skills",NY,"240 E 172ND ST",718-992-3709,10457
BRONX,"LORNA GILBERT",718-992-3709,"2nd Floor",1,16,"Emergency Skills",NY,"240 E 172ND ST",718-992-3709,10457
BRONX,"Eric Swillinger",845-662-1452,PSAL,1,26,"Emergency Skills",NY,"2780 RESERVOIR AVE",718-364-7400,10468
BRONX,"Eric Swillinger",845-662-1452,PSAL,1,26,"Emergency Skills",NY,"2780 RESERVOIR AVE",718-364-7400,10468
BRONX,"Eric Swillinger",845-662-1452,PSAL,1,26,"Emergency Skills",NY,"2780 RESERVOIR AVE",718-364-7400,10468
BRONX,"Eric Swillinger",845-662-1452,PSAL,1,26,"Emergency Skills",NY,"2780 RESERVOIR AVE",718-364-7400,10468
BRONX,"Eric Swillinger",845-662-1452,PSAL,1,26,"Emergency Skills",NY,"2780 RESERVOIR AVE",718-364-7400,10468
BRONX,"Eric Swillinger",845-662-1452,PSAL,1,26,"Emergency Skills",NY,"2780 RESERVOIR AVE",718-364-7400,10468
BRONX,"Eric Swillinger",845-662-1452,PSAL,1,26,"Emergency Skills",NY,"2780 RESERVOIR AVE",718-364-7400,10468
BRONX,"Eric Swillinger",845-662-1452,PSAL,1,26,"Emergency Skills",NY,"2780 RESERVOIR AVE",718-364-7400,10468
BRONX,"Eric Swillinger",845-662-1452,PSAL,1,26,"Emergency Skills",NY,"2780 RESERVOIR AVE",718-364-7400,10468
BRONX,"Eric Swillinger",845-662-1452,PSAL,1,26,"Emergency Skills",NY,"2780 RESERVOIR AVE",718-364-7400,10468
BRONX,"Eric Swillinger",845-662-1452,PSAL,1,26,"Emergency Skills",NY,"2780 RESERVOIR AVE",718-364-7400,10468
BRONX,"Eric Swillinger",845-662-1452,"MAIN ENTRANCE",1,26,"Emergency Skills",NY,"2780 RESERVOIR AVE",718-364-7400,10468
BRONX,"Eric Swillinger",845-662-1452,"3RD FLOOR ROOM 328",1,26,"Emergency Skills",NY,"2780 RESERVOIR AVE",718-364-7400,10468
BRONX,"Marc A. Pascente","718-295-3630  -766","PSAL- ",1,3,"Emergency Skills",NY,"500 E FORDHAM RD",718-295-3630,10458
BRONX,"Marc A. Pascente","718-295-3630  -766","PSAL  ",1,3,"Emergency Skills",NY,"500 E FORDHAM RD",718-295-3630,10458
BRONX,"Marc A. Pascente","718-295-3630  -766","PSAL- ",1,3,"Emergency Skills",NY,"500 E FORDHAM RD",718-295-3630,10458
BRONX,"Marc A. Pascente","718-295-3630  -766","PSAL- ",1,3,"Emergency Skills",NY,"500 E FORDHAM RD",718-295-3630,10458
BRONX,"Marc A. Pascente","718-295-3630  -766","PSAL- ",1,3,"Emergency Skills",NY,"500 E FORDHAM RD",718-295-3630,10458
BRONX,"Marc A. Pascente","718-295-3630  -766","PSAL- ",1,3,"Emergency Skills",NY,"500 E FORDHAM RD",718-295-3630,10458
BRONX,"Marc A. Pascente","718-295-3630  -766","PSAL- ",1,3,"Emergency Skills",NY,"500 E FORDHAM RD",718-295-3630,10458
BRONX,"Marc A. Pascente","718-295-3630  -766","PSAL- ",1,3,"Emergency Skills",NY,"500 E FORDHAM RD",718-295-3630,10458
BRONX,"Marc A. Pascente","718-295-3630  -766","PSAL- ",1,3,"Emergency Skills",NY,"500 E FORDHAM RD",718-295-3630,10458
BRONX,"Marc A. Pascente","718-295-3630  -766",B18,1,3,"Emergency Skills",NY,"500 E FORDHAM RD",718-295-3630,10458
BRONX,"Marc A. Pascente","718-295-3630  -766","Main Entrance",1,3,"Emergency Skills",NY,"500 E FORDHAM RD",718-295-3630,10458
BRONX,"Marc A. Pascente","718-295-3630  -766","3RD FLOOR OUTSIDE Room 306",1,3,"Emergency Skills",NY,"500 E FORDHAM RD",718-295-3630,10458
BRONX,"James Cunningham","(718) 817-7400",PSAL,1,68,"Emergency Skills",NY,"99 TERRACE VIEW AVENUE","1(718) 292-4513 ",10463
BRONX,"James Cunningham","(718) 817-7400",PSAL,1,68,"Emergency Skills",NY,"99 TERRACE VIEW AVENUE","1(718) 292-4513 ",10463
BRONX,"James Cunningham","(718) 817-7400",PSAL,1,68,"Emergency Skills",NY,"99 TERRACE VIEW AVENUE","1(718) 292-4513 ",10463
BRONX,"James Cunningham","(718) 817-7400","1st Floor Freight Elevator",1,68,"Emergency Skills",NY,"99 TERRACE VIEW AVENUE","1(718) 292-4513 ",10463
BRONX,"James Cunningham","(718) 817-7400","4th Floor Freight Elevator",1,68,"Emergency Skills",NY,"99 TERRACE VIEW AVENUE","1(718) 292-4513 ",10463
BRONX,"James Cunningham","(718) 817-7400","3rd Floor Frieght Elevator",1,68,"Emergency Skills",NY,"99 TERRACE VIEW AVENUE","1(718) 292-4513 ",10463
BRONX,"James Cunningham","(718) 817-7400","5TH FLOOR FREIGHT ELEVATOR BANK",1,68,"Emergency Skills",NY,"99 TERRACE VIEW AVENUE","1(718) 292-4513 ",10463
BRONX,"James Cunningham","(718) 817-7400","PSAL ",1,68,"Emergency Skills",NY,"99 TERRACE VIEW AVENUE","1(718) 292-4513 ",10463
BRONX,"James Cunningham","(718) 817-7400","8TH FLOOR FREIGHT ELEVATOR",1,68,"Emergency Skills",NY,"99 TERRACE VIEW AVENUE","1(718) 292-4513 ",10463
BRONX,"James Cunningham","(718) 817-7400","PSAL  ",1,68,"Emergency Skills",NY,"99 TERRACE VIEW AVENUE","1(718) 292-4513 ",10463
BRONX,"James Cunningham","(718) 817-7400","PSAL  ",1,68,"Emergency Skills",NY,"99 TERRACE VIEW AVENUE","1(718) 292-4513 ",10463
BRONX,"James Cunningham","(718) 817-7400","PSAL ",1,68,"Emergency Skills",NY,"99 TERRACE VIEW AVENUE","1(718) 292-4513 ",10463
BRONX,"James Cunningham","(718) 817-7400","PSAL ",1,68,"Emergency Skills",NY,"99 TERRACE VIEW AVENUE","1(718) 292-4513 ",10463
BRONX,"James Cunningham","(718) 817-7400","PSAL ",1,68,"Emergency Skills",NY,"99 TERRACE VIEW AVENUE","1(718) 292-4513 ",10463
BRONX,"James Cunningham","(718) 817-7400",PSAL,1,68,"Emergency Skills",NY,"99 TERRACE VIEW AVENUE","1(718) 292-4513 ",10463
Bronx,"Gloria Guadalupe",,"Main Office",1,20,"Emergency Skills",NY,"University Avenue & West 181",718-289-5300,10453
Bronx,"Gloria Guadalupe",,"3rd Floor",1,20,"Emergency Skills",NY,"University Avenue & West 181",718-289-5300,10453
Bronx,"Gloria Guadalupe",,PSAL,1,20,"Emergency Skills",NY,"University Avenue & West 181",718-289-5300,10453
Bronx,"Gloria Guadalupe",,"PSAL ",1,20,"Emergency Skills",NY,"University Avenue & West 181",718-289-5300,10453
Bronx,"Lillian Ruiz, AP","(718) 584-2700",PSAL,1,9,"Emergency Skills",NY,"2474 Crotona Avenue",718-584-2700,10458
Bronx,"Lillian Ruiz, AP","(718) 584-2700","PSAL- ",1,9,"Emergency Skills",NY,"2474 Crotona Avenue",718-584-2700,10458
Bronx,"Lillian Ruiz, AP","(718) 584-2700","PSAL- ",1,9,"Emergency Skills",NY,"2474 Crotona Avenue",718-584-2700,10458
Bronx,"Lillian Ruiz, AP","(718) 584-2700","PSAL ",1,9,"Emergency Skills",NY,"2474 Crotona Avenue",718-584-2700,10458
Bronx,"Lillian Ruiz, AP","(718) 584-2700","MAIN ENTRANCE",1,9,"Emergency Skills",NY,"2474 Crotona Avenue",718-584-2700,10458
Bronx,"STEVEN SCHULMAN","718 329 2144","MAIN ENTRANCE",1,13,"Emergency Skills",NY,"2925 Goulden Avenue",718-329-2144,10468
Bronx,"STEVEN SCHULMAN","718 329 2144","PSAL ",1,13,"Emergency Skills",NY,"2925 Goulden Avenue",718-329-2144,10468
Bronx,"STEVEN SCHULMAN","718 329 2144","PSAL- ",1,13,"Emergency Skills",NY,"2925 Goulden Avenue",718-329-2144,10468
Bronx,"STEVEN SCHULMAN","718 329 2144","PSAL ",1,13,"Emergency Skills",NY,"2925 Goulden Avenue",718-329-2144,10468
Bronx,"STEVEN SCHULMAN","718 329 2144",PSAL,1,13,"Emergency Skills",NY,"2925 Goulden Avenue",718-329-2144,10468
Bronx,"STEVEN SCHULMAN","718 329 2144",PSAL,1,13,"Emergency Skills",NY,"2925 Goulden Avenue",718-329-2144,10468
Bronx,"STEVEN SCHULMAN","718 329 2144",,1,13,"Emergency Skills",NY,"2925 Goulden Avenue",718-329-2144,10468
Bronx,"Ira Schulman","718 324 1262","MAIN ENTRANCE",1,11,"Emergency Skills",NY,"4550 Carpenter Avenue",718-324-1262,10470
Bronx,"Tim Sullivan",718-324-1924,"Main Entrance",1,10,"Emergency Skills",NY,"4318 Katonah Avenue",718-324-1924,10470
Bronx,"Carol Porter","718 652 3903","MAIN LOBBY",1,6,"Emergency Skills",NY,"715 East 225 Street",718-652-3903,10466
Bronx,"Mark Salzman","718-652-3461 718-892-5270","MAIN ENTRANCE",1,3,"Emergency Skills",NY,"3352 Olinville Avenue","(718) 652-3461",10467
Bronx,"Nicole Robinson","718 324 2854","MAIN ENTRANCE",1,13,"Emergency Skills",NY,"4011 Monticello Avenue","(718) 324-2854",10466
Bronx,"Nicole Robinson","718 324 2854","Mini Building",1,13,"Emergency Skills",NY,"4011 Monticello Avenue","(718) 324-2854",10466
Bronx,"KAREN HUMPHREY","718 882 8865","MINI-SCHOOL MAIN ENTRANCE",1,13,"Emergency Skills",NY,"900 Adee Avenue","(718) 882-8865",10469
Bronx,"KAREN HUMPHREY","718 882 8865","2ND FLOOR - Main Office",1,13,"Emergency Skills",NY,"900 Adee Avenue","(718) 882-8865",10469
BRONX," ","718 652 1244","MAIN ENTRANCE",1,4,"Emergency Skills",NY,"1400 NEEDHAM AVE","(718) 652-1244",10469
Bronx,"R. Murphy",718-863-1993,"MAIN ENTRANCE - Annex",1,2,"Emergency Skills",NY,"950 Rhinelander Avenue",718-863-1993,10462
Bronx,"R. Murphy",718-863-1993,"Main Lobby",1,2,"Emergency Skills",NY,"950 Rhinelander Avenue",718-863-1993,10462
Bronx,"Patsy Quoshii","718 324 5188","Mini Bldg - T6",1,3,"Emergency Skills",NY,"1935 Bussing Avenue",718-324-5188,10466
Bronx,"Patsy Quoshii","718 324 5188","MAIN ENTRANCE",1,3,"Emergency Skills",NY,"1935 Bussing Avenue",718-324-5188,10466
Bronx,"Carmen Shapiro","718 653 0835","MAIN ENTRANCE",1,10,"Emergency Skills",NY,"980 Mace Avenue","(718) 653-0835",10469
Bronx,"Carmen Shapiro","718 653 0835","Outside Room 425",1,10,"Emergency Skills",NY,"980 Mace Avenue","(718) 653-0835",10469
Bronx,"Carmen Shapiro","718 653 0835",,1,10,"Emergency Skills",NY,"980 Mace Avenue","(718) 653-0835",10469
Bronx,"RONALD MELTER","718 652 4959","Main Entrance",1,13,"Emergency Skills",NY,"650 Waring Avenue",718-652-4959,10467
Bronx,"RONALD MELTER","718 652 4959","TRAILER - T6",1,13,"Emergency Skills",NY,"650 Waring Avenue",718-652-4959,10467
Bronx,"Paul Caron",718-655-4446,"MAIN ENTRANCE",1,6,"Emergency Skills",NY,"1375 Mace Avenue","(718) 655-4446",10469
Bronx,"Paul Caron",718-655-4446,"Main Entrance Mini School",1,6,"Emergency Skills",NY,"1375 Mace Avenue","(718) 655-4446",10469
Bronx,"Tabitha Kellner","718 655 0261","MAIN ENTRANCE",1,9,"Emergency Skills",NY,"4125 Carpenter Avenue",718-655-0261,10466
Bronx,"Tabitha Kellner","718 655 0261",Basement,1,9,"Emergency Skills",NY,"4125 Carpenter Avenue",718-655-0261,10466
Bronx,"Tabitha Kellner","718 655 0261","3rd Floor",1,9,"Emergency Skills",NY,"4125 Carpenter Avenue",718-655-0261,10466
Bronx,"Tabitha Kellner","718 655 0261",Annex,1,9,"Emergency Skills",NY,"4125 Carpenter Avenue",718-655-0261,10466
Bronx,"Patricia Wynne","718 824 7350","Mini School",1,23,"Emergency Skills",NY,"725 Brady Avenue","(718) 824-7350, x411",10462
Bronx,"Patricia Wynne","718 824 7350","MAIN ENTRANCE",1,23,"Emergency Skills",NY,"725 Brady Avenue","(718) 824-7350, x411",10462
Bronx,"Patricia Wynne","718 824 7350","4th Floor",1,23,"Emergency Skills",NY,"725 Brady Avenue","(718) 824-7350, x411",10462
Bronx,"Fran Sehring",718-828-7175,Portables,1,5,"Emergency Skills",NY,"2120 St. Raymond Avenue",718-828-7175,10462
Bronx,"Fran Sehring",718-828-7175,"MAIN ENTRANCE",1,5,"Emergency Skills",NY,"2120 St. Raymond Avenue",718-828-7175,10462
Bronx,"Charles Sperrazza","718 863 9829","MAIN ENTRANCE",1,16,"Emergency Skills",NY,"1166 Neill Avenue","(718) 863-9829",10461
Bronx,"Charles Sperrazza","718 863 9829","Mini School",1,16,"Emergency Skills",NY,"1166 Neill Avenue","(718) 863-9829",10461
Bronx,"MARIA SOHO","718 881 2418","MAIN ENTRANCE",1,9,"Emergency Skills",NY,"3740 Baychester Avenue",718-881-2418,10466
BRONX,"Kevin Green","718 654 6377","MAIN ENTRANCE",1,10,"Emergency Skills",NY,"1925 SCHIEFFELIN AVE",718-654-6377,10466
BRONX,"Kevin Green","718 654 6377","Main Entrance",1,10,"Emergency Skills",NY,"1925 SCHIEFFELIN AVE",718-654-6377,10466
BRONX,"Kevin Green","718 654 6377",Coaches,1,10,"Emergency Skills",NY,"1925 SCHIEFFELIN AVE",718-654-6377,10466
BRONX,"Kevin Green","718 654 6377",Coaches,1,10,"Emergency Skills",NY,"1925 SCHIEFFELIN AVE",718-654-6377,10466
Bronx,"Robert Ruz",718-994-1028,"Main Entrance",1,3,"Emergency Skills",NY,"3710 Barnes Avenue",718-653-2130,10467
Bronx,"Robert Ruz",718-994-1028,"3rd Floor",1,3,"Emergency Skills",NY,"3710 Barnes Avenue",718-653-2130,10467
Bronx,"RACHEL DONNELLY",718-654-2055,"MAIN ENTRANCE",1,7,"Emergency Skills",NY,"2750 Throop Avenue","(718) 654-2055",10469
Bronx,"RACHEL DONNELLY",718-654-2055,Trailers,1,7,"Emergency Skills",NY,"2750 Throop Avenue","(718) 654-2055",10469
Bronx,,718-892-8600,"MAIN ENTRANCE",1,6,"Emergency Skills",NY,"1560 Purdy Street",718-892-8600,10462
Bronx,,718-892-8600,"Main Entrance",1,6,"Emergency Skills",NY,"1560 Purdy Street",718-892-8600,10462
Bronx,"Casimiro V. Cibeli","718 231 0100","MAIN ENTRANCE",1,13,"Emergency Skills",NY,"3750 Baychester Avenue","718-231-0100  138",10466
Bronx,"AIDA OLIVELLA","718 379 7400","MAIN ENTRANCE",1,13,"Emergency Skills",NY,"2545 Gunther Avenue",718-379-7400,10469
Bronx,"Olivia Williams",718-904-5550,"MAIN ENTRANCE",1,5,"Emergency Skills",NY,"650 Baychester Avenue",718-904-5550,10475
Bronx,"Rraine Semaj",718-379-5951,"MAIN ENTRANCE",1,8,"Emergency Skills",NY,"4140 Hutchinson River Pkwy. E",718-379-5950,10475
Bronx,"Tina Gisante",718-885-1093,"Main Entrance",1,5,"Emergency Skills",NY,"200 City Island Avenue",718-885-1093,10464
Bronx,"Uriel Burgos","(718) 904-5576","MAIN ENTRANCE",1,10,"Emergency Skills",NY,"850 Baychester Avenue",718-904-5570,10475
Bronx,"FRANK  UZZO, I.A.",,"MAIN ENTRANCE",1,13,"Emergency Skills",NY,"700 Baychester Avenue",718-904-5650,10475
Bronx,"Jeremy Kabinoff","718 904 5605","MAIN ENTRANCE of MS181",1,11,"Emergency Skills",NY,"800 Baychester Avenue",718-904-5600,10475
Bronx,"Christine Jelalian ","(718) 892-5270","2nd Fl - Outside Gym",1,10,"Emergency Skills",NY,"1301 ZEREGA AVENUE","(718) 892-5270",10462
Bronx,"Christine Jelalian ","(718) 892-5270","2nd Fl - Oustside Nurse Rm 225",1,10,"Emergency Skills",NY,"1301 ZEREGA AVENUE","(718) 892-5270",10462
Bronx,"Christine Jelalian ","(718) 892-5270","Main Entrance",1,10,"Emergency Skills",NY,"1301 ZEREGA AVENUE","(718) 892-5270",10462
BRONX,"Yvonne Rosado",718-861-8641,"Main Entrance",1,14,"Emergency Skills",NY,"1716 Southern Blvd","718-861-8641 x 4010",10460
BRONX,"Yvonne Rosado",718-861-8641,"Room 217",1,14,"Emergency Skills",NY,"1716 Southern Blvd","718-861-8641 x 4010",10460
Bronx,"VICTOR ARROYO",718-944-3529,PSAL,1,48,"Emergency Skills",NY,"925 Astor Avenue",718-994-3529,10469
Bronx,"VICTOR ARROYO",718-944-3529,PSAL,1,48,"Emergency Skills",NY,"925 Astor Avenue",718-994-3529,10469
Bronx,"VICTOR ARROYO",718-944-3529,PSAL,1,48,"Emergency Skills",NY,"925 Astor Avenue",718-994-3529,10469
Bronx,"VICTOR ARROYO",718-944-3529,PSAL,1,48,"Emergency Skills",NY,"925 Astor Avenue",718-994-3529,10469
Bronx,"VICTOR ARROYO",718-944-3529,PSAL,1,48,"Emergency Skills",NY,"925 Astor Avenue",718-994-3529,10469
Bronx,"VICTOR ARROYO",718-944-3529,PSAL,1,48,"Emergency Skills",NY,"925 Astor Avenue",718-994-3529,10469
Bronx,"VICTOR ARROYO",718-944-3529,"MAIN ENTRANCE",1,48,"Emergency Skills",NY,"925 Astor Avenue",718-994-3529,10469
Bronx,"VICTOR ARROYO",718-944-3529,PSAL,1,48,"Emergency Skills",NY,"925 Astor Avenue",718-994-3529,10469
Bronx,"VICTOR ARROYO",718-944-3529,PSAL,1,48,"Emergency Skills",NY,"925 Astor Avenue",718-994-3529,10469
Bronx,"VICTOR ARROYO",718-944-3529,"4TH FLOOR ACROSS FROM RM #477",1,48,"Emergency Skills",NY,"925 Astor Avenue",718-994-3529,10469
Bronx,"VICTOR ARROYO",718-944-3529,PSAL,1,48,"Emergency Skills",NY,"925 Astor Avenue",718-994-3529,10469
Bronx,"VICTOR ARROYO",718-944-3529,PSAL,1,48,"Emergency Skills",NY,"925 Astor Avenue",718-994-3529,10469
BRONX,,,"PE Office",1,26,"Emergency Skills",NY,"20-40 Antin Place",718-319-5160,10462
BRONX,,,"Principal's Office 208",1,26,"Emergency Skills",NY,"20-40 Antin Place",718-319-5160,10462
BRONX,,,"Principal's Office 208",1,26,"Emergency Skills",NY,"20-40 Antin Place",718-319-5160,10462
BRONX,,,"Main Lobby",1,26,"Emergency Skills",NY,"20-40 Antin Place",718-319-5160,10462
BRONX,"John White",718-519-7700-157,PSAL,1,9,"Emergency Skills",NY,"800 East Gun Hill Road",718-519-7700-157,10467
BRONX,"John White",718-519-7700-157,PSAL,1,9,"Emergency Skills",NY,"800 East Gun Hill Road",718-519-7700-157,10467
BRONX,"John White",718-519-7700-157,PSAL,1,9,"Emergency Skills",NY,"800 East Gun Hill Road",718-519-7700-157,10467
BRONX,"John White",718-519-7700-157,PSAL,1,9,"Emergency Skills",NY,"800 East Gun Hill Road",718-519-7700-157,10467
BRONX,"John White",718-519-7700-157,PSAL,1,9,"Emergency Skills",NY,"800 East Gun Hill Road",718-519-7700-157,10467
BRONX,"John White",718-519-7700-157,PSAL,1,9,"Emergency Skills",NY,"800 East Gun Hill Road",718-519-7700-157,10467
BRONX,"John White",718-519-7700-157,PSAL,1,9,"Emergency Skills",NY,"800 East Gun Hill Road",718-519-7700-157,10467
BRONX,"John White",718-519-7700-157,PSAL,1,9,"Emergency Skills",NY,"800 East Gun Hill Road",718-519-7700-157,10467
BRONX,"John White",718-519-7700-157,"PSAL- ",1,9,"Emergency Skills",NY,"800 East Gun Hill Road",718-519-7700-157,10467
BRONX,"John White",718-519-7700-157,"OUTSIDE Rm 409",1,9,"Emergency Skills",NY,"800 East Gun Hill Road",718-519-7700-157,10467
BRONX,"John White",718-519-7700-157,MAIN-SECURITY,1,9,"Emergency Skills",NY,"800 East Gun Hill Road",718-519-7700-157,10467
BRONX,"John White",718-519-7700-157,"Rm 409",1,9,"Emergency Skills",NY,"800 East Gun Hill Road",718-519-7700-157,10467
BRONX,"MICHAEL DESANTIS","718 904 5400","PSAL ",1,31,"Emergency Skills",NY,"750 Baychester Avenue",718-904-5400,10475
BRONX,"MICHAEL DESANTIS","718 904 5400","PSAL ",1,31,"Emergency Skills",NY,"750 Baychester Avenue",718-904-5400,10475
BRONX,"MICHAEL DESANTIS","718 904 5400","PSAL ",1,31,"Emergency Skills",NY,"750 Baychester Avenue",718-904-5400,10475
BRONX,"MICHAEL DESANTIS","718 904 5400","7th Floor Outside 719",1,31,"Emergency Skills",NY,"750 Baychester Avenue",718-904-5400,10475
BRONX,"MICHAEL DESANTIS","718 904 5400","PSAL ",1,31,"Emergency Skills",NY,"750 Baychester Avenue",718-904-5400,10475
BRONX,"MICHAEL DESANTIS","718 904 5400","PSAL ",1,31,"Emergency Skills",NY,"750 Baychester Avenue",718-904-5400,10475
BRONX,"MICHAEL DESANTIS","718 904 5400","5TH FLOOR HALL ACROSS FROM ROOM 523",1,31,"Emergency Skills",NY,"750 Baychester Avenue",718-904-5400,10475
BRONX,"MICHAEL DESANTIS","718 904 5400","PSAL- ",1,31,"Emergency Skills",NY,"750 Baychester Avenue",718-904-5400,10475
BRONX,"MICHAEL DESANTIS","718 904 5400","PSAL ",1,31,"Emergency Skills",NY,"750 Baychester Avenue",718-904-5400,10475
BRONX,"MICHAEL DESANTIS","718 904 5400","1ST FLOOR EXIT 4 ON 1:  STUDENT ENTRY",1,31,"Emergency Skills",NY,"750 Baychester Avenue",718-904-5400,10475
BRONX,"MICHAEL DESANTIS","718 904 5400","1ST FLOOR EXIT 3 ON 1 NEAR FIRE SYSTEM",1,31,"Emergency Skills",NY,"750 Baychester Avenue",718-904-5400,10475
BRONX,"MICHAEL DESANTIS","718 904 5400","3RD FLOOR OUTSIDE ROOM 325",1,31,"Emergency Skills",NY,"750 Baychester Avenue",718-904-5400,10475
BRONX,"MICHAEL DESANTIS","718 904 5400","PSAL  ",1,31,"Emergency Skills",NY,"750 Baychester Avenue",718-904-5400,10475
BRONX,"MICHAEL DESANTIS","718 904 5400",,1,31,"Emergency Skills",NY,"750 Baychester Avenue",718-904-5400,10475
Bronx,,718-319-5175,,1,2,"Emergency Skills",NY,"921 EAST 228TH STREET",718-319-5175,10466
Bronx,,718-319-5175,,1,2,"Emergency Skills",NY,"921 EAST 228TH STREET",718-319-5175,10466
Bronx,"Susan K. Aker","718 542 7676","MAIN OFFICE ENTRANCE",1,12,"Emergency Skills",NY,"1000 East Tremont Avenue",718-542-7676,10460
Bronx,"Susan K. Aker","718 542 7676",,1,12,"Emergency Skills",NY,"1000 East Tremont Avenue",718-542-7676,10460
Bronx,"Donna Ferguson","(718) 583-2360","Main Entrance",1,6,"Emergency Skills",NY,"1825 Prospect Avenue",718-583-2360,10457
Bronx,"LAURA SMITH","718 824 0950","MAIN ENTRANCE BY SCHOOL SAFETY",1,2,"Emergency Skills",NY,"1794 East 172 Street","718 824-0950",10472
Bronx,"ARLENE BISBANO","718 542 2650","4th floor",1,9,"Emergency Skills",NY,"1550 Vyse Avenue",718-542-2650,10460
Bronx,"ARLENE BISBANO","718 542 2650","MAIN ENTRANCE",1,9,"Emergency Skills",NY,"1550 Vyse Avenue",718-542-2650,10460
Bronx,"EDSEL PHILLIP","718 367 9446","MAIN ENTRANCE",1,9,"Emergency Skills",NY,"2111 Crotona Avenue","718 367 9446",10457
Bronx,"EDSEL PHILLIP","718 367 9446","Room 413",1,9,"Emergency Skills",NY,"2111 Crotona Avenue","718 367 9446",10457
Bronx,"CARMEN BENHAIL",718-542-2974,"MAIN ENTRANCE",1,1,"Emergency Skills",NY,"1001 Jennings Street",718-542-2974,10460
Bronx,"CARMEN BENHAIL",718-542-2974,"4th Floor",1,1,"Emergency Skills",NY,"1001 Jennings Street",718-542-2974,10460
Bronx,"Angel Giron Jr.","718 589 8090","MAIN ENTRANCE",1,10,"Emergency Skills",NY,"2024 Mohegan Avenue","(718) 589-8090",10460
Bronx,,"718 731 7900","MAIN ENTRANCE",1,5,"Emergency Skills",NY,"700 East 179 Street",718-731-7900,10457
Bronx,,"718 731 7900","3rd Floor by Room 359",1,5,"Emergency Skills",NY,"700 East 179 Street",718-731-7900,10457
Bronx,"Iris Delossantos","(718) 589-8200","MAIN ENTRANCE",1,1,"Emergency Skills",NY,"1619 Boston Road",718-589-8200,10460
Bronx,"Iris Delossantos","(718) 589-8200","4TH FLOOR OUTSIDE ROOM 427",1,1,"Emergency Skills",NY,"1619 Boston Road",718-589-8200,10460
Bronx,"ZORIADA HERNANDEZ","718 792 4003","MAIN LOBBY",1,8,"Emergency Skills",NY,"1827 Archer Street","718 792-4003",10460
Bronx,"YVETTE BEASLEY","718 933 5976","Main Entrance",1,4,"Emergency Skills",NY,"2055 Mapes Avenue",718-933-5976,10460
Bronx,"KENNETH THOMAS","718 328 3351","MAIN ENTRANCE",1,9,"Emergency Skills",NY,"1330 Bristow Street",718-328-3420,10459
Bronx,"Brenda Singpracha","(718) 328-7729","Main Entrance",1,13,"Emergency Skills",NY,"920 East 167 Street","(718) 328-7729",10459
Bronx,"Brenda Singpracha","(718) 328-7729","Third Floor",1,13,"Emergency Skills",NY,"920 East 167 Street","(718) 328-7729",10459
Bronx,,718-620-9423,"5th Floor",1,24,"Emergency Skills",NY,"1550 Crotona Park East",718-620-9423,10460
Bronx,,718-620-9423,"MAIN ENTRANCE",1,24,"Emergency Skills",NY,"1550 Crotona Park East",718-620-9423,10460
Bronx,"ANDREW KAVANAGH","718 861 4461","Outside Office Next to Room 211",1,11,"Emergency Skills",NY,"1250 Ward Avenue",718-861-4461,10472
Bronx,"Doreen Bryan",718-842-5656,"MAIN ENTRANCE",1,3,"Emergency Skills",NY,"1180 Tinton Avenue",718-842-5656,10456
Bronx,"Doreen Bryan",718-842-5656,"Main Entrance",1,3,"Emergency Skills",NY,"1180 Tinton Avenue",718-842-5656,10456
Bronx,"BRENDA LONES","718 901 0436","MAIN ENTRANCE",1,9,"Emergency Skills",NY,"1919 Prospect Avenue",718-901-0436,10457
Bronx,"BRENDA LONES","718 901 0436","4th Floor",1,9,"Emergency Skills",NY,"1919 Prospect Avenue",718-901-0436,10457
Bronx,"Yohan Lim","718 617 0662","4TH FLOOR ELEVATOR BANK",1,10,"Emergency Skills",NY,"800 Home Street",718-617-0662,10456
Bronx,"Yohan Lim","718 617 0662","Main Entrance",1,10,"Emergency Skills",NY,"800 Home Street",718-617-0662,10456
Bronx,"Victor Willert/Carmen Perez",718-589-6728,"Across from Main Office",1,20,"Emergency Skills",NY,"1970 West Farms Road",718-389-6728,10460
Bronx,"Victor Willert/Carmen Perez",718-589-6728,,1,20,"Emergency Skills",NY,"1970 West Farms Road",718-389-6728,10460
Bronx,"Vernetta Turner Tucker",718-589-4844,"Main Entrance",1,8,"Emergency Skills",NY,"977 Fox Street",718-991-8489,10459
BRONX,"Anthony Stiffler",,,1,2,"Emergency Skills",NY,"800 HOME ST"," 718-542-1155",10456
BRONX,"Carla Theodorou",718-991-4634,,1,17,"Emergency Skills",NY,"1121 Intervale Avenue",718-991-4634,10459
BRONX,"Carla Theodorou",718-991-4634,"Main Office",1,17,"Emergency Skills",NY,"1121 Intervale Avenue",718-991-4634,10459
BRONX,"Carla Theodorou",718-991-4634,,1,17,"Emergency Skills",NY,"1121 Intervale Avenue",718-991-4634,10459
BRONX,"CHARLES OSEWALT","(718) 293-7200",PSAL,1,3,"Emergency Skills",NY,"1100 BOSTON RD",718-542-3700,10456
BRONX,"CHARLES OSEWALT","(718) 293-7200","Rm 307",1,3,"Emergency Skills",NY,"1100 BOSTON RD",718-542-3700,10456
BRONX,"CHARLES OSEWALT","(718) 293-7200","Rm 307",1,3,"Emergency Skills",NY,"1100 BOSTON RD",718-542-3700,10456
BRONX,"CHARLES OSEWALT","(718) 293-7200","MAIN ENTRANCE",1,3,"Emergency Skills",NY,"1100 BOSTON RD",718-542-3700,10456
BRONX,"CHARLES OSEWALT","(718) 293-7200","Rm 307",1,3,"Emergency Skills",NY,"1100 BOSTON RD",718-542-3700,10456
BRONX,"DANIELLE SMITH"," 718-584-6310 ","MAIN ENTRANCE",1,5,"Emergency Skills",NY,"2050 PROSPECT AVE","718-584-6310 ",10457
BRONX,"DANIELLE SMITH"," 718-584-6310 ",Annex,1,5,"Emergency Skills",NY,"2050 PROSPECT AVE","718-584-6310 ",10457
BRONX," ",718-294-0514,"4th Floor",1,12,"Emergency Skills",NY,"1825 Prospect Avenue",718-294-0514,10457
Bronx,"MARK LUTSKY","718 861 0521",PSAL,1,14,"Emergency Skills",NY,"1021 Jennings Street","718 861 0521",10460
Bronx,"MARK LUTSKY","718 861 0521","MAIN ENTRANCE",1,14,"Emergency Skills",NY,"1021 Jennings Street","718 861 0521",10460
Bronx,"MARK LUTSKY","718 861 0521",PSAL,1,14,"Emergency Skills",NY,"1021 Jennings Street","718 861 0521",10460
Bronx,"MARK LUTSKY","718 861 0521",PSAL,1,14,"Emergency Skills",NY,"1021 Jennings Street","718 861 0521",10460
Bronx,"Maybell Breton","718 597 1751","PSAL- ",1,25,"Emergency Skills",NY,"1122 East 180 Street",718-597-1751,10460
Bronx,"Maybell Breton","718 597 1751","MAIN ENTRANCE",1,25,"Emergency Skills",NY,"1122 East 180 Street",718-597-1751,10460
Bronx,"Maybell Breton","718 597 1751",PSAL,1,25,"Emergency Skills",NY,"1122 East 180 Street",718-597-1751,10460
Bronx,"Maybell Breton","718 597 1751",PSAL,1,25,"Emergency Skills",NY,"1122 East 180 Street",718-597-1751,10460
Bronx,"Maybell Breton","718 597 1751",PSAL,1,25,"Emergency Skills",NY,"1122 East 180 Street",718-597-1751,10460
Bronx,"James D. Lopez","718-860-8108 ","PSAL- ",1,18,"Emergency Skills",NY,"1300 Boynton Avenue","718-860-8140 Ext.8108",10472
Bronx,"James D. Lopez","718-860-8108 ","PSAL- ",1,18,"Emergency Skills",NY,"1300 Boynton Avenue","718-860-8140 Ext.8108",10472
Bronx,"James D. Lopez","718-860-8108 ","PSAL- ",1,18,"Emergency Skills",NY,"1300 Boynton Avenue","718-860-8140 Ext.8108",10472
Bronx,"James D. Lopez","718-860-8108 ","PSAL- ",1,18,"Emergency Skills",NY,"1300 Boynton Avenue","718-860-8140 Ext.8108",10472
Bronx,"James D. Lopez","718-860-8108 ","PSAL- ",1,18,"Emergency Skills",NY,"1300 Boynton Avenue","718-860-8140 Ext.8108",10472
Bronx,"James D. Lopez","718-860-8108 ","PSAL- ",1,18,"Emergency Skills",NY,"1300 Boynton Avenue","718-860-8140 Ext.8108",10472
Bronx,"James D. Lopez","718-860-8108 ","MAIN ENTRANCE",1,18,"Emergency Skills",NY,"1300 Boynton Avenue","718-860-8140 Ext.8108",10472
Bronx,"James D. Lopez","718-860-8108 ","3RD FLOOR OUTSIDE MAIN OFFICE",1,18,"Emergency Skills",NY,"1300 Boynton Avenue","718-860-8140 Ext.8108",10472
Bronx,"James D. Lopez","718-860-8108 ","5th Floor - Students Cafeteria",1,18,"Emergency Skills",NY,"1300 Boynton Avenue","718-860-8140 Ext.8108",10472
Bronx,"James D. Lopez","718-860-8108 ",Basement,1,18,"Emergency Skills",NY,"1300 Boynton Avenue","718-860-8140 Ext.8108",10472
Brooklyn,"Michael Breen",718-622-2960,"MAIN ENTRANCE BY SCHOOL SAFETY",1,13,"Emergency Skills",NY,"50 Jefferson Avenue",718-622-2960,11216
Brooklyn,"Michael Breen",718-622-2960,"Outside Rm 300 - 3rd Floor",1,13,"Emergency Skills",NY,"50 Jefferson Avenue",718-622-2960,11216
Brooklyn,"Robert Mikos",718-834-6740,"MAIN ENTRANCE",1,,"Emergency Skills",NY,"37 Hicks Street",718-834-6740,11201
Brooklyn,,718-638-3260,"MAIN ENTRANCE",1,11,"Emergency Skills",NY,"80 Underhill Avenue",718-638-3260,11238
Brooklyn,"VALARIE GREEN","(718) 638-2661","MAIN ENTRANCE/ NEAR SECURITY DESK",1,7,"Emergency Skills",NY,"419 Waverly Place",718-638-2661,11238
Brooklyn,"Deborah DeShong","(718) 834-6744","MAIN ENTRANCE",1,5,"Emergency Skills",NY,"225 Adelphi Street",718-834-6744,11205
Brooklyn,"MARK ZGURO",718-834-6940,"MAIN ENTRANCE",1,9,"Emergency Skills",NY,"432 Monroe Street",718-834-6939,11221
BROOKLYN,"ALICE CLEAR",718-834-7694,"MAIN ENTRANCE/ BY SECURITY DESK",1,7,"Emergency Skills",NY,"100 CLEMONT AVE",718-834-7694,11205
Brooklyn,"Deirdre Reddick",718-834-6752,"MAIN ENTRANCE/ BY SECURITY DESK",1,7,"Emergency Skills",NY,"195 Sandford Street",718-834-6752,11205
Brooklyn,"Yanique Best",718.834.6900,"Main Entrance",1,10,"Emergency Skills",NY,"170 Gates Avenue","718 857-3149",11238
Brooklyn,"Yanique Best",718.834.6900,"3rd Floor Across from 311",1,10,"Emergency Skills",NY,"170 Gates Avenue","718 857-3149",11238
Brooklyn,"Iris Berkel",718-837-6756,"MAIN ENTRANCE/ NEAR SECURITY DESK",1,6,"Emergency Skills",NY,"51 Saint Edwards Street",718-837-6756,11205
Brooklyn,"Iris Berkel",718-837-6756,"3rd FL - Outside Room 323",1,6,"Emergency Skills",NY,"51 Saint Edwards Street",718-837-6756,11205
Brooklyn,"John Leftridge","(718) 604-7366","Main Office",1,7,"Emergency Skills",NY,"31 New York Avenue","(718) 604-7366",11216
Brooklyn,,718-834-6734,"Outside Room 410",1,1,"Emergency Skills",NY,"300 Adelphi Street",718-834-6734,11205
Brooklyn,,718-834-6734,"Main Entrance",1,1,"Emergency Skills",NY,"300 Adelphi Street",718-834-6734,11205
Brooklyn,"MR. HASTY   EXT.120",718-230-5400,"MAIN ENTRANCE/ NEAR SECURITY",1,11,"Emergency Skills",NY,"300 Willoughby Avenue",718-230-5400,11205
Brooklyn,"JOSHUA BLATT",718-834-6908,"MAIN ENTRANCE/ NEAR SECURITY DESK",1,9,"Emergency Skills",NY,"375 Butler Street",718-857-4810,11217
Brooklyn,"Elisha Ankri",718-857-9820,"MAIN ENTRANCE IN BASEMENT",1,3,"Emergency Skills",NY,"114 Kosciusko Street",718-857-9820,11216
Brooklyn,"Matthew Stankevich",718-398-3764,"LOBBY MAIN ENTRANCE",1,3,"Emergency Skills",NY,"141 Macon Street",718-398-3764,11216
Brooklyn,"Nicole Sledge",718-834-6760,"3rd. flr. inside rm.325",1,14,"Emergency Skills",NY,"101 Park Avenue",718-834-6760,11205
Brooklyn,"Nicole Sledge",718-834-6760,PSAL,1,14,"Emergency Skills",NY,"101 Park Avenue",718-834-6760,11205
Brooklyn,"Nicole Sledge",718-834-6760,PSAL,1,14,"Emergency Skills",NY,"101 Park Avenue",718-834-6760,11205
Brooklyn,"Nicole Sledge",718-834-6760,"PSAL ",1,14,"Emergency Skills",NY,"101 Park Avenue",718-834-6760,11205
Brooklyn,"Nicole Sledge",718-834-6760,"3rd flr.",1,14,"Emergency Skills",NY,"101 Park Avenue",718-834-6760,11205
Brooklyn,"Nicole Sledge",718-834-6760,"MAIN LOBBY",1,14,"Emergency Skills",NY,"101 Park Avenue",718-834-6760,11205
Brooklyn,"Gregory Luvish",718-857-2291,"4TH FLOOR - Outside Rm 410",1,3,"Emergency Skills",NY,"62 Park Place",718-857-2291,11217
Brooklyn,"Gregory Luvish",718-857-2291,"MAIN ENTRANCE",1,3,"Emergency Skills",NY,"62 Park Place",718-857-2291,11217
Brooklyn,"Charmin Wells",718-622-2443,"Main Entrance",1,9,"Emergency Skills",NY,"241 Emerson Place",718-622-2443,11205
Brooklyn,"Charmin Wells",718-622-2443,"3rd Floor, Outside Rm 301A",1,9,"Emergency Skills",NY,"241 Emerson Place",718-622-2443,11205
Brooklyn,"Magalie Alexis ",718-834-6965,"MAIN ENTRANCE NEAR SECURITY DESK",1,,"Emergency Skills",NY,"180 Sixth Avenue",718-834-6965,11217
Brooklyn,"Georgia Collins",718-834-4745,"PSAL- 2nd Floor",1,14,"Emergency Skills",NY,"50 Navy Street",718-834-4745,11201
Brooklyn,"Georgia Collins",718-834-4745,"Room 150",1,14,"Emergency Skills",NY,"50 Navy Street",718-834-4745,11201
Brooklyn,"Georgia Collins",718-834-4745,PSAL,1,14,"Emergency Skills",NY,"50 Navy Street",718-834-4745,11201
Brooklyn,"TRACEY ASKEW",718-789-3962,"MAIN ENTRANCE",1,3,"Emergency Skills",NY,"344 Monroe Street",718-789-3962,11216
Brooklyn,"Alice Quinones","(718) 834-4748","Main Entrance",1,12,"Emergency Skills",NY,"209 York Street",718-834-4748,11201
Brooklyn,"Miss. Baldwin",718-858-0249,PSAL,1,6,"Emergency Skills",NY,"49 Flatbush Avenue Extension",718-243-9413,11201
Brooklyn,"Miss. Baldwin",718-858-0249,PSAL,1,6,"Emergency Skills",NY,"49 Flatbush Avenue Extension",718-243-9413,11201
Brooklyn,"Miss. Baldwin",718-858-0249,"Phys Ed Office - First Floor",1,6,"Emergency Skills",NY,"49 Flatbush Avenue Extension",718-243-9413,11201
Brooklyn,"Miss. Baldwin",718-858-0249,PSAL,1,6,"Emergency Skills",NY,"49 Flatbush Avenue Extension",718-243-9413,11201
Brooklyn,"Miss. Baldwin",718-858-0249,"Lobby - Next to Rm 103",1,6,"Emergency Skills",NY,"49 Flatbush Avenue Extension",718-243-9413,11201
Brooklyn,"Miss. Baldwin",718-858-0249,"6th Floor ",1,6,"Emergency Skills",NY,"49 Flatbush Avenue Extension",718-243-9413,11201
Brooklyn,"Miss. Baldwin",718-858-0249,"Outside 412",1,6,"Emergency Skills",NY,"49 Flatbush Avenue Extension",718-243-9413,11201
Brooklyn,"Miss. Baldwin",718-858-0249,"6th Floor Outside room 629",1,6,"Emergency Skills",NY,"49 Flatbush Avenue Extension",718-243-9413,11201
Brooklyn,"Miss. Baldwin",718-858-0249,PSAL,1,6,"Emergency Skills",NY,"49 Flatbush Avenue Extension",718-243-9413,11201
Brooklyn,"Miss. Baldwin",718-858-0249,"Main Office",1,6,"Emergency Skills",NY,"49 Flatbush Avenue Extension",718-243-9413,11201
BROOKLYN,"Armando Cataldi",718-804-6400,"PSAL- ",1,71,"Emergency Skills",NY,"29 FORT GREENE PL",718-804-6400,11217
BROOKLYN,"Armando Cataldi",718-804-6400,"PSAL- ",1,71,"Emergency Skills",NY,"29 FORT GREENE PL",718-804-6400,11217
BROOKLYN,"Armando Cataldi",718-804-6400,PSAL,1,71,"Emergency Skills",NY,"29 FORT GREENE PL",718-804-6400,11217
BROOKLYN,"Armando Cataldi",718-804-6400,"PSAL- ",1,71,"Emergency Skills",NY,"29 FORT GREENE PL",718-804-6400,11217
BROOKLYN,"Armando Cataldi",718-804-6400,"PSAL- ",1,71,"Emergency Skills",NY,"29 FORT GREENE PL",718-804-6400,11217
BROOKLYN,"Armando Cataldi",718-804-6400,"PSAL- ",1,71,"Emergency Skills",NY,"29 FORT GREENE PL",718-804-6400,11217
BROOKLYN,"Armando Cataldi",718-804-6400,"MAIN ENTRANCE",1,71,"Emergency Skills",NY,"29 FORT GREENE PL",718-804-6400,11217
BROOKLYN,"Armando Cataldi",718-804-6400,"PSAL- ",1,71,"Emergency Skills",NY,"29 FORT GREENE PL",718-804-6400,11217
BROOKLYN,"Armando Cataldi",718-804-6400,"INFIRMARY- Outside RM 324",1,71,"Emergency Skills",NY,"29 FORT GREENE PL",718-804-6400,11217
BROOKLYN,"Armando Cataldi",718-804-6400,"Principal's Office",1,71,"Emergency Skills",NY,"29 FORT GREENE PL",718-804-6400,11217
BROOKLYN,"Armando Cataldi",718-804-6400,"PSAL- ",1,71,"Emergency Skills",NY,"29 FORT GREENE PL",718-804-6400,11217
BROOKLYN,"Armando Cataldi",718-804-6400,"PSAL- ",1,71,"Emergency Skills",NY,"29 FORT GREENE PL",718-804-6400,11217
BROOKLYN,"Armando Cataldi",718-804-6400,GYMNASIUM,1,71,"Emergency Skills",NY,"29 FORT GREENE PL",718-804-6400,11217
BROOKLYN,"Armando Cataldi",718-804-6400,"PSAL ",1,71,"Emergency Skills",NY,"29 FORT GREENE PL",718-804-6400,11217
BROOKLYN,"Armando Cataldi",718-804-6400,"PSAL ",1,71,"Emergency Skills",NY,"29 FORT GREENE PL",718-804-6400,11217
BROOKLYN,"Armando Cataldi",718-804-6400,"PSAL ",1,71,"Emergency Skills",NY,"29 FORT GREENE PL",718-804-6400,11217
BROOKLYN,"Armando Cataldi",718-804-6400,"PSAL  ",1,71,"Emergency Skills",NY,"29 FORT GREENE PL",718-804-6400,11217
BROOKLYN,"Armando Cataldi",718-804-6400,"6th Floor",1,71,"Emergency Skills",NY,"29 FORT GREENE PL",718-804-6400,11217
BROOKLYN,"Armando Cataldi",718-804-6400,"2nd Floor",1,71,"Emergency Skills",NY,"29 FORT GREENE PL",718-804-6400,11217
BROOKLYN,"Armando Cataldi",718-804-6400,"5th Floor",1,71,"Emergency Skills",NY,"29 FORT GREENE PL",718-804-6400,11217
BROOKLYN,"Armando Cataldi",718-804-6400,"3rd Floor",1,71,"Emergency Skills",NY,"29 FORT GREENE PL",718-804-6400,11217
BROOKLYN,"Armando Cataldi",718-804-6400,"8th Floor",1,71,"Emergency Skills",NY,"29 FORT GREENE PL",718-804-6400,11217
BROOKLYN,"Armando Cataldi",718-804-6400,basement,1,71,"Emergency Skills",NY,"29 FORT GREENE PL",718-804-6400,11217
BROOKLYN,"Armando Cataldi",718-804-6400,"4th Floor",1,71,"Emergency Skills",NY,"29 FORT GREENE PL",718-804-6400,11217
BROOKLYN,"Armando Cataldi",718-804-6400,"7th Floor",1,71,"Emergency Skills",NY,"29 FORT GREENE PL",718-804-6400,11217
BROOKLYN,"Armando Cataldi",718-804-6400,,1,71,"Emergency Skills",NY,"29 FORT GREENE PL",718-804-6400,11217
Brooklyn,"Linda Arezzo"," 718-643-9315",PSAL,1,12,"Emergency Skills",NY,"49 Flatbush Avenue Extension",718-643-9315,11201
BROOKLYN,"Winston McKoy"," 718 585-1160",,1,6,"Emergency Skills",NY,"50 NAVY STREET",718-858-1160,11201
BROOKLYN,"JANET RUTH PRICE","(718) 935-3468",PSAL,1,17,"Emergency Skills",NY,"257 NORTH 6 STREET","(718) 935-3468",11211
Brooklyn,"Andrea Piper",718-789-2258,"MAIN ENT NEXT TO SCHOOL SAFETY",1,12,"Emergency Skills",NY,"561 Grand Avenue",718-789-2258,11238
Brooklyn,"Andrea Piper",718-789-2258,"Room 202",1,12,"Emergency Skills",NY,"561 Grand Avenue",718-789-2258,11238
Brooklyn,"Andrea Piper",718-789-2258,PSAL,1,12,"Emergency Skills",NY,"561 Grand Avenue",718-789-2258,11238
Brooklyn,"Andrea Piper",718-789-2258,PSAL,1,12,"Emergency Skills",NY,"561 Grand Avenue",718-789-2258,11238
Brooklyn,"THEO COLLINS","(718) 694-8357","5TH FLOOR OUTSIDE ROOM 515",1,3,"Emergency Skills",NY,"116 Nassau Street 5 Floor",7186948357,11201
Brooklyn,"THEO COLLINS","(718) 694-8357",PSAL,1,3,"Emergency Skills",NY,"116 Nassau Street 5 Floor",7186948357,11201
Brooklyn,"THEO COLLINS","(718) 694-8357",PSAL,1,3,"Emergency Skills",NY,"116 Nassau Street 5 Floor",7186948357,11201
BROOKLYN,"MARISA FLATEAU","(718) 638-3260","2nd Floor outside Room 202",1,1,"Emergency Skills",NY,"80 UNDERHILL AVENUE","(718) 638-3260",11238
BROOKLYN,"STEVEN BURRELL",7188555839,"PSAL  ",1,23,"Emergency Skills",NY,"1119 BEDFORD AVENUE",718-398-3061,11216
BROOKLYN,"STEVEN BURRELL",7188555839,PSAL,1,23,"Emergency Skills",NY,"1119 BEDFORD AVENUE",718-398-3061,11216
BROOKLYN,"STEVEN BURRELL",7188555839,"PSAL  ",1,23,"Emergency Skills",NY,"1119 BEDFORD AVENUE",718-398-3061,11216
BROOKLYN,"STEVEN BURRELL",7188555839,"PSAL  ",1,23,"Emergency Skills",NY,"1119 BEDFORD AVENUE",718-398-3061,11216
BROOKLYN,"STEVEN BURRELL",7188555839,PSAL,1,23,"Emergency Skills",NY,"1119 BEDFORD AVENUE",718-398-3061,11216
BROOKLYN,"STEVEN BURRELL",7188555839,PSAL,1,23,"Emergency Skills",NY,"1119 BEDFORD AVENUE",718-398-3061,11216
BROOKLYN,"STEVEN BURRELL",7188555839,"MAIN ENTRANCE",1,23,"Emergency Skills",NY,"1119 BEDFORD AVENUE",718-398-3061,11216
BROOKLYN,"STEVEN BURRELL",7188555839,Location?,1,23,"Emergency Skills",NY,"1119 BEDFORD AVENUE",718-398-3061,11216
Brooklyn,"DENISE DELOUISE",347-268-6362,PSAL,1,49,"Emergency Skills",NY,"105 Tech Place",718-625-6130,11201
Brooklyn,"DENISE DELOUISE",347-268-6362,PSAL,1,49,"Emergency Skills",NY,"105 Tech Place",718-625-6130,11201
Brooklyn,"DENISE DELOUISE",347-268-6362,PSAL,1,49,"Emergency Skills",NY,"105 Tech Place",718-625-6130,11201
Brooklyn,"DENISE DELOUISE",347-268-6362,PSAL,1,49,"Emergency Skills",NY,"105 Tech Place",718-625-6130,11201
Brooklyn,"DENISE DELOUISE",347-268-6362,PSAL,1,49,"Emergency Skills",NY,"105 Tech Place",718-625-6130,11201
Brooklyn,"DENISE DELOUISE",347-268-6362,PSAL,1,49,"Emergency Skills",NY,"105 Tech Place",718-625-6130,11201
Brooklyn,"DENISE DELOUISE",347-268-6362,PSAL,1,49,"Emergency Skills",NY,"105 Tech Place",718-625-6130,11201
Brooklyn,"DENISE DELOUISE",347-268-6362,"MAIN DESK 1ST FL",1,49,"Emergency Skills",NY,"105 Tech Place",718-625-6130,11201
Brooklyn,"DENISE DELOUISE",347-268-6362,"outside Rm305",1,49,"Emergency Skills",NY,"105 Tech Place",718-625-6130,11201
Brooklyn,"DENISE DELOUISE",347-268-6362,PSAL,1,49,"Emergency Skills",NY,"105 Tech Place",718-625-6130,11201
Brooklyn,"Cheryl Crooks",718-797-3702,"PSAL- Varsity Basketball",1,21,"Emergency Skills",NY,"71 Clinton Avenue",718-797-3702,11238
Brooklyn,"Cheryl Crooks",718-797-3702,"PSAL- ",1,21,"Emergency Skills",NY,"71 Clinton Avenue",718-797-3702,11238
Brooklyn,"Cheryl Crooks",718-797-3702,"PSAL- ",1,21,"Emergency Skills",NY,"71 Clinton Avenue",718-797-3702,11238
Brooklyn,"Cheryl Crooks",718-797-3702,"PSAL- ",1,21,"Emergency Skills",NY,"71 Clinton Avenue",718-797-3702,11238
Brooklyn,"Cheryl Crooks",718-797-3702,"Main Entrance",1,21,"Emergency Skills",NY,"71 Clinton Avenue",718-797-3702,11238
Brooklyn,"Cheryl Crooks",718-797-3702,"PSAL- ",1,21,"Emergency Skills",NY,"71 Clinton Avenue",718-797-3702,11238
Brooklyn,"Cheryl Crooks",718-797-3702,PSAL,1,21,"Emergency Skills",NY,"71 Clinton Avenue",718-797-3702,11238
Brooklyn,"Cheryl Crooks",718-797-3702,"3rd flr. hallway",1,21,"Emergency Skills",NY,"71 Clinton Avenue",718-797-3702,11238
Brooklyn,"Cheryl Crooks",718-797-3702,PSAL,1,21,"Emergency Skills",NY,"71 Clinton Avenue",718-797-3702,11238
Brooklyn,"Cheryl Crooks",718-797-3702,PSAL,1,21,"Emergency Skills",NY,"71 Clinton Avenue",718-797-3702,11238
Brooklyn,"Matthew  Demma","(718) 782-5352","Outside Rm.318",1,1,"Emergency Skills",NY,"157 Wilson Street","(718) 782-5352",11211
Brooklyn,"Matthew  Demma","(718) 782-5352","BEHIND SECURITY DESK",1,1,"Emergency Skills",NY,"157 Wilson Street","(718) 782-5352",11211
Brooklyn,"Matthew  Demma","(718) 782-5352",,1,1,"Emergency Skills",NY,"157 Wilson Street","(718) 782-5352",11211
Brooklyn,"Robert Marchi","(718) 387-2929","4th flr. Outside Rm. 408",1,9,"Emergency Skills",NY,"208 North 5 Street",(718)387-2929,11211
Brooklyn,"Robert Marchi","(718) 387-2929","Main Entrance",1,9,"Emergency Skills",NY,"208 North 5 Street",(718)387-2929,11211
Brooklyn,"MARGARET GRUBB",718-387-3241,"NEAR SECURITY DESK IN MAIN OFFICE",1,12,"Emergency Skills",NY,"101 Maujer Street",718-387-3241,11206
Brooklyn,"MARGARET GRUBB",718-387-3241,"Outside Room 452",1,12,"Emergency Skills",NY,"101 Maujer Street",718-387-3241,11206
Brooklyn,"Martha Rickey",718-387-8554,"MAIN OFFICE",1,12,"Emergency Skills",NY,"325 South 3 Street",718-387-8554,11211
Brooklyn,"Martha Rickey",718-387-8554,"Outside Rm 402",1,12,"Emergency Skills",NY,"325 South 3 Street",718-387-8554,11211
BROOKLYN,"SHARON MEADE",718-387-0375,"CABINET IN MAIN ENTRANCE BY SECURITY",1,19,"Emergency Skills",NY,"545 WILLOUGHBY AVE",718-387-0375,11206
BROOKLYN,"SHARON MEADE",718-387-0375,"3rd Floor In Room 327",1,19,"Emergency Skills",NY,"545 WILLOUGHBY AVE",718-387-0375,11206
Brooklyn,"Stacey  Berger",718-383-8998,"MAIN OFFICE",1,12,"Emergency Skills",NY,"75 Meserole Avenue",718-383-8998,11222
Brooklyn,,,"MAIN OFFICE",1,8,"Emergency Skills",NY,"131 Norman Avenue",718-389-5842,11222
Brooklyn,"CLAYTISHA WALDEN",718-387-7697,"MAIN ENTRANCE",1,5,"Emergency Skills",NY,"223 Graham Avenue",718-387-7697,11206
Brooklyn,"Catherine  Ervin",718-388-1194,"5th FLOOR OUTSIDE RM 515",1,5,"Emergency Skills",NY,"183 South 3rd Street",718-388-1194,11211
Brooklyn,"Catherine  Ervin",718-388-1194,"3rd FLOOR GYM",1,5,"Emergency Skills",NY,"183 South 3rd Street",718-388-1194,11211
Brooklyn,"Catherine  Ervin",718-388-1194,"MAIN ENTRANCE",1,5,"Emergency Skills",NY,"183 South 3rd Street",718-388-1194,11211
Brooklyn,"TAMIKA NATER ",718-443-3600,"1ST FL HALLWAY Room 128",1,2,"Emergency Skills",NY,"211 Throop Avenue",718-443-3600,11206
Brooklyn,"Kathy Bauer",,"1st Floor - Rm 153",1,25,"Emergency Skills",NY,"215 Heyward Street",718-302-7900,11206
Brooklyn,"Kathy Bauer",,"Cafeteria (1st Flr.)",1,25,"Emergency Skills",NY,"215 Heyward Street",718-302-7900,11206
Brooklyn,"Kathy Bauer",,"Main Lobby by Security",1,25,"Emergency Skills",NY,"215 Heyward Street",718-302-7900,11206
Brooklyn,"Kathy Bauer",,PSAL,1,25,"Emergency Skills",NY,"215 Heyward Street",718-302-7900,11206
Brooklyn,"MANUEL MULERS",718-384-8064,"MAIN ENTRANCE 011",1,7,"Emergency Skills",NY,"250 Berry Street",718-384-8064,11211
Brooklyn,"MANUEL MULERS",718-384-8064,"2nd Floor Hall (stairwell)",1,7,"Emergency Skills",NY,"250 Berry Street",718-384-8064,11211
Brooklyn,"Denise Ruggiero","(718)  383-7600","MAIN ENTRANCE",1,9,"Emergency Skills",NY,"124 Monitor Street","(718) 383-7600",11222
BROOKLYN,"DEBORAH EVANS","(718) 443-9402","Main Entrance",1,11,"Emergency Skills",NY,"18 BEAVER ST",718-455-1000,11206
BROOKLYN,"PAUL AMATO",718-782-2527,"MAIN ENTRANCE",1,10,"Emergency Skills",NY,"424 LEONARD ST",718-782-2527,11222
Brooklyn,"MARIA PERRONE",718-599-7301,"MAIN ENTRANCE",1,10,"Emergency Skills",NY,"320 Manhattan Avenue","718-599-7301 ",11211
Brooklyn,"Jea Narvise",,K-147,1,9,"Emergency Skills",NY,"325 Bushwick Avenue",718-497-0326,11206
Brooklyn,"Jea Narvise",,"MAIN ENTRANCE",1,9,"Emergency Skills",NY,"325 Bushwick Avenue",718-497-0326,11206
Brooklyn,"Thomas Torres",718-622-9285,"Main Entrance",1,6,"Emergency Skills",NY,"850 Kent Avenue",718-622-9285,11205
Brooklyn,"Thomas Torres",718-622-9285,"4th flr. Outside Rm.",1,6,"Emergency Skills",NY,"850 Kent Avenue",718-622-9285,11205
Brooklyn,"Thomas Torres",718-622-9285,"5th Floor Outside Room 505",1,6,"Emergency Skills",NY,"850 Kent Avenue",718-622-9285,11205
Brooklyn,"Michel  Wurmbrand",718-497-0139,"4th Floor - Outside Room 425",1,8,"Emergency Skills",NY,"207 Bushwick Avenue",718-497-0139,11206
Brooklyn,"Michel  Wurmbrand",718-497-0139,"MAIN ENTRANCE",1,8,"Emergency Skills",NY,"207 Bushwick Avenue",718-497-0139,11206
Brooklyn,"MR WU",,"MAIN ENTRANCE",1,9,"Emergency Skills",NY,"108 Montrose Avenue",718-384-0889,11206
Brooklyn,"Marilyn Dashman","(718) 384-7128","Outside gym-opposite Exit-A",1,31,"Emergency Skills",NY,"60 Cook Street",718-384-7128,11206
Brooklyn,"Marilyn Dashman","(718) 384-7128","MAIN ENTRANCE NEAR SECURITY DESK",1,31,"Emergency Skills",NY,"60 Cook Street",718-384-7128,11206
Brooklyn,"Ari  Solomon",718-388-4581,"MAIN ENTRANCE NEAR SECURITY",1,4,"Emergency Skills",NY,"700 Park Avenue",718-388-4581,11206
Brooklyn,"Pam Cursio",718-782-0589,"MAIN ENTRANCE",1,11,"Emergency Skills",NY,"101 Walton Street",718-782-0589,11206
Brooklyn,"Pam Cursio",718-782-0589,"Third Floor Hallway",1,11,"Emergency Skills",NY,"101 Walton Street",718-782-0589,11206
Brooklyn,"MARITZA NIEVES",718-388-1588,"MAIN ENTRANCE NEAR SECURITY DESK",1,9,"Emergency Skills",NY,"360 Keap Street",718-388-1588,11211
BROOKLYN,"PAUL LAGALLA",718-388-0607,"MAIN ENTRANCE",1,12,"Emergency Skills",NY,"370 MARCY AVE",718-388-0607,11206
Brooklyn,"B. McIlwain/Mr. Abreu",718-387-2800,PSAL,1,35,"Emergency Skills",NY,"850 Grand Street",718-387-0228,11211
Brooklyn,"B. McIlwain/Mr. Abreu",718-387-2800,PSAL,1,35,"Emergency Skills",NY,"850 Grand Street",718-387-0228,11211
Brooklyn,"B. McIlwain/Mr. Abreu",718-387-2800,PSAL,1,35,"Emergency Skills",NY,"850 Grand Street",718-387-0228,11211
Brooklyn,"B. McIlwain/Mr. Abreu",718-387-2800,"Main Entrancy by Safety Officer",1,35,"Emergency Skills",NY,"850 Grand Street",718-387-0228,11211
Brooklyn,"B. McIlwain/Mr. Abreu",718-387-2800,"RM 186",1,35,"Emergency Skills",NY,"850 Grand Street",718-387-0228,11211
Brooklyn,"B. McIlwain/Mr. Abreu",718-387-2800,"PSAL- ",1,35,"Emergency Skills",NY,"850 Grand Street",718-387-0228,11211
Brooklyn,"B. McIlwain/Mr. Abreu",718-387-2800,"PSAL ",1,35,"Emergency Skills",NY,"850 Grand Street",718-387-0228,11211
Brooklyn,"B. McIlwain/Mr. Abreu",718-387-2800,PSAL,1,35,"Emergency Skills",NY,"850 Grand Street",718-387-0228,11211
Brooklyn,"B. McIlwain/Mr. Abreu",718-387-2800,"PSAL- ",1,35,"Emergency Skills",NY,"850 Grand Street",718-387-0228,11211
Brooklyn,"B. McIlwain/Mr. Abreu",718-387-2800,"3rd Floor In Hallway By Exit 6",1,35,"Emergency Skills",NY,"850 Grand Street",718-387-0228,11211
Brooklyn,"B. McIlwain/Mr. Abreu",718-387-2800,PSAL,1,35,"Emergency Skills",NY,"850 Grand Street",718-387-0228,11211
Brooklyn,"B. McIlwain/Mr. Abreu",718-387-2800,PSAL,1,35,"Emergency Skills",NY,"850 Grand Street",718-387-0228,11211
Brooklyn,"B. McIlwain/Mr. Abreu",718-387-2800,"1st Floor In Cafeteria",1,35,"Emergency Skills",NY,"850 Grand Street",718-387-0228,11211
BROOKLYN,"Michael Gordon, AD",718-486-2550,"RM. 410",1,6,"Emergency Skills",NY,"257 North 6TH STREET",718-302-2306,11211
BROOKLYN,"Michael Gordon, AD",718-486-2550,PSAL,1,6,"Emergency Skills",NY,"257 North 6TH STREET",718-302-2306,11211
BROOKLYN,"Michael Gordon, AD",718-486-2550,"2ND Fl.r. Rm.222B",1,6,"Emergency Skills",NY,"257 North 6TH STREET",718-302-2306,11211
BROOKLYN,"Michael Gordon, AD",718-486-2550,PSAL,1,6,"Emergency Skills",NY,"257 North 6TH STREET",718-302-2306,11211
BROOKLYN,"Michael Gordon, AD",718-486-2550,PSAL,1,6,"Emergency Skills",NY,"257 North 6TH STREET",718-302-2306,11211
BROOKLYN,"Michael Gordon, AD",718-486-2550,PSAL,1,6,"Emergency Skills",NY,"257 North 6TH STREET",718-302-2306,11211
BROOKLYN,"Michael Gordon, AD",718-486-2550,PSAL,1,6,"Emergency Skills",NY,"257 North 6TH STREET",718-302-2306,11211
BROOKLYN,"Michael Gordon, AD",718-486-2550,"Main Entrance next to School Safety",1,6,"Emergency Skills",NY,"257 North 6TH STREET",718-302-2306,11211
BROOKLYN,"Michael Gordon, AD",718-486-2550,PSAL,1,6,"Emergency Skills",NY,"257 North 6TH STREET",718-302-2306,11211
BROOKLYN,"Michael Gordon, AD",718-486-2550,PSAL,1,6,"Emergency Skills",NY,"257 North 6TH STREET",718-302-2306,11211
BROOKLYN,"KAREN STEVENSON","(718) 486-6211","1st Floor by Security Office",1,11,"Emergency Skills",NY,"208 North 5th St.","(718) 486-6211",11211
BROOKLYN,"ROBERT ROTHENBERG",718-218-9301,"PSAL UNIT  -  GYM",1,35,"Emergency Skills",NY,"50 BEDFORD AVE",718-218-9301,11222
BROOKLYN,"ROBERT ROTHENBERG",718-218-9301,"3RD FL UFT TEACHERS CENTER- OPEN 5:30-7 UNLOCKED",1,35,"Emergency Skills",NY,"50 BEDFORD AVE",718-218-9301,11222
BROOKLYN,"ROBERT ROTHENBERG",718-218-9301,PSAL,1,35,"Emergency Skills",NY,"50 BEDFORD AVE",718-218-9301,11222
BROOKLYN,"ROBERT ROTHENBERG",718-218-9301,"Temporarily in Main Entrance",1,35,"Emergency Skills",NY,"50 BEDFORD AVE",718-218-9301,11222
BROOKLYN,"ROBERT ROTHENBERG",718-218-9301,"PSAL ",1,35,"Emergency Skills",NY,"50 BEDFORD AVE",718-218-9301,11222
BROOKLYN,"ROBERT ROTHENBERG",718-218-9301,PSAL,1,35,"Emergency Skills",NY,"50 BEDFORD AVE",718-218-9301,11222
Brooklyn,"Priscilla Rivera",718-381-1125,PSAL,1,3,"Emergency Skills",NY,"250 Hooper Street","718-387-1125 x. 4052",11211
Brooklyn,"Priscilla Rivera",718-381-1125,"MAIN ENTRANCE",1,3,"Emergency Skills",NY,"250 Hooper Street","718-387-1125 x. 4052",11211
Brooklyn,"Zaida Vega","(718) 567-7661","MAIN ENTRANCE",1,8,"Emergency Skills",NY,"309 47 Street",718-567-7661,11220
Brooklyn,"Madeline Seide",718-965-1190,"Main Entrance next to School Safety",1,14,"Emergency Skills",NY,"511 Seventh Avenue",718-965-1190,11215
Brooklyn,"Susan MacDonald",718-330-9280,"MAIN ENTRANCE",1,4,"Emergency Skills",NY,"71 Sullivan Street",718-330-9280,11231
Brooklyn,"Dana Fernandez","(718) 832-9366","MAIN ENTRANCE",1,10,"Emergency Skills",NY,"427 38th Street",718-832-9366,11232
Brooklyn,"Anthony Lothian",718-330-9285,"MAIN ENT BEHIND SECURITY DESK",1,5,"Emergency Skills",NY,"27 Huntington Street",718-330-9285,11231
Brooklyn,"Anthony Acevedo",718-330-9277,"outside Rm. 424",1,1,"Emergency Skills",NY,"425 Henry Street",718-330-9277,11201
Brooklyn,"Anthony Acevedo",718-330-9277,"MAIN ENTRANCE NEAR SECURITY DESK",1,1,"Emergency Skills",NY,"425 Henry Street",718-330-9277,11201
Brooklyn,"Deborah Florio",718-330-9295,"Main Entrance",1,7,"Emergency Skills",NY,"317 Hoyt Street",718-330-9295,11231
Brooklyn,"Deborah Florio",718-330-9295,"Outside Trailer - T7",1,7,"Emergency Skills",NY,"317 Hoyt Street",718-330-9295,11231
Brooklyn,"Hobi Klapuri",718-330-9305,"MAIN OFFICE",1,8,"Emergency Skills",NY,"450 Pacific Street",718-330-9305,11217
Brooklyn,,,"Main Entrance (Custodian)",1,5,"Emergency Skills",NY,"417 Sixth Avenue",718-330-9310,11215
Brooklyn,,,Storage,1,5,"Emergency Skills",NY,"417 Sixth Avenue",718-330-9310,11215
Brooklyn,"Phyllis Cooper","(718) 369-7603","MAIN ENTRANCE",1,12,"Emergency Skills",NY,"350 Fifth Avenue","(718) 369-7603",11215
Brooklyn,"Phyllis Cooper","(718) 369-7603","First Fl. Near Gymnasium",1,12,"Emergency Skills",NY,"350 Fifth Avenue","(718) 369-7603",11215
Brooklyn,"Phyllis Cooper","(718) 369-7603","Room 323",1,12,"Emergency Skills",NY,"350 Fifth Avenue","(718) 369-7603",11215
Brooklyn,"Sally Bell","(718) 330-9322","MAIN ENTRANCE NEAR SECURITY DESK",1,2,"Emergency Skills",NY,"330 Smith Street",718-330-9322,11231
BROOKLYN,"JOSEPH BONOMI",718-832-5880,"Main Entrance",1,11,"Emergency Skills",NY,"544 7TH AVE",718-832-5880,11215
Brooklyn," Alicia Goodman",718-435-6034,"3rd Floor Outside Room 314",1,11,"Emergency Skills",NY,"5010 Sixth Avenue",718-435-6034,11220
Brooklyn," Alicia Goodman",718-435-6034,Office,1,11,"Emergency Skills",NY,"5010 Sixth Avenue",718-435-6034,11220
Brooklyn,"Patricia  Mannino",718-330-9340,"MAIN ENTRANCE NEAR SECURITY",1,6,"Emergency Skills",NY,"1301 Eighth Avenue",718-330-9340,11215
Brooklyn,"Nicole Scaglione",718-788-0246,"MAIN ENTRANCE NEAR SECURITY DESK",1,,"Emergency Skills",NY,"515 Fourth Avenue",718-788-0246,11215
Brooklyn,"ANNE ILARDI",718-686-1940,"MOUNTED IN MAIN ENTRANCE",1,,"Emergency Skills",NY,"70 Ocean Parkway",718-686-1940,11218
Brooklyn,"Alina Alvarez",718-686-1457,"MAIN ENTRANCE",1,7,"Emergency Skills",NY,"4305 Fort Hamilton Parkway",718-686-1457,11219
Brooklyn,"Alina Alvarez",718-686-1457,"Outside Room 323",1,7,"Emergency Skills",NY,"4305 Fort Hamilton Parkway",718-686-1457,11219
Brooklyn,"GISEL RODRIGUEZ",,"MAIN ENTRANCE",1,26,"Emergency Skills",NY,"4004 Fourth Avenue","718.965.3331 ext456",11232
Brooklyn,"GISEL RODRIGUEZ",,Gymnasium,1,26,"Emergency Skills",NY,"4004 Fourth Avenue","718.965.3331 ext456",11232
Brooklyn,"GISEL RODRIGUEZ",,"Outside Rm 356",1,26,"Emergency Skills",NY,"4004 Fourth Avenue","718.965.3331 ext456",11232
Brooklyn,"Regina  Formisano",718-923-4750,"2nd Floor, Oustide Rm 205A",1,7,"Emergency Skills",NY,"610 Henry Street",718-923-4750,11231
Brooklyn,,718-768-0057,"MAIN ENTRANCE NEXT TO SECURITY DESK",1,7,"Emergency Skills",NY,"1625 11 Avenue",718-330-9333,11215
Brooklyn,"Joseph Iorio",718-853-3224,"5th flr hallway, Rm 542",1,11,"Emergency Skills",NY,"4305 Seventh Avenue",718-853-3224,11232
Brooklyn,"Joseph Iorio",718-853-3224,"MAIN ENTRANCE",1,11,"Emergency Skills",NY,"4305 Seventh Avenue",718-853-3224,11232
Brooklyn,"Annette Hendrickson & Liz DeMaio",718-965-4200,"MAIN ENTRANCE NEAR SECURITY",1,7,"Emergency Skills",NY,"825 Fourth Avenue",718-965-4200,11232
BROOKLYN,"John  Carlesi",718-437-6135,"MAIN ENTRANCE",1,19,"Emergency Skills",NY,"1 ALBEMARLE RD","718-437-6135 -3",11218
BROOKLYN,"John  Carlesi",718-437-6135,"4th Floor",1,19,"Emergency Skills",NY,"1 ALBEMARLE RD","718-437-6135 -3",11218
Brooklyn,"CARMEN PEREZ",718-330-9275,"MAIN ENTRANCE NEAR SECURITY DESK",1,8,"Emergency Skills",NY,"314 Pacific Street",718-330-9275,11201
Brooklyn,"LISA PAGANO",718-965-0603,"MAIN ENTRANCE",1,4,"Emergency Skills",NY,"330 18 Street",718-965-0603,11215
Brooklyn,"Beth Handman",718-499-2412,"Mini Bldg. Acroos rm.M20",1,9,"Emergency Skills",NY,"180 Seventh Avenue",718-499-2412,11215
Brooklyn,"Beth Handman",718-499-2412,"MAIN ENTRANCE NEAR SCHOOL SECURITY DESK",1,9,"Emergency Skills",NY,"180 Seventh Avenue",718-499-2412,11215
Brooklyn,"Christopher Sandor",718-694-9741,"MAIN ENTRANCE",1,4,"Emergency Skills",NY,"284 Baltic Street",718-694-9741,11201
Brooklyn,"Christopher Sandor",718-694-9741,"PSAL- ",1,4,"Emergency Skills",NY,"284 Baltic Street",718-694-9741,11201
Brooklyn,"Christopher Sandor",718-694-9741,"PSAL ",1,4,"Emergency Skills",NY,"284 Baltic Street",718-694-9741,11201
BROOKLYN,"SANDRA GAYLE","(718) 923-4750","4th Floor, Outside Room 416",1,14,"Emergency Skills",NY,"610 HENRY STREET",718-923-4750,11231
Brooklyn,"Alberto Garcia, Asst Prin",718-919-1256,PSAL,1,13,"Emergency Skills",NY,"1396 BROADWAY",(718)919-1256,11221
Brooklyn,"Alberto Garcia, Asst Prin",718-919-1256,PSAL,1,13,"Emergency Skills",NY,"1396 BROADWAY",(718)919-1256,11221
Brooklyn,"Alberto Garcia, Asst Prin",718-919-1256,"3rd flr. gym",1,13,"Emergency Skills",NY,"1396 BROADWAY",(718)919-1256,11221
Brooklyn,"Alberto Garcia, Asst Prin",718-919-1256,PSAL,1,13,"Emergency Skills",NY,"1396 BROADWAY",(718)919-1256,11221
Brooklyn,"Alberto Garcia, Asst Prin",718-919-1256,PSAL-,1,13,"Emergency Skills",NY,"1396 BROADWAY",(718)919-1256,11221
Brooklyn,"Alberto Garcia, Asst Prin",718-919-1256,"Main Entrance next to School Safety",1,13,"Emergency Skills",NY,"1396 BROADWAY",(718)919-1256,11221
Brooklyn,"Costas Constantinidis, AP",718-403-9544,PSAL,1,10,"Emergency Skills",NY,"347 Baltic Street",718-403-9544,11201
Brooklyn,"Costas Constantinidis, AP",718-403-9544,PSAL,1,10,"Emergency Skills",NY,"347 Baltic Street",718-403-9544,11201
Brooklyn,"Costas Constantinidis, AP",718-403-9544,PSAL,1,10,"Emergency Skills",NY,"347 Baltic Street",718-403-9544,11201
Brooklyn,"Costas Constantinidis, AP",718-403-9544,"MAIN OFFICE-2ND. Flr.",1,10,"Emergency Skills",NY,"347 Baltic Street",718-403-9544,11201
Brooklyn,"Costas Constantinidis, AP",718-403-9544,Gym,1,10,"Emergency Skills",NY,"347 Baltic Street",718-403-9544,11201
Brooklyn,"Costas Constantinidis, AP",718-403-9544,101,1,10,"Emergency Skills",NY,"347 Baltic Street",718-403-9544,11201
Brooklyn,"Costas Constantinidis, AP",718-403-9544,"TEACHERS LOUNGE",1,10,"Emergency Skills",NY,"347 Baltic Street",718-403-9544,11201
Brooklyn,"Costas Constantinidis, AP",718-403-9544,Gym,1,10,"Emergency Skills",NY,"347 Baltic Street",718-403-9544,11201
Brooklyn,"Costas Constantinidis, AP",718-403-9544,"3rd Floor, Room 300",1,10,"Emergency Skills",NY,"347 Baltic Street",718-403-9544,11201
Brooklyn,"Debbi  Nagel",(718)222-6225,"Main Entrance next to School Safety",1,1,"Emergency Skills",NY,"362 Schermerhorn Street",(718)222-6225,11217
Brooklyn,"Jeff Mardy",718-855-2412,"Nurses Office- Rm 154",1,13,"Emergency Skills",NY,"345 Dean Street",718-855-2412,11217
Brooklyn,"Jeff Mardy",718-855-2412,"Outside Rm. 340",1,13,"Emergency Skills",NY,"345 Dean Street",718-855-2412,11217
Brooklyn,"Jeff Mardy",718-855-2412,"Main Entrance - Dean St.",1,13,"Emergency Skills",NY,"345 Dean Street",718-855-2412,11217
Brooklyn,"Jeff Mardy",718-855-2412,GYM,1,13,"Emergency Skills",NY,"345 Dean Street",718-855-2412,11217
Brooklyn,"Catherine Clancy","(718) 422-1915, x330","MAIN ENTRANCE 2ND FL",1,2,"Emergency Skills",NY,"173 Conover Street","(718) 422-1915, x330",11231
Brooklyn,"Catherine Clancy","(718) 422-1915, x330","4th Floor GYM",1,2,"Emergency Skills",NY,"173 Conover Street","(718) 422-1915, x330",11231
Brooklyn,"Ramona  Adorno",718-330-9298,"1st Floor Lobby",1,10,"Emergency Skills",NY,"411 46 Street",718-330-9298,11220
Brooklyn,"BRENDA MORALES",718-574-2333,"Main Entrance/Opposite SSA",1,11,"Emergency Skills",NY,"820 Hancock Street",718-574-2333,11233
Brooklyn,"June Holston",718-493-9681,"MAIN ENTRANCE HALL NEAR SECURITY OFFICE",1,12,"Emergency Skills",NY,"180 Chauncey Street",718-493-9687,11233
Brooklyn,"June Holston",718-493-9681,"Medical Office (Used for PSAL Activities)",1,12,"Emergency Skills",NY,"180 Chauncey Street",718-493-9687,11233
Brooklyn," Esther Wilson","718-574-2336, x127","Main Entrance Behind Security",1,14,"Emergency Skills",NY,"787 Lafayette Avenue","718-574-2336, x160",11221
Brooklyn,"KEVIN HILLY","718 919 5707","MAIN ENTRANCE",1,11,"Emergency Skills",NY,"1014 Lafayette Avenue",718-919-5707,11221
Brooklyn,"Sadie Silver",718-467-2865,"MAIN ENTRANCE",1,3,"Emergency Skills",NY,"1001 Herkimer Street",718-467-2865,11233
Brooklyn,"Sadie Silver",718-467-2865,"4th Floor",1,3,"Emergency Skills",NY,"1001 Herkimer Street",718-467-2865,11233
Brooklyn,"Alex Estremo",718-574-2345,"Main Lobby by Security",1,2,"Emergency Skills",NY,"272 Mcdonough Street",718-574-2345,11233
Brooklyn,"Alex Estremo",718-574-2345,"Room 326",1,2,"Emergency Skills",NY,"272 Mcdonough Street",718-574-2345,11233
Brooklyn,"Leonie Hibbert",718-574-2353,"MAIN OFFICE - By Security Officer",1,8,"Emergency Skills",NY,"265 Ralph Avenue",718-574-2353,11233
Brooklyn,"Leonie Hibbert",718-574-2353,"Wall opposite room 248",1,8,"Emergency Skills",NY,"265 Ralph Avenue",718-574-2353,11233
Brooklyn,"Celeste Douglas",718-574-2357,"MAIN ENTRANCE",1,7,"Emergency Skills",NY,"125 Stuyvesant Avenue",718-574-2357,11221
Brooklyn,"Brenda Cumberbatch",718-574-2365,"Outside rm. 418",1,1,"Emergency Skills",NY,"990 Dekalb Avenue",718-574-2365,11221
Brooklyn,"Brenda Cumberbatch",718-574-2365,"Main Entrance next to School Safety",1,1,"Emergency Skills",NY,"990 Dekalb Avenue",718-574-2365,11221
Brooklyn,"Carolyn Walker Pittman",718-953-1658,"MAIN ENTRANCE",1,9,"Emergency Skills",NY,"1580 Dean Street",718-953-1658,11213
Brooklyn,"Desiree Barter",718-453-0780,"Main Entrance",1,11,"Emergency Skills",NY,"500 Macon Street",718-453-0780,11233
Brooklyn,"Mr. George Adams","718 443 2136","MAIN LOBBY BY SECURITY",1,7,"Emergency Skills",NY,"800 Gates Avenue",718-574-2318,11221
Brooklyn,"Mr. George Adams","718 443 2136","Wall mount in Room 427, 4th Floor",1,7,"Emergency Skills",NY,"800 Gates Avenue",718-574-2318,11221
Brooklyn,"Esther Alford",718-574-2377,"MAIN ENTRANCE next to School Safety",1,6,"Emergency Skills",NY,"280 Hart Street",718-574-2377,11206
Brooklyn,"LaVerne  Combs",718-574-2372,"MAIN ENTRANCE",1,2,"Emergency Skills",NY,"616 Quincy Street",718-574-2372,11221
Brooklyn,"ANNE BERNARD",718-574-2381,"MAIN ENTRANCE",1,8,"Emergency Skills",NY,"794 Monroe Street",718-574-2381,11221
Brooklyn,"ANNE BERNARD",718-574-2381,"To be mounted on 3rd Floor next to Room 313",1,8,"Emergency Skills",NY,"794 Monroe Street",718-574-2381,11221
BROOKLYN,"X X",718-302-5092,"4th Floor btwn Room 413 & 415",1,23,"Emergency Skills",NY,"70 Tompkins Avenue",718-302-5092,11206
BROOKLYN,"X X",718-302-5092,"Outside Gym",1,23,"Emergency Skills",NY,"70 Tompkins Avenue",718-302-5092,11206
BROOKLYN,"X X",718-302-5092,"2nd Floor Outside Rm 221",1,23,"Emergency Skills",NY,"70 Tompkins Avenue",718-302-5092,11206
BROOKLYN,"X X",718-302-5092,"Basement - Outside B15",1,23,"Emergency Skills",NY,"70 Tompkins Avenue",718-302-5092,11206
Brooklyn,"Mr. Mann",718-493-7736,"Main Entrance",1,17,"Emergency Skills",NY,"130 Rochester Avenue",718-493-7736,11213
Brooklyn,"Mr. Mann",718-493-7736,"Office of MS584 in Room 314",1,17,"Emergency Skills",NY,"130 Rochester Avenue",718-493-7736,11213
Brooklyn,"Marian Bowden","(718) 574-2820","3rd Floor Hallway next to exit 5",1,,"Emergency Skills",NY,"1014 LAFAYETTE AVENUE","(718) 574-2820",11221
Brooklyn,"Jawara Hudson",718-462-8434,"MAIN ENT",1,22,"Emergency Skills",NY,"655 Parkside Avenue",718-462-8434,11226
Brooklyn,"Jawara Hudson",718-462-8434,"Outside Rm B302",1,22,"Emergency Skills",NY,"655 Parkside Avenue",718-462-8434,11226
Brooklyn,"DEREK BROWN",,"Back entrance",1,15,"Emergency Skills",NY,"43 Snyder Avenue",718-856-6560,11226
Brooklyn,"Carolyn Davis",718-953-4569,"MAIN ENT NEXT TO SCHOOL SAFETY",1,1,"Emergency Skills",NY,"430 Howard Avenue",718-953-4569,11233
Brooklyn,"Carlen Padmore",718-857-4503,"MAIN ENT",1,8,"Emergency Skills",NY,"443 St. Marks Avenue",718-857-4503,11238
Brooklyn,"Selasse O'Donoghue",718-774-1002,"MAIN ENT",1,16,"Emergency Skills",NY,"400 Empire Boulevard",718-774-1002,11225
Brooklyn,"Lynnette Brinson","718 756-0243","MAIN ENT NEXT TO SCHOOL SAFETY",1,10,"Emergency Skills",NY,"532 Albany Avenue","718 756-0243",11203
Brooklyn,"Lynnette Brinson","718 756-0243","Mini School Office",1,10,"Emergency Skills",NY,"532 Albany Avenue","718 756-0243",11203
Brooklyn," "," ","MAIN ENT",1,4,"Emergency Skills",NY,"601 Parkside Avenue",718.462.8449,11226
Brooklyn,"Ms. Duncan",718-467-0800,"Main Entrance",1,,"Emergency Skills",NY,"760 PROSPECT PLACE",718-467-0800,11216
Brooklyn,"GLORIA ARTHUR",718-756-3100,"MAIN ENT",1,9,"Emergency Skills",NY,"330 Crown Street",718-756-3100,11225
Brooklyn,"GLORIA ARTHUR",718-756-3100,"TBD upon receipt of cabinet.  Recommend o/s 408A",1,9,"Emergency Skills",NY,"330 Crown Street",718-756-3100,11225
Brooklyn,"Teresa Peters",718-774-2641,"main ent",1,9,"Emergency Skills",NY,"1025 Eastern Parkway",718-774-2641,11213
Brooklyn,"Teresa Peters",718-774-2641,"3rd Floor Outside Rm 307",1,9,"Emergency Skills",NY,"1025 Eastern Parkway",718-774-2641,11213
Brooklyn,"Teresa Peters",718-774-2641,"4th Floor Outside Room 406",1,9,"Emergency Skills",NY,"1025 Eastern Parkway",718-774-2641,11213
Brooklyn,"Richard Stuart",718-462-5298,"MAIN ENT",1,13,"Emergency Skills",NY,"1023 New York Avenue",718-462-5298,11203
Brooklyn,"Richard Stuart",718-462-5298,"Portable Unit for trips - Nurses Office",1,13,"Emergency Skills",NY,"1023 New York Avenue",718-462-5298,11203
Brooklyn,"Frantz  Lucius","(718) 756-0210","2nd unit mini building",1,9,"Emergency Skills",NY,"1100 East New York Avenue","(718) 756-0210",11212
Brooklyn,"Frantz  Lucius","(718) 756-0210","Main Entrance",1,9,"Emergency Skills",NY,"1100 East New York Avenue","(718) 756-0210",11212
Brooklyn,"Ernest Poole",718-756-1206,"Main Entrance",1,11,"Emergency Skills",NY,"1600 Park Place",718-756-1206,11233
Brooklyn,"Ida Phillips",718-756-0122,"MAIN ENT",1,2,"Emergency Skills",NY,"791 Empire Boulevard",718-756-0122,11213
Brooklyn,,718-636-4725,"MAIN ENT NEXT TO SCHOOL SAFETY",1,15,"Emergency Skills",NY,"976 President Street",718-636-4725,11225
Brooklyn,"FRAN DIMA",718-282-5230,"Outside Main Office",1,16,"Emergency Skills",NY,"72 Veronica Place",718-282-5230,11226
Brooklyn,"FRAN DIMA",718-282-5230,"Outside Room 338 Next to Exit 11",1,16,"Emergency Skills",NY,"72 Veronica Place",718-282-5230,11226
Brooklyn,"Siolen Kelly Ho",718-282-8828,"MAIN ENT NEXT TO SCHOOL SAFETY",1,8,"Emergency Skills",NY,"18 Marlborough Road",718-282-8828,11226
Brooklyn,"Wendy  Bourne","(718) 493-3824","MAIN ENT NEXT TO SCHOOL SAFETY",1,14,"Emergency Skills",NY,"900 St. Marks Avenue","(718) 493-3824",11213
Brooklyn,"Wendy  Bourne","(718) 493-3824","Outside Room 248",1,14,"Emergency Skills",NY,"900 St. Marks Avenue","(718) 493-3824",11213
Brooklyn,"Thomas Fesolowich",718-638-4043,"main ent",1,2,"Emergency Skills",NY,"750 Classon Avenue",718-638-4043,11238
Brooklyn,"ROSS BRAND","(718) 857-5516, x250","Main Lobby",1,7,"Emergency Skills",NY,"227 Sterling Place","7188575516 250",11238
Brooklyn,"Kirk Wikinson",718-693-6655,"MAIN ENT NEXT TO SCHOOL SAFETY",1,2,"Emergency Skills",NY,"46 Mckeever Place",718-693-6655,11225
Brooklyn,"Kirk Wikinson",718-693-6655,"In office (advised to move)",1,2,"Emergency Skills",NY,"46 Mckeever Place",718-693-6655,11225
Brooklyn,"Kerry Hayes",718-773-3343,"Main Entrance next to School Safety",1,,"Emergency Skills",NY,"790 East New York Avenue",718-493-8920,11203
Brooklyn,"Kerry Hayes",718-773-3343,"Outside Room 273",1,,"Emergency Skills",NY,"790 East New York Avenue",718-493-8920,11203
Brooklyn,"Sandra Bent",718-756-3164,"Main Entrance",1,11,"Emergency Skills",NY,"188 Rochester Avenue",718-756-3164,11213
Brooklyn,"Sandra Bent",718-756-3164,"4th Floor Outside Room 414",1,11,"Emergency Skills",NY,"188 Rochester Avenue",718-756-3164,11213
Brooklyn,"Philip Stanford",718-774-5200,"main entrance",1,11,"Emergency Skills",NY,"490 Fenimore Street",718-774-5200,11203
Brooklyn,"Mrs. Foye",718-774-4466,"Main ENT NEXT TO SCHOOL SAFETY",1,6,"Emergency Skills",NY,"60 East 94 Street",718-774-4466,11212
Brooklyn,"Deborah  Kennedy-Baker",718-693-3023,"MAIN ENT NEXT TO SCHOOL SAFETY",1,4,"Emergency Skills",NY,"2707 Albermarle Road",718-693-3023,11226
Brooklyn,"Phyllip Jones",718-679-1454,"Main Entrance next to School Safety",1,5,"Emergency Skills",NY,"883 Classon Avenue",718-679-0520,11225
Brooklyn,"Phyllip Jones",718-679-1454,PSAL,1,5,"Emergency Skills",NY,"883 Classon Avenue",718-679-0520,11225
Brooklyn,"Phyllip Jones",718-679-1454,"PSAL- ",1,5,"Emergency Skills",NY,"883 Classon Avenue",718-679-0520,11225
Brooklyn,"Phyllip Jones",718-679-1454,"Rm 428",1,5,"Emergency Skills",NY,"883 Classon Avenue",718-679-0520,11225
Brooklyn,"Phyllip Jones",718-679-1454,"PSAL- ",1,5,"Emergency Skills",NY,"883 Classon Avenue",718-679-0520,11225
Brooklyn,"Phyllip Jones",718-679-1454,"Inside 516",1,5,"Emergency Skills",NY,"883 Classon Avenue",718-679-0520,11225
Brooklyn,"Phyllip Jones",718-679-1454,"Inside Room 312",1,5,"Emergency Skills",NY,"883 Classon Avenue",718-679-0520,11225
Brooklyn,"Phyllip Jones",718-679-1454,PSAL,1,5,"Emergency Skills",NY,"883 Classon Avenue",718-679-0520,11225
Brooklyn,"Phyllip Jones",718-679-1454,PSAL,1,5,"Emergency Skills",NY,"883 Classon Avenue",718-679-0520,11225
BROOKLYN,"Lyle Walford",718-467-7400,"MAIN  ENTRANCE",1,5,"Emergency Skills",NY,"600 KINGSTON AVE",718-467-7400,11203
BROOKLYN,"Lyle Walford",718-467-7400,"Third Floor c301",1,5,"Emergency Skills",NY,"600 KINGSTON AVE",718-467-7400,11203
BROOKLYN,"Lyle Walford",718-467-7400,PSAL,1,5,"Emergency Skills",NY,"600 KINGSTON AVE",718-467-7400,11203
BROOKLYN,"Lyle Walford",718-467-7400,PSAL,1,5,"Emergency Skills",NY,"600 KINGSTON AVE",718-467-7400,11203
BROOKLYN,"Lyle Walford",718-467-7400,PSAL,1,5,"Emergency Skills",NY,"600 KINGSTON AVE",718-467-7400,11203
BROOKLYN,"Lyle Walford",718-467-7400,"Alima Rowley; HG05 Health Bldg",1,5,"Emergency Skills",NY,"600 KINGSTON AVE",718-467-7400,11203
BROOKLYN,"Lyle Walford",718-467-7400,"PSAL ",1,5,"Emergency Skills",NY,"600 KINGSTON AVE",718-467-7400,11203
BROOKLYN,"Lyle Walford",718-467-7400,"PSAL ",1,5,"Emergency Skills",NY,"600 KINGSTON AVE",718-467-7400,11203
BROOKLYN,"Lyle Walford",718-467-7400,"PSAL- ",1,5,"Emergency Skills",NY,"600 KINGSTON AVE",718-467-7400,11203
BROOKLYN,"Lyle Walford",718-467-7400,"PSAL- ",1,5,"Emergency Skills",NY,"600 KINGSTON AVE",718-467-7400,11203
BROOKLYN,"Lyle Walford",718-467-7400,"SHR 2nd Floor by C202B & Elevator",1,5,"Emergency Skills",NY,"600 KINGSTON AVE",718-467-7400,11203
BROOKLYN,"Lyle Walford",718-467-7400,PSAL,1,5,"Emergency Skills",NY,"600 KINGSTON AVE",718-467-7400,11203
BROOKLYN,"Lyle Walford",718-467-7400,"IABS First Floor Btwn A143 &A145",1,5,"Emergency Skills",NY,"600 KINGSTON AVE",718-467-7400,11203
BROOKLYN,"Lyle Walford",718-467-7400,"HSPS Ground Floor btwn Exits 4 & 5",1,5,"Emergency Skills",NY,"600 KINGSTON AVE",718-467-7400,11203
BROOKLYN,"Lyle Walford",718-467-7400,"SDL 3rd Floor by C348 & Elevator",1,5,"Emergency Skills",NY,"600 KINGSTON AVE",718-467-7400,11203
Brooklyn,,718-773-7765,"1st Floor Outside Gym",1,24,"Emergency Skills",NY,"402 Eastern Parkway",718-773-7765,11225
Brooklyn,,718-773-7765,"2nd Floor",1,24,"Emergency Skills",NY,"402 Eastern Parkway",718-773-7765,11225
BROOKLYN,"Dr. Eric Blake","(718) 282-8079","Main Entr.",1,12,"Emergency Skills",NY,"911 FLATBUSH AVENUE",718-564-2540,11226
BROOKLYN,"Dr. Eric Blake","(718) 282-8079",PSAL,1,12,"Emergency Skills",NY,"911 FLATBUSH AVENUE",718-564-2540,11226
BROOKLYN,"Dr. Eric Blake","(718) 282-8079","1N26 ",1,12,"Emergency Skills",NY,"911 FLATBUSH AVENUE",718-564-2540,11226
BROOKLYN,"Dr. Eric Blake","(718) 282-8079","PSAL- ",1,12,"Emergency Skills",NY,"911 FLATBUSH AVENUE",718-564-2540,11226
BROOKLYN,"Dr. Eric Blake","(718) 282-8079","PSAL- ",1,12,"Emergency Skills",NY,"911 FLATBUSH AVENUE",718-564-2540,11226
BROOKLYN,"Dr. Eric Blake","(718) 282-8079","PSAL ",1,12,"Emergency Skills",NY,"911 FLATBUSH AVENUE",718-564-2540,11226
BROOKLYN,"Dr. Eric Blake","(718) 282-8079",PSAL,1,12,"Emergency Skills",NY,"911 FLATBUSH AVENUE",718-564-2540,11226
BROOKLYN,"Dr. Eric Blake","(718) 282-8079","PSAL- ",1,12,"Emergency Skills",NY,"911 FLATBUSH AVENUE",718-564-2540,11226
BROOKLYN,"Dr. Eric Blake","(718) 282-8079","OUTSIDE ROOM 3N16",1,12,"Emergency Skills",NY,"911 FLATBUSH AVENUE",718-564-2540,11226
BROOKLYN,"Dr. Eric Blake","(718) 282-8079",PSAL,1,12,"Emergency Skills",NY,"911 FLATBUSH AVENUE",718-564-2540,11226
BROOKLYN,"Dr. Eric Blake","(718) 282-8079",PSAL,1,12,"Emergency Skills",NY,"911 FLATBUSH AVENUE",718-564-2540,11226
Brooklyn,"KEISHA LEWIS",718-703-5400,"Main Entrance",1,24,"Emergency Skills",NY,"1186 Carroll Street",718-703-5400,11225
Brooklyn,"KEISHA LEWIS",718-703-5400,PSAL,1,24,"Emergency Skills",NY,"1186 Carroll Street",718-703-5400,11225
Brooklyn,"KEISHA LEWIS",718-703-5400,"Main next to School Safety",1,24,"Emergency Skills",NY,"1186 Carroll Street",718-703-5400,11225
Brooklyn,"KEISHA LEWIS",718-703-5400,,1,24,"Emergency Skills",NY,"1186 Carroll Street",718-703-5400,11225
Brooklyn,"KEISHA LEWIS",718-703-5400,"principals office",1,24,"Emergency Skills",NY,"1186 Carroll Street",718-703-5400,11225
Brooklyn,"KEISHA LEWIS",718-703-5400,PSAL,1,24,"Emergency Skills",NY,"1186 Carroll Street",718-703-5400,11225
Brooklyn,"J. Scandura","718 636 4900  363",PSAL,1,18,"Emergency Skills",NY,"901 Classon Avenue","718 636 4900 x104",11225
Brooklyn,"J. Scandura","718 636 4900  363",PSAL,1,18,"Emergency Skills",NY,"901 Classon Avenue","718 636 4900 x104",11225
Brooklyn,"J. Scandura","718 636 4900  363","PSAL- ",1,18,"Emergency Skills",NY,"901 Classon Avenue","718 636 4900 x104",11225
Brooklyn,"J. Scandura","718 636 4900  363","3rd floor 305",1,18,"Emergency Skills",NY,"901 Classon Avenue","718 636 4900 x104",11225
Brooklyn,"J. Scandura","718 636 4900  363","main ent",1,18,"Emergency Skills",NY,"901 Classon Avenue","718 636 4900 x104",11225
Brooklyn,"J. Scandura","718 636 4900  363","PSAL- ",1,18,"Emergency Skills",NY,"901 Classon Avenue","718 636 4900 x104",11225
Brooklyn,"J. Scandura","718 636 4900  363","PSAL ",1,18,"Emergency Skills",NY,"901 Classon Avenue","718 636 4900 x104",11225
Brooklyn,"J. Scandura","718 636 4900  363","PSAL ",1,18,"Emergency Skills",NY,"901 Classon Avenue","718 636 4900 x104",11225
Brooklyn,"J. Scandura","718 636 4900  363","2nd floor outside 270",1,18,"Emergency Skills",NY,"901 Classon Avenue","718 636 4900 x104",11225
Brooklyn,"J. Scandura","718 636 4900  363","4th floor 463",1,18,"Emergency Skills",NY,"901 Classon Avenue","718 636 4900 x104",11225
Brooklyn,"J. Scandura","718 636 4900  363","outside lunch room",1,18,"Emergency Skills",NY,"901 Classon Avenue","718 636 4900 x104",11225
Brooklyn,"Todd Myles","718 774 0300","PSAL ",1,13,"Emergency Skills",NY,"150 Albany Avenue",718-774-0300,11213
Brooklyn,"Todd Myles","718 774 0300",PSAL-,1,13,"Emergency Skills",NY,"150 Albany Avenue",718-774-0300,11213
Brooklyn,"Todd Myles","718 774 0300",PSAL-,1,13,"Emergency Skills",NY,"150 Albany Avenue",718-774-0300,11213
Brooklyn,"Todd Myles","718 774 0300","3rd floor (should be in cabinet)",1,13,"Emergency Skills",NY,"150 Albany Avenue",718-774-0300,11213
Brooklyn,"Todd Myles","718 774 0300",PSAL-,1,13,"Emergency Skills",NY,"150 Albany Avenue",718-774-0300,11213
Brooklyn,"Todd Myles","718 774 0300",PSAL,1,13,"Emergency Skills",NY,"150 Albany Avenue",718-774-0300,11213
Brooklyn,"Todd Myles","718 774 0300",PSAL-,1,13,"Emergency Skills",NY,"150 Albany Avenue",718-774-0300,11213
Brooklyn,"Todd Myles","718 774 0300","PSAL  ",1,13,"Emergency Skills",NY,"150 Albany Avenue",718-774-0300,11213
Brooklyn,"Todd Myles","718 774 0300","Main Entrance next to School Safety",1,13,"Emergency Skills",NY,"150 Albany Avenue",718-774-0300,11213
Brooklyn,"Mohamed Khan","(718) 922-2167","2nd floor of bldg 1 near gym",1,7,"Emergency Skills",NY,"845 East 96 Street","(718) 922-3505",11236
Brooklyn,"Mohamed Khan","(718) 922-2167","Main School next to School Safety",1,7,"Emergency Skills",NY,"845 East 96 Street","(718) 922-3505",11236
Brooklyn,"Mohamed Khan","(718) 922-2167","3rd Floor Rm 307",1,7,"Emergency Skills",NY,"845 East 96 Street","(718) 922-3505",11236
Brooklyn,"Neil McNeil",718-241-4800,"main ent",1,93,"Emergency Skills",NY,"956 East 82 Street",718-241-4800,11236
Brooklyn,"Neil McNeil",718-241-4800,"Room 312",1,93,"Emergency Skills",NY,"956 East 82 Street",718-241-4800,11236
Brooklyn,"Jacqueline Rogers",718-257-4428,"MAIN ENT NEXT TO SCHOOL SAFETY",1,6,"Emergency Skills",NY,"1077 Remsen Avenue",718-257-4428,11236
Brooklyn,"Steven Lebowitz",718-241-1000,"Outside the Main Office",1,7,"Emergency Skills",NY,"1500 EAST 92 STREET",718-241-1000,11236
Brooklyn,"Elizabeth Mitchell",718-693-4363,"MAIN LOBBY",1,14,"Emergency Skills",NY,"684 Linden Boulevard",718-693-4363,11203
Brooklyn,,718-629-1670,"MAIN ENT NEXT TO SCHOOL SAFETY",1,11,"Emergency Skills",NY,"4801 AVENUE D",718-629-1670,11203
Brooklyn,"Caroline James",718-251-4411,"MAIN ENTRANCE",1,4,"Emergency Skills",NY,"1001 East 100 Street",718-251-4411,11236
Brooklyn,"Arnell Betesh",718-342-0493,"Main Entrance",1,24,"Emergency Skills",NY,"1060 Clarkson Avenue",718-342-0493,11212
Brooklyn,"Arnell Betesh",718-342-0493,"annex building",1,24,"Emergency Skills",NY,"1060 Clarkson Avenue",718-342-0493,11212
Brooklyn,"David Manning",718-773-3059,"MAIN ENT NEXT TO SCHOOL SAFETY",1,6,"Emergency Skills",NY,"905 Winthrop Street",718-773-2662,11203
Brooklyn,"David Manning",718-773-3059,"3rd Floor",1,6,"Emergency Skills",NY,"905 Winthrop Street",718-773-2662,11203
Brooklyn,"ROZ EPSTEIN",718-346-8103,"MAIN ENT NEXT TO SCHOOL SAFETY",1,9,"Emergency Skills",NY,"9301 Avenue B",718-346-8103,11236
Brooklyn,"Richard Petracca",,"Main Entrance",1,3,"Emergency Skills",NY,"525 Lenox Road",718-773-4869,11203
Brooklyn,"Richard Petracca",,Portable,1,3,"Emergency Skills",NY,"525 Lenox Road",718-773-4869,11203
Brooklyn,"Richard Petracca",,"Building Extension",1,3,"Emergency Skills",NY,"525 Lenox Road",718-773-4869,11203
Brooklyn,"Kirtis Cooper",718-346-6240,"Main Entrance -1st Floor",1,14,"Emergency Skills",NY,"5404 Tilden Avenue",718-346-6240,11203
Brooklyn,"Kirtis Cooper",718-346-6240,"Outside Room 343",1,14,"Emergency Skills",NY,"5404 Tilden Avenue",718-346-6240,11203
Brooklyn,"Andrew Buck",718-342-7563,"MAIN ENT NEXT TO SCHOOL SAFETY",1,15,"Emergency Skills",NY,"1084 Lenox Road",718-342-1144,11212
Brooklyn,"Andrew Buck",718-342-7563,"4th Floor Outside Room 420",1,15,"Emergency Skills",NY,"1084 Lenox Road",718-342-1144,11212
Brooklyn,"Ronald Laurent",718-773-5332,"MAIN ENT NEXT TO SCHOOL SAFETY",1,8,"Emergency Skills",NY,"133 East 53 Street",718-773-5332,11203
Brooklyn,"KARLA GITTENS","718 241 1300","MAIN ENTRANCE NEXT TO SCHOOL SAFETY",1,15,"Emergency Skills",NY,"101-24 Seaview Avenue",718-241-1300,11236
Brooklyn,"Leslyn Ward",718-241-5757,"MAIN ENT NEXT TO SCHOOL SAFETY",1,14,"Emergency Skills",NY,"1070 East 83 Street",718-241-5757,11236
Brooklyn,"Mary Pasquariello",,"MAIN ENT NEXT TO SCHOOL SAFETY",1,10,"Emergency Skills",NY,"1070 East 104 Street",718-444-4316,11236
Brooklyn,"Gauntlett Mighty",718-451-2200,"MAIN ENT NEXT TO SCHOOL SAFETY",1,1,"Emergency Skills",NY,"5909 Beverley Road",718-451-2200,11203
Brooklyn,"Eric Eisenberg",,psal,1,67,"Emergency Skills",NY,"5800 Tilden Avenue",917-714-2294,11203
Brooklyn,"Eric Eisenberg",,"Principal's Office",1,67,"Emergency Skills",NY,"5800 Tilden Avenue",917-714-2294,11203
Brooklyn,"Eric Eisenberg",,"3rd 327 outside",1,67,"Emergency Skills",NY,"5800 Tilden Avenue",917-714-2294,11203
Brooklyn,"Eric Eisenberg",,"Main ent next to School Safety",1,67,"Emergency Skills",NY,"5800 Tilden Avenue",917-714-2294,11203
Brooklyn,"Eric Eisenberg",,"PSAL ",1,67,"Emergency Skills",NY,"5800 Tilden Avenue",917-714-2294,11203
Brooklyn,"Eric Eisenberg",,"PSAL- ",1,67,"Emergency Skills",NY,"5800 Tilden Avenue",917-714-2294,11203
Brooklyn,"Eric Eisenberg",,"PSAL- ",1,67,"Emergency Skills",NY,"5800 Tilden Avenue",917-714-2294,11203
Brooklyn,"Eric Eisenberg",,"PSAL- ",1,67,"Emergency Skills",NY,"5800 Tilden Avenue",917-714-2294,11203
Brooklyn,"Eric Eisenberg",,"PSAL ",1,67,"Emergency Skills",NY,"5800 Tilden Avenue",917-714-2294,11203
Brooklyn,"Eric Eisenberg",,"PSAL- ",1,67,"Emergency Skills",NY,"5800 Tilden Avenue",917-714-2294,11203
Brooklyn,"Eric Eisenberg",,"PSAL- ",1,67,"Emergency Skills",NY,"5800 Tilden Avenue",917-714-2294,11203
Brooklyn,"Eric Eisenberg",,"PSAL ",1,67,"Emergency Skills",NY,"5800 Tilden Avenue",917-714-2294,11203
Brooklyn,"Eric Eisenberg",,"PSAL- ",1,67,"Emergency Skills",NY,"5800 Tilden Avenue",917-714-2294,11203
Brooklyn,"Eric Eisenberg",,PSAL,1,67,"Emergency Skills",NY,"5800 Tilden Avenue",917-714-2294,11203
Brooklyn,"Eric Eisenberg",,PSAL,1,67,"Emergency Skills",NY,"5800 Tilden Avenue",917-714-2294,11203
Brooklyn,"Eric Eisenberg",,PSAL,1,67,"Emergency Skills",NY,"5800 Tilden Avenue",917-714-2294,11203
Brooklyn,"Eric Eisenberg",,PSAL,1,67,"Emergency Skills",NY,"5800 Tilden Avenue",917-714-2294,11203
Brooklyn,"Tanisha Seymour",718-290-8667,"PSAL ",1,63,"Emergency Skills",NY,"1600 Rockaway Parkway",718-290-8667,11236
Brooklyn,"Tanisha Seymour",718-290-8667,,1,63,"Emergency Skills",NY,"1600 Rockaway Parkway",718-290-8667,11236
Brooklyn,"Tanisha Seymour",718-290-8667,"Main Entrance next to School Safety",1,63,"Emergency Skills",NY,"1600 Rockaway Parkway",718-290-8667,11236
Brooklyn,"Tanisha Seymour",718-290-8667,"PSAL ",1,63,"Emergency Skills",NY,"1600 Rockaway Parkway",718-290-8667,11236
Brooklyn,"Tanisha Seymour",718-290-8667,"PSAL ",1,63,"Emergency Skills",NY,"1600 Rockaway Parkway",718-290-8667,11236
Brooklyn,"Tanisha Seymour",718-290-8667,"PSAL ",1,63,"Emergency Skills",NY,"1600 Rockaway Parkway",718-290-8667,11236
Brooklyn,"Tanisha Seymour",718-290-8667,"PSAL ",1,63,"Emergency Skills",NY,"1600 Rockaway Parkway",718-290-8667,11236
Brooklyn,"Tanisha Seymour",718-290-8667,"PSAL- ",1,63,"Emergency Skills",NY,"1600 Rockaway Parkway",718-290-8667,11236
Brooklyn,"Tanisha Seymour",718-290-8667,"PSAL ",1,63,"Emergency Skills",NY,"1600 Rockaway Parkway",718-290-8667,11236
Brooklyn,"Tanisha Seymour",718-290-8667,"PSAL- ",1,63,"Emergency Skills",NY,"1600 Rockaway Parkway",718-290-8667,11236
Brooklyn,"Tanisha Seymour",718-290-8667,"PSAL ",1,63,"Emergency Skills",NY,"1600 Rockaway Parkway",718-290-8667,11236
Brooklyn,"Tanisha Seymour",718-290-8667,"PSAL ",1,63,"Emergency Skills",NY,"1600 Rockaway Parkway",718-290-8667,11236
Brooklyn,"Tanisha Seymour",718-290-8667,PSAL,1,63,"Emergency Skills",NY,"1600 Rockaway Parkway",718-290-8667,11236
Brooklyn,"Tanisha Seymour",718-290-8667,PSAL,1,63,"Emergency Skills",NY,"1600 Rockaway Parkway",718-290-8667,11236
Brooklyn,"Delia Torres","(718) 347-3600","Main Entrance next to School Safety",1,9,"Emergency Skills",NY,"858 Jamaica Avenue",718-347-3600,11208
Brooklyn,"NELIDA BRUNO",718-498-3717,"MAIN ENTRANCE",1,1,"Emergency Skills",NY,"557 Pennsylvania Avenue",718-498-3717,11207
Brooklyn,"Dionne Jaggon",718-277-4821,Basement,1,11,"Emergency Skills",NY,"158 Richmond Street",718-277-4821,11208
Brooklyn,"Estella Arroyo",718-647-5110,"Basement - Main Office (Outside)",1,2,"Emergency Skills",NY,"625 Liberty Avenue",718-647-5110,11207
Brooklyn,"Yolando Rosado",718-345-4100,"Main Entrance next to School Safety",1,12,"Emergency Skills",NY,"605 Sheperd Avenue",718-345-4100,11208
Brooklyn,"Yolando Rosado",718-345-4100,"Outside Room 325",1,12,"Emergency Skills",NY,"605 Sheperd Avenue",718-345-4100,11208
Brooklyn,"Louis Espinoza",718-277-5044,"GYM First Floor",1,2,"Emergency Skills",NY,"350 Linwood Street",718-277-5044,11208
Brooklyn,"Louis Espinoza",718-277-5044,"Outside near security desk",1,2,"Emergency Skills",NY,"350 Linwood Street",718-277-5044,11208
Brooklyn,"Kathleen McGee",718-277-7010,"Main Office",1,4,"Emergency Skills",NY,"200 Linwood Street",718-277-7010,11208
Brooklyn,"Kathleen McGee",718-277-7010,,1,4,"Emergency Skills",NY,"200 Linwood Street",718-277-7010,11208
Brooklyn,"Lorianne Strachan ",718-385-8666,GYM,1,11,"Emergency Skills",NY,"700 Sutter Avenue",718-385-8666,11207
Brooklyn,"Lorianne Strachan ",718-385-8666,"3rd Floor",1,11,"Emergency Skills",NY,"700 Sutter Avenue",718-385-8666,11207
Brooklyn,"Lorianne Strachan ",718-385-8666,Lobby,1,11,"Emergency Skills",NY,"700 Sutter Avenue",718-385-8666,11207
Brooklyn,"Desiree Middleton",718-277-6116,"MAIN ENT NEXT TO SCHOOL SAFETY",1,16,"Emergency Skills",NY,"400 Ashford Street",718-277-6116,11207
Brooklyn,"Linda Delluomo",718-277-4828,Annex,1,13,"Emergency Skills",NY,"2781 Pitkin Avenue",718-277-4828,11208
Brooklyn,"Linda Delluomo",718-277-4828,"Main Desk - Lobby",1,13,"Emergency Skills",NY,"2781 Pitkin Avenue",718-277-4828,11208
Brooklyn,"Victor Esannason",,"Main Entrance next to School Safety",1,7,"Emergency Skills",NY,"800 Van Siclen Avenue",718-649-0765,11207
Brooklyn,"Jane Tringali ",718-647-0111,"Main Entrance next to School Safety",1,13,"Emergency Skills",NY,"528 Ridgewood Avenue",718-647-0111,11208
Brooklyn,"REBEKHA SCHUBERT",718-345-1223,"Main Entrance next to School Safety",1,5,"Emergency Skills",NY,"574 Dumont Avenue",718-345-1223,11207
Brooklyn,"Anne Marie Soto",718-346-8780,"Main entrance next to School Safety",1,5,"Emergency Skills",NY,"590 Sheffield Avenue",718-346-8780,11207
Brooklyn,"Anne Marie Soto",718-346-8780,"Outside Room 507",1,5,"Emergency Skills",NY,"590 Sheffield Avenue",718-346-8780,11207
Brooklyn,"ROBIN JULIAN",718-649-7880,"Main Entrance next to School Safety",1,10,"Emergency Skills",NY,"982 Hegeman Avenue",718-649-7880,11208
Brooklyn,"ROBIN JULIAN",718-649-7880,"4th Floor, Room 452",1,10,"Emergency Skills",NY,"982 Hegeman Avenue",718-649-7880,11208
Brooklyn,"ROBIN JULIAN",718-649-7880,,1,10,"Emergency Skills",NY,"982 Hegeman Avenue",718-649-7880,11208
Brooklyn,"Gary Albin","(718) 257-4034","MAIN ENT",1,2,"Emergency Skills",NY,"580 Hegeman Avenue",(718)257-4034,11207
Brooklyn,"Rewa Chan",718-647-1740,"Lobby, behind security",1,14,"Emergency Skills",NY,"2944 Pitkin Avenue",718-647-1740,11208
Brooklyn,"Rewa Chan",718-647-1740,"4th Floor Room 419",1,14,"Emergency Skills",NY,"2944 Pitkin Avenue",718-647-1740,11208
Brooklyn,"Rewa Chan",718-647-1740,"Trailer #3",1,14,"Emergency Skills",NY,"2944 Pitkin Avenue",718-647-1740,11208
Brooklyn,"Rewa Chan",718-647-1740,"outside Gym",1,14,"Emergency Skills",NY,"2944 Pitkin Avenue",718-647-1740,11208
Brooklyn,"Vincent Cartagena",718-647-9050,"MAIN ENT NEXT TO SCHOOL SAFETY",1,8,"Emergency Skills",NY,"370 Fountain Avenue",718-647-9050,11208
Brooklyn,"Laya Vosges",718-235-3600,"MAIN ENT NEX TO SCHOOL SAFETY",1,12,"Emergency Skills",NY,"755 Wortman Avenue",718-235-3600,11208
Brooklyn,"Laya Vosges",718-235-3600,"Outside rm 271",1,12,"Emergency Skills",NY,"755 Wortman Avenue",718-235-3600,11208
Brooklyn,"Laura Avakians",718-699-9216,"Main Entrance next to School Safety",1,3,"Emergency Skills",NY,"875 Williams Avenue",718-699-9216,11207
Brooklyn,"Mike Moore","(718) 272-7677","Main entrence next to school safety",1,1,"Emergency Skills",NY,"923 Jerome Street",718-649-5739,11207
Brooklyn,"Brigitte Newell-Islar",718-647-1113,"1st Floor Outside General Office",1,9,"Emergency Skills",NY,"135 Schenck Avenue",718-647-1113,11207
Brooklyn,"JORGE MOORE",,"MAIN ENTRANCE",1,12,"Emergency Skills",NY,"301 Vermont Street",718-498-6560,11207
Brooklyn,"JORGE MOORE",,"Outside Room 314",1,12,"Emergency Skills",NY,"301 Vermont Street",718-498-6560,11207
Brooklyn,"Angela Halasy",718-649-3155,"Main Entrance",1,8,"Emergency Skills",NY,"970 Vermont Street",718-649-3155,11207
Brooklyn,"Ileana Feliciano",718-345-9393,"Main Entrance next to School Safety",1,3,"Emergency Skills",NY,"330 Alabama Avenue",718-345-9393,11207
Brooklyn,"Kathy Rodriguez ",718-647-8387,"MAIN ENTRANCE BY SCHOOL SAFTEY",1,15,"Emergency Skills",NY,"111 Berriman Street",718-647-8387,11208
Brooklyn,"Yvette Wilds  ",,"MAIN ENTERENCE NEXT TO SCHOOL SAFETY",1,10,"Emergency Skills",NY,"1400 Pennsylvania Avenue",718-642-3000,11239
Brooklyn,"Mrs. McKain Brown","(718) 642-3007","Main Entrance next to School Safety",1,14,"Emergency Skills",NY,"1426 Freeport Loop","(718) 642-3007",11239
Brooklyn,"JOHN CORTESE",718-927-0012,PSAL,1,23,"Emergency Skills",NY,"2057 Linden Boulevard",718-927-0012,11207
Brooklyn,"JOHN CORTESE",718-927-0012,"Main Entrance next to School Safety",1,23,"Emergency Skills",NY,"2057 Linden Boulevard",718-927-0012,11207
Brooklyn,"JOHN CORTESE",718-927-0012,"PSAL- ",1,23,"Emergency Skills",NY,"2057 Linden Boulevard",718-927-0012,11207
Brooklyn,"JOHN CORTESE",718-927-0012,"PSAL- ",1,23,"Emergency Skills",NY,"2057 Linden Boulevard",718-927-0012,11207
Brooklyn,"JOHN CORTESE",718-927-0012,"To be moved to Trailer T-1",1,23,"Emergency Skills",NY,"2057 Linden Boulevard",718-927-0012,11207
Brooklyn,"JOHN CORTESE",718-927-0012,"PSAL- ",1,23,"Emergency Skills",NY,"2057 Linden Boulevard",718-927-0012,11207
Brooklyn,"JOHN CORTESE",718-927-0012,,1,23,"Emergency Skills",NY,"2057 Linden Boulevard",718-927-0012,11207
BROOKLYN,"JIM CURCIO","(718) 647-2100","building unit o/s 291",1,45,"Emergency Skills",NY,"999 JAMAICA AVE",718-215-2100,11208
BROOKLYN,"JIM CURCIO","(718) 647-2100","416 outside",1,45,"Emergency Skills",NY,"999 JAMAICA AVE",718-215-2100,11208
BROOKLYN,"JIM CURCIO","(718) 647-2100","PSAL-Swim Coach",1,45,"Emergency Skills",NY,"999 JAMAICA AVE",718-215-2100,11208
BROOKLYN,"JIM CURCIO","(718) 647-2100","Outside Principal's Office 110",1,45,"Emergency Skills",NY,"999 JAMAICA AVE",718-215-2100,11208
BROOKLYN,"JIM CURCIO","(718) 647-2100","PSAL ",1,45,"Emergency Skills",NY,"999 JAMAICA AVE",718-215-2100,11208
BROOKLYN,"JIM CURCIO","(718) 647-2100","PSAL- Tennis",1,45,"Emergency Skills",NY,"999 JAMAICA AVE",718-215-2100,11208
BROOKLYN,"JIM CURCIO","(718) 647-2100","PSAL- ",1,45,"Emergency Skills",NY,"999 JAMAICA AVE",718-215-2100,11208
BROOKLYN,"JIM CURCIO","(718) 647-2100",PSAL-,1,45,"Emergency Skills",NY,"999 JAMAICA AVE",718-215-2100,11208
BROOKLYN,"JIM CURCIO","(718) 647-2100","Outside Room 214",1,45,"Emergency Skills",NY,"999 JAMAICA AVE",718-215-2100,11208
BROOKLYN,"JIM CURCIO","(718) 647-2100","PSAL ",1,45,"Emergency Skills",NY,"999 JAMAICA AVE",718-215-2100,11208
BROOKLYN,"JIM CURCIO","(718) 647-2100",PSAL-Baseball,1,45,"Emergency Skills",NY,"999 JAMAICA AVE",718-215-2100,11208
BROOKLYN,"JIM CURCIO","(718) 647-2100","Main Entrance",1,45,"Emergency Skills",NY,"999 JAMAICA AVE",718-215-2100,11208
BROOKLYN,"JIM CURCIO","(718) 647-2100","PSAL- ",1,45,"Emergency Skills",NY,"999 JAMAICA AVE",718-215-2100,11208
BROOKLYN,"JIM CURCIO","(718) 647-2100","PSAL- Track Team",1,45,"Emergency Skills",NY,"999 JAMAICA AVE",718-215-2100,11208
BROOKLYN,"JIM CURCIO","(718) 647-2100","Outside Room 352",1,45,"Emergency Skills",NY,"999 JAMAICA AVE",718-215-2100,11208
BROOKLYN,"Thomas Coleman","(718) 922-6289",,1,1,"Emergency Skills",NY,"400 PENNSYLVANIA AVENUE",646-287-7721,11207
BROOKLYN,"Thomas Coleman",646-287-7721,"Not in Cabinet",1,14,"Emergency Skills",NY,"400 PENNSYLVANIA AVENUE",718-922-0762,11207
BROOKLYN,"Thomas Coleman",646-287-7721,"4th Floor Outside 443",1,14,"Emergency Skills",NY,"400 PENNSYLVANIA AVENUE",718-922-0762,11207
BROOKLYN,"Thomas Coleman",646-287-7721,"Main Entrance next to School Safety",1,14,"Emergency Skills",NY,"400 PENNSYLVANIA AVENUE",718-922-0762,11207
BROOKLYN,"Thomas Coleman",646-287-7721,"Outside 201",1,14,"Emergency Skills",NY,"400 PENNSYLVANIA AVENUE",718-922-0762,11207
BROOKLYN,"Thomas Coleman",646-287-7721," ",1,14,"Emergency Skills",NY,"400 PENNSYLVANIA AVENUE",718-922-0762,11207
BROOKLYN,"Thomas Coleman",646-287-7721,PSAL-,1,14,"Emergency Skills",NY,"400 PENNSYLVANIA AVENUE",718-922-0762,11207
BROOKLYN,"Thomas Coleman",646-287-7721,"Jefferson Field",1,14,"Emergency Skills",NY,"400 PENNSYLVANIA AVENUE",718-922-0762,11207
BROOKLYN,"Thomas Coleman",646-287-7721,"PSAL - Room 510",1,14,"Emergency Skills",NY,"400 PENNSYLVANIA AVENUE",718-922-0762,11207
BROOKLYN,"Thomas Coleman",646-287-7721,"PSAL ",1,14,"Emergency Skills",NY,"400 PENNSYLVANIA AVENUE",718-922-0762,11207
BROOKLYN,"Thomas Coleman",646-287-7721,"PSAL ",1,14,"Emergency Skills",NY,"400 PENNSYLVANIA AVENUE",718-922-0762,11207
BROOKLYN,"Thomas Coleman",646-287-7721,"PSAL ",1,14,"Emergency Skills",NY,"400 PENNSYLVANIA AVENUE",718-922-0762,11207
BROOKLYN,"Thomas Coleman",646-287-7721,"PSAL  ",1,14,"Emergency Skills",NY,"400 PENNSYLVANIA AVENUE",718-922-0762,11207
Brooklyn,"Paul Tropiano",718-647-5204,"PSAL-Girls Track",1,36,"Emergency Skills",NY,"1 Wells Street",718-647-5204,11208
Brooklyn,"Paul Tropiano",718-647-5204,"Rm 230",1,36,"Emergency Skills",NY,"1 Wells Street",718-647-5204,11208
Brooklyn,"Paul Tropiano",718-647-5204,"main entrance",1,36,"Emergency Skills",NY,"1 Wells Street",718-647-5204,11208
Brooklyn,"Paul Tropiano",718-647-5204,PSAL,1,36,"Emergency Skills",NY,"1 Wells Street",718-647-5204,11208
Brooklyn,"Paul Tropiano",718-647-5204,"PSAL - GYM",1,36,"Emergency Skills",NY,"1 Wells Street",718-647-5204,11208
Brooklyn,"Paul Tropiano",718-647-5204,PSAL,1,36,"Emergency Skills",NY,"1 Wells Street",718-647-5204,11208
Brooklyn,"Paul Tropiano",718-647-5204,PSAL,1,36,"Emergency Skills",NY,"1 Wells Street",718-647-5204,11208
Brooklyn,"Paul Tropiano",718-647-5204,"PSAL - Basketball",1,36,"Emergency Skills",NY,"1 Wells Street",718-647-5204,11208
Brooklyn,"Paul Tropiano",718-647-5204,Gym,1,36,"Emergency Skills",NY,"1 Wells Street",718-647-5204,11208
Brooklyn,"Paul Tropiano",718-647-5204,,1,36,"Emergency Skills",NY,"1 Wells Street",718-647-5204,11208
Brooklyn,"Paul Tropiano",718-647-5204,,1,36,"Emergency Skills",NY,"1 Wells Street",718-647-5204,11208
Brooklyn,"BRYANNE FLAHERTY ",646-642-6053,"Rm 117",1,37,"Emergency Skills",NY,"145 Pennsylvania Avenue","718 345 9100",11207
Brooklyn,"BRYANNE FLAHERTY ",646-642-6053,"1st floor",1,37,"Emergency Skills",NY,"145 Pennsylvania Avenue","718 345 9100",11207
Brooklyn,"BRYANNE FLAHERTY ",646-642-6053,PSAL,1,37,"Emergency Skills",NY,"145 Pennsylvania Avenue","718 345 9100",11207
Brooklyn,"BRYANNE FLAHERTY ",646-642-6053,"Room 221",1,37,"Emergency Skills",NY,"145 Pennsylvania Avenue","718 345 9100",11207
Brooklyn,"BRYANNE FLAHERTY ",646-642-6053,"5th Floor, Room 524",1,37,"Emergency Skills",NY,"145 Pennsylvania Avenue","718 345 9100",11207
Brooklyn,"BRYANNE FLAHERTY ",646-642-6053,"main entrance",1,37,"Emergency Skills",NY,"145 Pennsylvania Avenue","718 345 9100",11207
Brooklyn,"BRYANNE FLAHERTY ",646-642-6053,"Fitness Gym Rm 360",1,37,"Emergency Skills",NY,"145 Pennsylvania Avenue","718 345 9100",11207
Brooklyn,"BRYANNE FLAHERTY ",646-642-6053,"to be moved outside of GYM Rm 440",1,37,"Emergency Skills",NY,"145 Pennsylvania Avenue","718 345 9100",11207
Brooklyn,"BRYANNE FLAHERTY ",646-642-6053,psal,1,37,"Emergency Skills",NY,"145 Pennsylvania Avenue","718 345 9100",11207
Brooklyn,"BRYANNE FLAHERTY ",646-642-6053,"to be moved outside of Principal's Office",1,37,"Emergency Skills",NY,"145 Pennsylvania Avenue","718 345 9100",11207
Brooklyn,"ELIZABETH MALEY",718-491-5684,"MAIN ENTRANCE",1,2,"Emergency Skills",NY,"415 Ovington Avenue","(718) 491-5684",11209
Brooklyn,"Christine Chaves",718-232-3873,"Main Entrance",1,12,"Emergency Skills",NY,"6015 18 Avenue",718-232-3873,11204
Brooklyn,"Christine Chaves",718-232-3873,"Hall at Room 401",1,12,"Emergency Skills",NY,"6015 18 Avenue",718-232-3873,11204
Brooklyn,"BARRY KEVORKIAN",,"MAIN ENTRANCE",1,11,"Emergency Skills",NY,"700 Cortelyou Road",718-941-5450,11218
Brooklyn,"Rosanne Nunnari",718-833-6710,"Main Entrance next to School Safety",1,16,"Emergency Skills",NY,"884 63 STREET",718-833-6710,11220
Brooklyn,"Rosanne Nunnari",718-833-6710,"Outside Room 412",1,16,"Emergency Skills",NY,"884 63 STREET",718-833-6710,11220
Brooklyn,"CORA SICHENZE","718 748 7404","Old Building - Room 204",1,20,"Emergency Skills",NY,"211 72 Street",718-446-3308,11209
Brooklyn,"CORA SICHENZE","718 748 7404","Main Entrance/Lobby - New Building",1,20,"Emergency Skills",NY,"211 72 Street",718-446-3308,11209
Brooklyn,"CORA SICHENZE","718 748 7404","New Building - Rm 411",1,20,"Emergency Skills",NY,"211 72 Street",718-446-3308,11209
Brooklyn,"SUZANNE GATTO",718-836-4630,"Security Desk - Main Entrance",1,12,"Emergency Skills",NY,"9115 Fifth Avenue",718-836-4630,11209
Brooklyn,"SUZANNE GATTO",718-836-4630,"Rm 357",1,12,"Emergency Skills",NY,"9115 Fifth Avenue",718-836-4630,11209
BROOKLYN," ",718-759-4990,"Main Lobby",1,7,"Emergency Skills",NY,"418 89th St.",718-759-4990,11209
Brooklyn,"Dorothy Ferretti","(718) 438-3230","Outside Rm. 409",1,18,"Emergency Skills",NY,"1031 59 Street",718-438-3230,11219
Brooklyn,"Dorothy Ferretti","(718) 438-3230","1st Floor near lunchroom",1,18,"Emergency Skills",NY,"1031 59 Street",718-438-3230,11219
Brooklyn,"Donna Matarese",,"Main Entrance",1,8,"Emergency Skills",NY,"7115 - 15th Avenue",718-232-0685,11228
Brooklyn,"Pauline Frank",,"MAIN ENTRANCE",1,12,"Emergency Skills",NY,"7805 Seventh Avenue",718-833-2323,11228
Brooklyn,"Margaret Russo",,"4TH FLOOR",1,12,"Emergency Skills",NY,"5105 Ft. Hamilton Parkway",718-438-0337,11219
Brooklyn,"Margaret Russo",,"MAIN LOBBY",1,12,"Emergency Skills",NY,"5105 Ft. Hamilton Parkway",718-438-0337,11219
Brooklyn,"MAUREEN MCGRATH","718-236 9003",LOBBY,1,11,"Emergency Skills",NY,"1664 Benson Avenue","718-236 9003",11214
Brooklyn,"MAUREEN MCGRATH","718-236 9003",Basement,1,11,"Emergency Skills",NY,"1664 Benson Avenue","718-236 9003",11214
Brooklyn,"MAUREEN MCGRATH","718-236 9003","4th Floor",1,11,"Emergency Skills",NY,"1664 Benson Avenue","718-236 9003",11214
Brooklyn,"Danielle Bennett","(718) 854-4100","Main Lobby",1,20,"Emergency Skills",NY,"4211 14 Avenue","(718) 854-4100",11219
Brooklyn,"TRIANTHE SIALAKAS",718-748-0333,"Main Entrance",1,11,"Emergency Skills",NY,"7109 Sixth Avenue",718-748-0333,11209
Brooklyn,"TRIANTHE SIALAKAS",718-748-0333,"Outside Room 404",1,11,"Emergency Skills",NY,"7109 Sixth Avenue",718-748-0333,11209
Brooklyn,"DEBBIE CECI","(718) 236-7755 ","MAIN LOBBY",1,22,"Emergency Skills",NY,"1225 69 Street","(718) 236-7755 ",11219
Brooklyn,"DEBBIE CECI","(718) 236-7755 ","Staircase 5 - 4th flr.",1,22,"Emergency Skills",NY,"1225 69 Street","(718) 236-7755 ",11219
BROOKLYN,"PATRICA BOYD","(718) 438-4010","Transportable #4",1,14,"Emergency Skills",NY,"202 AVENUE C",718-438-4010,11218
BROOKLYN,"PATRICA BOYD","(718) 438-4010","Fourth floor near room 408B",1,14,"Emergency Skills",NY,"202 AVENUE C",718-438-4010,11218
BROOKLYN,"PATRICA BOYD","(718) 438-4010","MAIN ENTRANCE",1,14,"Emergency Skills",NY,"202 AVENUE C",718-438-4010,11218
BROOKLYN,"Pat Trani",718-851-8070,"MAIN ENTRANCE",1,3,"Emergency Skills",NY,"5601 16TH AVE",718-851-8070,11204
Brooklyn,"Michael Grimaldi","(718) 745-6615","MAIN ENTRANCE NEXT TO SCHOOL SAFETY",1,10,"Emergency Skills",NY,"8601 Ridge Boulevard","718 745 6610",11209
Brooklyn,"Michael Grimaldi","(718) 745-6615","Rm 401",1,10,"Emergency Skills",NY,"8601 Ridge Boulevard","718 745 6610",11209
Brooklyn,"Joanne Carill","(718) 236-7071","3rd flr. Outside Rm. 307",1,13,"Emergency Skills",NY,"7601 19 Avenue",000,11214
Brooklyn,"Joanne Carill","(718) 236-7071","MAIN ENTRANCE",1,13,"Emergency Skills",NY,"7601 19 Avenue",000,11214
Brooklyn,"Joanne Carill","(718) 236-7071","5th Floor Outside 505B",1,13,"Emergency Skills",NY,"7601 19 Avenue",000,11214
Brooklyn,"MARY LANE-CITLAK",718-236-3394,"MAIN LOBBY",1,24,"Emergency Skills",NY,"1171 65 Street","(718) 236-3394",11219
Brooklyn,"MARY LANE-CITLAK",718-236-3394,"Outside rm. 308",1,24,"Emergency Skills",NY,"1171 65 Street","(718) 236-3394",11219
Brooklyn,"Ann Frischman","(718) 633-3061","MAIN ENTRANCE",1,18,"Emergency Skills",NY,"4715 18 Avenue","(718) 633-3061",11204
Brooklyn,"Ann Frischman","(718) 633-3061","4th flr. outside 402",1,18,"Emergency Skills",NY,"4715 18 Avenue","(718) 633-3061",11204
Brooklyn,"Keefe Vallaro","(718) 236-5466","MAIN ENTRANCE",1,9,"Emergency Skills",NY,"1940 Benson Avenue","(718) 236-5466",11214
Brooklyn,"Keefe Vallaro","(718) 236-5466","4th flr. by RM. 429",1,9,"Emergency Skills",NY,"1940 Benson Avenue","(718) 236-5466",11214
Brooklyn,"MaryLu Collins","718 833-9363","MAIN LOBBY",1,13,"Emergency Skills",NY,"8010 - 12 Avenue","718 833-9363",11228
Brooklyn,"MaryLu Collins","718 833-9363","5TH FL HALL Outside 514",1,13,"Emergency Skills",NY,"8010 - 12 Avenue","718 833-9363",11228
Brooklyn,"Janet  McCarthy",718-236-2906,"main entrance",1,13,"Emergency Skills",NY,"8101 15 Avenue",718-236-2906,11228
Brooklyn,"Janet  McCarthy",718-236-2906,"Third Floor - across from room 315",1,13,"Emergency Skills",NY,"8101 15 Avenue",718-236-2906,11228
Brooklyn,"LEONIE FORDE",718-236-2380,"5th flr. outside gym",1,15,"Emergency Skills",NY,"6701 20 Avenue","718 236-2380",11204
Brooklyn,"LEONIE FORDE",718-236-2380,"MAIN ENT",1,15,"Emergency Skills",NY,"6701 20 Avenue","718 236-2380",11204
Brooklyn,"Ed Hernandez",,LOBBY,1,11,"Emergency Skills",NY,"4812 - 9th Avenue",718-633-8200,11220
Brooklyn,"Ed Hernandez",,"4th Floor outside room 407",1,11,"Emergency Skills",NY,"4812 - 9th Avenue",718-633-8200,11220
Brooklyn,"ANDREW FRANK",718-438-0393,"Main Entrance behind Security",1,10,"Emergency Skills",NY,"4200 16 Avenue",718-438-0155,11204
Brooklyn,"ANDREW FRANK",718-438-0393,"4th Floor; Outside Rm. 401",1,10,"Emergency Skills",NY,"4200 16 Avenue",718-438-0155,11204
Brooklyn,"Linda Romano","(718) 256-8218","MAIN ENTRANCE",1,10,"Emergency Skills",NY,"6500 16 Avenue","(718) 256-8218",11204
Brooklyn,"Linda Romano","(718) 256-8218","3RD FL NEAR GYM",1,10,"Emergency Skills",NY,"6500 16 Avenue","(718) 256-8218",11204
Brooklyn,"Stephanie Connell","718 236-5447","Main Entrance",1,21,"Emergency Skills",NY,"1400 Benson Avenue","718 236-5447",11228
Brooklyn,"ERIN O'HANLON",718-236-4205,"MAIN ENTRANCE",1,13,"Emergency Skills",NY,"7000 21 Avenue","718 236-4295",11204
Brooklyn,"GLORIA DINO",718-883-1000,"MAIN LOBBY - 1st Floor",1,27,"Emergency Skills",NY,"7301 Fort Hamilton Parkway",718-883-1000,11228
Brooklyn,"GLORIA DINO",718-883-1000,"3rd FLOOR OUTSIDE RM 320",1,27,"Emergency Skills",NY,"7301 Fort Hamilton Parkway",718-883-1000,11228
Brooklyn,"Patricia Rodgers","(718) 759-3462","PSAL ",1,29,"Emergency Skills",NY,"350 67 Street","(718) 759-3462",11220
Brooklyn,"Patricia Rodgers","(718) 759-3462","PSAL ",1,29,"Emergency Skills",NY,"350 67 Street","(718) 759-3462",11220
Brooklyn,"Patricia Rodgers","(718) 759-3462","Rm. 501",1,29,"Emergency Skills",NY,"350 67 Street","(718) 759-3462",11220
Brooklyn,"Patricia Rodgers","(718) 759-3462",PSAL,1,29,"Emergency Skills",NY,"350 67 Street","(718) 759-3462",11220
Brooklyn,"Patricia Rodgers","(718) 759-3462",PSAL,1,29,"Emergency Skills",NY,"350 67 Street","(718) 759-3462",11220
Brooklyn,"Patricia Rodgers","(718) 759-3462",PSAL,1,29,"Emergency Skills",NY,"350 67 Street","(718) 759-3462",11220
Brooklyn,"Patricia Rodgers","(718) 759-3462","Main Entrance next to School Safety",1,29,"Emergency Skills",NY,"350 67 Street","(718) 759-3462",11220
Brooklyn,"Patricia Rodgers","(718) 759-3462",PSAL,1,29,"Emergency Skills",NY,"350 67 Street","(718) 759-3462",11220
Brooklyn,"Patricia Rodgers","(718) 759-3462",PSAL,1,29,"Emergency Skills",NY,"350 67 Street","(718) 759-3462",11220
Brooklyn,"Patricia Rodgers","(718) 759-3462",PSAL,1,29,"Emergency Skills",NY,"350 67 Street","(718) 759-3462",11220
Brooklyn,"Patricia Rodgers","(718) 759-3462",PSAL,1,29,"Emergency Skills",NY,"350 67 Street","(718) 759-3462",11220
Brooklyn,"Robert Pertsas/Brendan Sullivan","718 621 8915",PSAL-STORAGE,1,53,"Emergency Skills",NY,"5800 20 Avenue","(718) 621-8915",11204
Brooklyn,"Robert Pertsas/Brendan Sullivan","718 621 8915","PSAL-1ST FLOOR STORAGE",1,53,"Emergency Skills",NY,"5800 20 Avenue","(718) 621-8915",11204
Brooklyn,"Robert Pertsas/Brendan Sullivan","718 621 8915",PSAL,1,53,"Emergency Skills",NY,"5800 20 Avenue","(718) 621-8915",11204
Brooklyn,"Robert Pertsas/Brendan Sullivan","718 621 8915","1ST FLOOR OUTSIDE ROOM 116",1,53,"Emergency Skills",NY,"5800 20 Avenue","(718) 621-8915",11204
Brooklyn,"Robert Pertsas/Brendan Sullivan","718 621 8915","PSAL-storage 1st floor",1,53,"Emergency Skills",NY,"5800 20 Avenue","(718) 621-8915",11204
Brooklyn,"Robert Pertsas/Brendan Sullivan","718 621 8915",PSAL,1,53,"Emergency Skills",NY,"5800 20 Avenue","(718) 621-8915",11204
Brooklyn,"Robert Pertsas/Brendan Sullivan","718 621 8915",PSAL-STORAGE,1,53,"Emergency Skills",NY,"5800 20 Avenue","(718) 621-8915",11204
Brooklyn,"Robert Pertsas/Brendan Sullivan","718 621 8915",PSAL-storage,1,53,"Emergency Skills",NY,"5800 20 Avenue","(718) 621-8915",11204
Brooklyn,"Robert Pertsas/Brendan Sullivan","718 621 8915","PSAL-STORAGE 1ST FL",1,53,"Emergency Skills",NY,"5800 20 Avenue","(718) 621-8915",11204
Brooklyn,"Robert Pertsas/Brendan Sullivan","718 621 8915","Outside Room 453",1,53,"Emergency Skills",NY,"5800 20 Avenue","(718) 621-8915",11204
Brooklyn,"Robert Pertsas/Brendan Sullivan","718 621 8915",PSAL,1,53,"Emergency Skills",NY,"5800 20 Avenue","(718) 621-8915",11204
Brooklyn,"Robert Pertsas/Brendan Sullivan","718 621 8915",PSAL-STORAGE,1,53,"Emergency Skills",NY,"5800 20 Avenue","(718) 621-8915",11204
Brooklyn,"Robert Pertsas/Brendan Sullivan","718 621 8915","PSAL-1ST FL STORAGE",1,53,"Emergency Skills",NY,"5800 20 Avenue","(718) 621-8915",11204
Brooklyn,"Robert Pertsas/Brendan Sullivan","718 621 8915","Main Entrance",1,53,"Emergency Skills",NY,"5800 20 Avenue","(718) 621-8915",11204
Brooklyn,"Robert Pertsas/Brendan Sullivan","718 621 8915",PSAL,1,53,"Emergency Skills",NY,"5800 20 Avenue","(718) 621-8915",11204
BROOKLYN,"GAYLE GORDON",718-266-8090,"Main Entrance next to school safety",1,7,"Emergency Skills",NY,"2840  W 12TH ST",718-266-8090,11224
Brooklyn,"Cecile Jordan-Jamir","(718) 449-5050","Portable T-2",1,24,"Emergency Skills",NY,"345 Van Sicklen Street","(718) 449-5050",11223
Brooklyn,"Cecile Jordan-Jamir","(718) 449-5050","3rd flr. by 338",1,24,"Emergency Skills",NY,"345 Van Sicklen Street","(718) 449-5050",11223
Brooklyn,"Cecile Jordan-Jamir","(718) 449-5050","Main Entrance",1,24,"Emergency Skills",NY,"345 Van Sicklen Street","(718) 449-5050",11223
Brooklyn,"Howie Rybak",718-236-1344,"Main Entrance",1,8,"Emergency Skills",NY,"99 Avenue P","718 236-1344",11204
Brooklyn,"Howie Rybak",718-236-1344,"Third Floor Hallway",1,8,"Emergency Skills",NY,"99 Avenue P","718 236-1344",11204
Brooklyn,"Louisa Agrusa","(347) 563-4665","Main Entrance",1,9,"Emergency Skills",NY,"1855 Stillwell Avenue","(718) 372-7393",11223
Brooklyn,"Louisa Agrusa","(347) 563-4665","Outside Room 106- Nurses Office",1,9,"Emergency Skills",NY,"1855 Stillwell Avenue","(718) 372-7393",11223
Brooklyn,"Louisa Agrusa","(347) 563-4665","Outside Rm 402",1,9,"Emergency Skills",NY,"1855 Stillwell Avenue","(718) 372-7393",11223
Brooklyn,"MARC GOLDBERG",718-891-9005,GYM,1,2,"Emergency Skills",NY,"1401 Emmons Avenue","718 891-9005",11235
Brooklyn,"MARC GOLDBERG",718-891-9005,Lobby,1,2,"Emergency Skills",NY,"1401 Emmons Avenue","718 891-9005",11235
Brooklyn,"MARC GOLDBERG",718-891-9005,"Third Floor 334 Special Ed",1,2,"Emergency Skills",NY,"1401 Emmons Avenue","718 891-9005",11235
Brooklyn,"LEAH DIAMOND",718-338-9201,"Main Entrance",1,6,"Emergency Skills",NY,"1120 East 10 Street",718-338-9201,11230
Brooklyn,"JOANN BRENNER",718-266-9477,"5th flr. in Nurses office",1,9,"Emergency Skills",NY,"2951 West 3 Street",718-266-9477,11224
Brooklyn,"JOANN BRENNER",718-266-9477,"Main Entrance",1,9,"Emergency Skills",NY,"2951 West 3 Street",718-266-9477,11224
Brooklyn,"ELISA KANE",718-372-0221,"3rd flr.",1,13,"Emergency Skills",NY,"2360 Benson Avenue",718-372-0221,11214
Brooklyn,"ELISA KANE",718-372-0221,"Main Entrance",1,13,"Emergency Skills",NY,"2360 Benson Avenue",718-372-0221,11214
Brooklyn,"Lucille Randazz",,"Main Entrance",1,10,"Emergency Skills",NY,"5301 20 Avenue",718-377-8845,11204
Brooklyn,"Diane Savino","(718) 373-5900","Main Entrance",1,8,"Emergency Skills",NY,"2075 84 Street",718-373-5900,11214
Brooklyn,"Stephanie Fanizzi","(718) 375-4484","Main Entrance",1,13,"Emergency Skills",NY,"1970 Homecrest Avenue",718-375-4484,11229
Brooklyn,"Stephanie Fanizzi","(718) 375-4484",,1,13,"Emergency Skills",NY,"1970 Homecrest Avenue",718-375-4484,11229
Brooklyn,"Salvatore Cosentino",374-563-4626,"Main Entrance",1,8,"Emergency Skills",NY,"346 Avenue P",718-375-9506,11204
Brooklyn,"Salvatore Cosentino",374-563-4626,"4th flr. Outside 411",1,8,"Emergency Skills",NY,"346 Avenue P",718-375-9506,11204
Brooklyn,"B. FISHMAN",718-266-6830,"4th Floor",1,17,"Emergency Skills",NY,"3314 Neptune Avenue",718-266-6380,11224
Brooklyn,"B. FISHMAN",718-266-6830,"Main Entrance",1,17,"Emergency Skills",NY,"3314 Neptune Avenue",718-266-6380,11224
Brooklyn,"Ann DePaola","(718) 339-1422","Main Entrance",1,10,"Emergency Skills",NY,"1100 Elm Avenue","(718) 339-1422",11230
Brooklyn,"Alexis Blair","(718) 743-1954","4th Floor Hall",1,9,"Emergency Skills",NY,"2609 East 7 Street","718 743-1954",11235
Brooklyn,"Alexis Blair","(718) 743-1954","Main Entrance next to School Safety",1,9,"Emergency Skills",NY,"2609 East 7 Street","718 743-1954",11235
Brooklyn,"DEBORAH DELLUOMO",718-266-4841,Lobby,1,7,"Emergency Skills",NY,"87 Bay 49 Street",718-266-4841,11214
Brooklyn,"DEBORAH DELLUOMO",718-266-4841,"4th Floor between 413 & 414",1,7,"Emergency Skills",NY,"87 Bay 49 Street",718-266-4841,11214
Brooklyn,"DEBORAH DELLUOMO",718-266-4841,Office,1,7,"Emergency Skills",NY,"87 Bay 49 Street",718-266-4841,11214
Brooklyn,"Marsha Leibowitz",,"Main Entrance",1,12,"Emergency Skills",NY,"415 Avenue S","718 339-2464",11223
Brooklyn,"ANTHONY CIRILLO","718 645 2862","MAIN ENTRANCE NEXT TO SCHOOL SAFETY",1,11,"Emergency Skills",NY,"350 Avenue X","(718) 645-2862",11223
Brooklyn,"ANTHONY CIRILLO","718 645 2862","5th Floor outside computer room",1,11,"Emergency Skills",NY,"350 Avenue X","(718) 645-2862",11223
Brooklyn," Annette Siconolfi","(718) 743-9793","OUTSIDE NURSES OFFICE, 4th Floor Rm 460",1,14,"Emergency Skills",NY,"1075 Oceanview Avenue","(718) 743-9793",11235
Brooklyn," Annette Siconolfi","(718) 743-9793","MAIN ENTRANCE",1,14,"Emergency Skills",NY,"1075 Oceanview Avenue","(718) 743-9793",11235
Brooklyn,"Joanne Allota",,"Outside Rm. 411",1,5,"Emergency Skills",NY,"6006 23 Avenue","718 256-1118",11204
Brooklyn,"Joanne Allota",,"MAIN ENTRANCE",1,5,"Emergency Skills",NY,"6006 23 Avenue","718 256-1118",11204
Brooklyn,"Gail Cohen","(718) 375-7635","MAIN ENTRANCE",1,16,"Emergency Skills",NY,"228 Avenue S",718-375-7635,11223
Brooklyn,"Gail Cohen","(718) 375-7635","Rm 401",1,16,"Emergency Skills",NY,"228 Avenue S",718-375-7635,11223
Brooklyn,"Rosemarie Fisichelli",,"Main Entrance",1,9,"Emergency Skills",NY,"1633 East 8 Street","718 339-4355",11223
Brooklyn,"RON SEIF",,"Main Entrance",1,12,"Emergency Skills",NY,"2401 Neptune Avenue",718-266-0814,11224
Brooklyn,"RON SEIF",,"3rd flr. outside RM310; Near Gym",1,12,"Emergency Skills",NY,"2401 Neptune Avenue",718-266-0814,11224
Brooklyn,"LISA SPERONI",718-332-3331,"MAIN LOBBY",1,8,"Emergency Skills",NY,"601 Oceanview Avenue",718-332-3331,11235
Brooklyn,"Brain Sommerville",,"3rd Floor Rm 311",1,20,"Emergency Skills",NY,"8787 - 24 Avenue",718-996-6706,11214
Brooklyn,"Brain Sommerville",,"Main Entrance",1,20,"Emergency Skills",NY,"8787 - 24 Avenue",718-996-6706,11214
Brooklyn,"DERMOT CLIFFORD, AP",718-449-8000,"Main Entrance",1,1,"Emergency Skills",NY,"2950 West 25 Street",718-449-8000,11224
Brooklyn,"AUDREY HOUSTON","(718) 996-0100","Lobby of K303",1,3,"Emergency Skills",NY,"501 West Avenue",718-966-0100,11224
Brooklyn,"AUDREY HOUSTON","(718) 996-0100","4th Floor Hall Room 459",1,3,"Emergency Skills",NY,"501 West Avenue",718-966-0100,11224
Brooklyn,"RAY DORTA",718-996-3800,"Main Entrance",1,1,"Emergency Skills",NY,"2929 West 30 Street",718-996-3800,11224
Brooklyn,"RAY DORTA",718-996-3800,"Rm 311",1,1,"Emergency Skills",NY,"2929 West 30 Street",718-996-3800,11224
BROOKLYN,"Dr. John Roberts",718-258-9283,"Ave L Entrance",1,19,"Emergency Skills",NY,"1600 Avenue L",718-258-9283,11230
BROOKLYN,"Dr. John Roberts",718-258-9283,"4th Floor -Chestnut Ave Exit Stwy",1,19,"Emergency Skills",NY,"1600 Avenue L",718-258-9283,11230
BROOKLYN,"Dr. John Roberts",718-258-9283,"1ST FLOOR FRONT LOBBY ENTRANCE-Chestnut",1,19,"Emergency Skills",NY,"1600 Avenue L",718-258-9283,11230
BROOKLYN,"Dr. John Roberts",718-258-9283,"3rd Fl HALLWAY OUTSIDE GYM 3A",1,19,"Emergency Skills",NY,"1600 Avenue L",718-258-9283,11230
BROOKLYN,"Dr. John Roberts",718-258-9283,"Portable Unit for school trips & events",1,19,"Emergency Skills",NY,"1600 Avenue L",718-258-9283,11230
Brooklyn,"Connie Pappaceno","718 373-6400","Rm 111",1,15,"Emergency Skills",NY,"50 Avenue X","718 373-6400",11223
Brooklyn,"Connie Pappaceno","718 373-6400","Rm 139",1,15,"Emergency Skills",NY,"50 Avenue X","718 373-6400",11223
Brooklyn,"Connie Pappaceno","718 373-6400","Main Entrance",1,15,"Emergency Skills",NY,"50 Avenue X","718 373-6400",11223
Brooklyn,"STEVE LAPLACA, AP",7183325000,PSAL,1,34,"Emergency Skills",NY,"25 Brighton 4th Road",718-332-5000,11235
Brooklyn,"STEVE LAPLACA, AP",7183325000,PSAL,1,34,"Emergency Skills",NY,"25 Brighton 4th Road",718-332-5000,11235
Brooklyn,"STEVE LAPLACA, AP",7183325000,"Outside Room 340 (wall mount)",1,34,"Emergency Skills",NY,"25 Brighton 4th Road",718-332-5000,11235
Brooklyn,"STEVE LAPLACA, AP",7183325000,"PSAL ",1,34,"Emergency Skills",NY,"25 Brighton 4th Road",718-332-5000,11235
Brooklyn,"STEVE LAPLACA, AP",7183325000,"LOBBY AT MAIN ENTRANCE",1,34,"Emergency Skills",NY,"25 Brighton 4th Road",718-332-5000,11235
Brooklyn,"STEVE LAPLACA, AP",7183325000,Gym,1,34,"Emergency Skills",NY,"25 Brighton 4th Road",718-332-5000,11235
Brooklyn,"STEVE LAPLACA, AP",7183325000,PSAL,1,34,"Emergency Skills",NY,"25 Brighton 4th Road",718-332-5000,11235
Brooklyn,"STEVE LAPLACA, AP",7183325000,PSAL,1,34,"Emergency Skills",NY,"25 Brighton 4th Road",718-332-5000,11235
Brooklyn,"STEVE LAPLACA, AP",7183325000,PSAL,1,34,"Emergency Skills",NY,"25 Brighton 4th Road",718-332-5000,11235
Brooklyn,"STEVE LAPLACA, AP",7183325000,PSAL,1,34,"Emergency Skills",NY,"25 Brighton 4th Road",718-332-5000,11235
Brooklyn,"STEVE LAPLACA, AP",7183325000,PSAL,1,34,"Emergency Skills",NY,"25 Brighton 4th Road",718-332-5000,11235
Brooklyn,"STEVE LAPLACA, AP",7183325000,PSAL,1,34,"Emergency Skills",NY,"25 Brighton 4th Road",718-332-5000,11235
Brooklyn,"STEVE LAPLACA, AP",7183325000,Basement,1,34,"Emergency Skills",NY,"25 Brighton 4th Road",718-332-5000,11235
Brooklyn,"Nicholas Como AP",718-266-5032,PSAL,1,22,"Emergency Skills",NY,"83-10 21 Avenue","718 266-5032",11214
Brooklyn,"Nicholas Como AP",718-266-5032,"Outside Rm 311",1,22,"Emergency Skills",NY,"83-10 21 Avenue","718 266-5032",11214
Brooklyn,"Nicholas Como AP",718-266-5032,"Main Entrance by School Safety",1,22,"Emergency Skills",NY,"83-10 21 Avenue","718 266-5032",11214
Brooklyn,"Nicholas Como AP",718-266-5032,"PSAL- ",1,22,"Emergency Skills",NY,"83-10 21 Avenue","718 266-5032",11214
Brooklyn,"Nicholas Como AP",718-266-5032,"PSAL- ",1,22,"Emergency Skills",NY,"83-10 21 Avenue","718 266-5032",11214
Brooklyn,"Nicholas Como AP",718-266-5032,"Principals Office",1,22,"Emergency Skills",NY,"83-10 21 Avenue","718 266-5032",11214
Brooklyn,"Bob Puleo",718-743-0220,"Main Entrance next to School Safety",1,12,"Emergency Skills",NY,"2424 Batchelder Street",718-743-0220,11235
Brooklyn,"Jessica Rosse",718-648-0882,"Main Entrance next to School Safety",1,11,"Emergency Skills",NY,"2675 East 29 Street",718-648-0882,11235
Brooklyn,"Martin Kelly",718-763-4701,"Main Entrance next to School Safety",1,2,"Emergency Skills",NY,"1420 East 68 Street",718-763-4701,11234
Brooklyn,"Martin Kelly",718-763-4701,"Room 129 (School Trips)",1,2,"Emergency Skills",NY,"1420 East 68 Street",718-763-4701,11234
Brooklyn,"Martin Kelly",718-763-4701,"Room 200",1,2,"Emergency Skills",NY,"1420 East 68 Street",718-763-4701,11234
Brooklyn,"Tom McLaughlin",,"Main Entrance",1,12,"Emergency Skills",NY,"1001 EAST 45 STREET",718-693-3426,11203
Brooklyn,"Tom McLaughlin",,,1,12,"Emergency Skills",NY,"1001 EAST 45 STREET",718-693-3426,11203
Brooklyn,"Tom McLaughlin",,"Room 215",1,12,"Emergency Skills",NY,"1001 EAST 45 STREET",718-693-3426,11203
Brooklyn,"Anne D'Amato",718-377-7696,"Main Entrance next to School Safety",1,15,"Emergency Skills",NY,"3829 Avenue K",718-377-7696,11210
Brooklyn,"JULIA SHERMAN",718-436-7200,"Main Entrance next to School Safety",1,10,"Emergency Skills",NY,"4001 18 Avenue",718-436-7200,11218
Brooklyn,"JULIA SHERMAN",718-436-7200,"Annex next to School Safety",1,10,"Emergency Skills",NY,"4001 18 Avenue",718-436-7200,11218
Brooklyn,"Yocasta Miller",,"Main Entrance",1,10,"Emergency Skills",NY,"330 Rugby Road",718-282-5254,11226
Brooklyn,"Yocasta Miller",,"Outside Room 306",1,10,"Emergency Skills",NY,"330 Rugby Road",718-282-5254,11226
Brooklyn,"Rosana Sambataro",718-434-5222,"Main Entrance next to School Safety",1,6,"Emergency Skills",NY,"725 East 23rd Street",718-434-5222,11210
Brooklyn,"ANNABELL CORALES",,"main ent",1,18,"Emergency Skills",NY,"2515 Avenue L",718-338-9011,11210
Brooklyn,"ANNABELL CORALES",,"Trailer #1",1,18,"Emergency Skills",NY,"2515 Avenue L",718-338-9011,11210
Brooklyn,"ANNABELL CORALES",,"Main Office",1,18,"Emergency Skills",NY,"2515 Avenue L",718-338-9011,11210
Brooklyn,"Liz Kabak",718-648-8804,"Main Entrance next to School Safety",1,11,"Emergency Skills",NY,"3117 Avenue W",718-648-8804,11229
Brooklyn,"Susan Brockman, AP",718-648-9102,"MAIN ENT",1,,"Emergency Skills",NY,"131 Irwin Street",718-648-9102,11235
Brooklyn,"John Norton","(718) 252-0058","Main Entrance next to School Safety",1,10,"Emergency Skills",NY,"1599 East 22 Street","(718) 377-7890",11210
Brooklyn,"John Norton","(718) 252-0058","Room 505",1,10,"Emergency Skills",NY,"1599 East 22 Street","(718) 377-7890",11210
Brooklyn,"STEPHANIE MARTIN",718-282-4920,"Main Entrance next to School Safety",1,5,"Emergency Skills",NY,"4105 Farragut Road",718-282-4920,11210
Brooklyn,"Brian Sadowski","718 241 8488","MAIN ENTRANCE NEXT TO SCHOOL SAFETY",1,12,"Emergency Skills",NY,"5101 AVENUE M",718-241-8488,11234
Brooklyn,"Brian Sadowski","718 241 8488","4th Floor Outside Gym",1,12,"Emergency Skills",NY,"5101 AVENUE M",718-241-8488,11234
Brooklyn,"HEIDI ADLER",718-743-5598,"Main Entrance next to School Safety",1,11,"Emergency Skills",NY,"2200 Gravesend Neck Road",718-743-5598,11229
Brooklyn,"HEIDI ADLER",718-743-5598,,1,11,"Emergency Skills",NY,"2200 Gravesend Neck Road",718-743-5598,11229
Brooklyn,"NOREEN STEFFENS",718-645-8667,"Main Entrance next to School Safety",1,19,"Emergency Skills",NY,"4011 Fillmore Avenue",718-645-8667,11234
Brooklyn,"Jonathan Leal",718-434-6960,"MAIN ENTRANCE NEXT TO SCHOOL SAFETY",1,9,"Emergency Skills",NY,"1100 NEWKIRK AVENUE",718-434-6960,11230
Brooklyn,"Theresa Olivieri",718-998-4298,"Main Entrance",1,23,"Emergency Skills",NY,"3301 Quentin Road",718-998-4298,11234
Brooklyn,"Theresa Olivieri",718-998-4298,,1,23,"Emergency Skills",NY,"3301 Quentin Road",718-998-4298,11234
Brooklyn,"Karla Ferraro",718-645-1334,"Main Entrance next to School Safety",1,12,"Emergency Skills",NY,"1875 East 17 Street",718-645-1334,11229
Brooklyn,"Karla Ferraro",718-645-1334,,1,12,"Emergency Skills",NY,"1875 East 17 Street",718-645-1334,11229
Brooklyn,"Joni Southard",718-444-6969,"Main Entrance next to School Safety",1,,"Emergency Skills",NY,"6302 Avenue U",718-444-6969,11234
Brooklyn,"Sheldon Noel",,"Main Entrance next to School Safety",1,26,"Emergency Skills",NY,"2500 Nostrand Avenue","(718) 253-3700 x327",11210
Brooklyn,"Sheldon Noel",,"Main Entrance",1,26,"Emergency Skills",NY,"2500 Nostrand Avenue","(718) 253-3700 x327",11210
Brooklyn,"Sheldon Noel",,"3rd Floor Next to Room 319",1,26,"Emergency Skills",NY,"2500 Nostrand Avenue","(718) 253-3700 x327",11210
Brooklyn,"Nirva Moise",718-284-2330,"Main Entrance next to School Safety",1,4,"Emergency Skills",NY,"249 East 17th Street",718-284-2330,11226
Brooklyn,"Steve Boyer","(718) 251-4110","Main Entrance",1,10,"Emergency Skills",NY,"1037 East 54 Street",(718)251-4110,11234
Brooklyn,"Steve Boyer","(718) 251-4110","In Hallway, Rm 208, 2nd Floor",1,10,"Emergency Skills",NY,"1037 East 54 Street",(718)251-4110,11234
Brooklyn,"Kerri Moser","(718) 743-0890","Main Entrance next to School Safety",1,12,"Emergency Skills",NY,"1801 Avenue Y",718-743-0890,11235
Brooklyn,"Susan Ehrlich",718-376-8494,"Outside First Floor Cafeteria",1,44,"Emergency Skills",NY,"1866 East 17 Street",718-376-8494,11229
Brooklyn,"Susan Ehrlich",718-376-8494,"Outside Gym 3rd Floor",1,44,"Emergency Skills",NY,"1866 East 17 Street",718-376-8494,11229
Brooklyn,"Iris Bertram","(718) 941-2800","Main Entrance next to School Safety",1,10,"Emergency Skills",NY,"1957 Nostrand Avenue",718.941.2800,11210
Brooklyn,"Janet Kennedy",718-743-6689,"Main Entrance next to Scbool Safety",1,6,"Emergency Skills",NY,"2529 Gerritsen Avenue",718-743-6689,11229
Brooklyn,"Frank DiFranco",718-375-3523,"Main Entrance next to School Safety",1,9,"Emergency Skills",NY,"1925 Stuart Street",718-375-3523,11229
Brooklyn,"DEBBIE QUIGLEY",718-763-4015,"main entrance",1,14,"Emergency Skills",NY,"7103 Avenue T",718-763-4015,11234
Brooklyn,"DEBBIE QUIGLEY",718-763-4015,"Rm 328 3rd Floor",1,14,"Emergency Skills",NY,"7103 Avenue T",718-763-4015,11234
BROOKLYN,"EDITH DEMAIO",718-421-9560,"main ent",1,11,"Emergency Skills",NY,"2310 Glenwood Road",718-421-9560,11210
BROOKLYN,"EDITH DEMAIO",718-421-9560,"4th Floor",1,11,"Emergency Skills",NY,"2310 Glenwood Road",718-421-9560,11210
Brooklyn,"CLARA TOROTORICI",,"Main Entrance next to School Safety",1,18,"Emergency Skills",NY,"1800 Utica Avenue",718-241-4828,11234
Brooklyn,"Phyllis Kiel-Woods",718-856-0600,"Main Entrance next to School Safety",1,11,"Emergency Skills",NY,"3109 Newkirk Avenue",718-856-0600,11226
Brooklyn,"Kathy Farrell","718 724 8540",PSAL,1,69,"Emergency Skills",NY,"2839 Bedford Avenue",718-724-8500,11210
Brooklyn,"Kathy Farrell","718 724 8540","PSAL- ",1,69,"Emergency Skills",NY,"2839 Bedford Avenue",718-724-8500,11210
Brooklyn,"Kathy Farrell","718 724 8540","PSAL- ",1,69,"Emergency Skills",NY,"2839 Bedford Avenue",718-724-8500,11210
Brooklyn,"Kathy Farrell","718 724 8540","PSAL- ",1,69,"Emergency Skills",NY,"2839 Bedford Avenue",718-724-8500,11210
Brooklyn,"Kathy Farrell","718 724 8540","PSAL- ",1,69,"Emergency Skills",NY,"2839 Bedford Avenue",718-724-8500,11210
Brooklyn,"Kathy Farrell","718 724 8540","OUTSIDE  ROOM 445",1,69,"Emergency Skills",NY,"2839 Bedford Avenue",718-724-8500,11210
Brooklyn,"Kathy Farrell","718 724 8540",psal,1,69,"Emergency Skills",NY,"2839 Bedford Avenue",718-724-8500,11210
Brooklyn,"Kathy Farrell","718 724 8540","PSAL- ",1,69,"Emergency Skills",NY,"2839 Bedford Avenue",718-724-8500,11210
Brooklyn,"Kathy Farrell","718 724 8540","2nd Floor Rm 269",1,69,"Emergency Skills",NY,"2839 Bedford Avenue",718-724-8500,11210
Brooklyn,"Kathy Farrell","718 724 8540","3rd Floor Hallway",1,69,"Emergency Skills",NY,"2839 Bedford Avenue",718-724-8500,11210
Brooklyn,"Kathy Farrell","718 724 8540","PSAL- ",1,69,"Emergency Skills",NY,"2839 Bedford Avenue",718-724-8500,11210
Brooklyn,"Kathy Farrell","718 724 8540","PSAL- ",1,69,"Emergency Skills",NY,"2839 Bedford Avenue",718-724-8500,11210
Brooklyn,"Kathy Farrell","718 724 8540","PSAL- ",1,69,"Emergency Skills",NY,"2839 Bedford Avenue",718-724-8500,11210
Brooklyn,"Kathy Farrell","718 724 8540","PSAL- ",1,69,"Emergency Skills",NY,"2839 Bedford Avenue",718-724-8500,11210
Brooklyn,"Kathy Farrell","718 724 8540",PSAL,1,69,"Emergency Skills",NY,"2839 Bedford Avenue",718-724-8500,11210
Brooklyn,"Kathy Farrell","718 724 8540","PSAL- ",1,69,"Emergency Skills",NY,"2839 Bedford Avenue",718-724-8500,11210
Brooklyn,"Kathy Farrell","718 724 8540","PSAL- ",1,69,"Emergency Skills",NY,"2839 Bedford Avenue",718-724-8500,11210
Brooklyn,"Kathy Farrell","718 724 8540","PSAL- ",1,69,"Emergency Skills",NY,"2839 Bedford Avenue",718-724-8500,11210
Brooklyn,"Kathy Farrell","718 724 8540","PSAL- ",1,69,"Emergency Skills",NY,"2839 Bedford Avenue",718-724-8500,11210
Brooklyn,"Kathy Farrell","718 724 8540","MAIN ENTRANCE",1,69,"Emergency Skills",NY,"2839 Bedford Avenue",718-724-8500,11210
Brooklyn,"Kathy Farrell","718 724 8540","PSAL- ",1,69,"Emergency Skills",NY,"2839 Bedford Avenue",718-724-8500,11210
Brooklyn,"Kathy Farrell","718 724 8540","PSAL- ",1,69,"Emergency Skills",NY,"2839 Bedford Avenue",718-724-8500,11210
Brooklyn,"Kathy Farrell","718 724 8540","Midwood H.S. Field (E 16 St & Ave L)",1,69,"Emergency Skills",NY,"2839 Bedford Avenue",718-724-8500,11210
Brooklyn,"Kathy Farrell","718 724 8540","Annex - 3rd Floor Outside Room 300",1,69,"Emergency Skills",NY,"2839 Bedford Avenue",718-724-8500,11210
Brooklyn,"Kathy Farrell","718 724 8540","Annex 1st Floor Main Entrance - School Safety",1,69,"Emergency Skills",NY,"2839 Bedford Avenue",718-724-8500,11210
Brooklyn,"Hennrietta Staub","718 368 8511",PSAL,1,23,"Emergency Skills",NY,"1830 Shore Blvd",718-368-8500,11235
Brooklyn,"Hennrietta Staub","718 368 8511",Gym,1,23,"Emergency Skills",NY,"1830 Shore Blvd",718-368-8500,11235
Brooklyn,"Hennrietta Staub","718 368 8511","PSAL- ",1,23,"Emergency Skills",NY,"1830 Shore Blvd",718-368-8500,11235
Brooklyn,"Hennrietta Staub","718 368 8511",PSAL,1,23,"Emergency Skills",NY,"1830 Shore Blvd",718-368-8500,11235
Brooklyn,"Hennrietta Staub","718 368 8511",PSAL,1,23,"Emergency Skills",NY,"1830 Shore Blvd",718-368-8500,11235
Brooklyn,"Hennrietta Staub","718 368 8511",PSAL,1,23,"Emergency Skills",NY,"1830 Shore Blvd",718-368-8500,11235
Brooklyn,"Hennrietta Staub","718 368 8511",Gym,1,23,"Emergency Skills",NY,"1830 Shore Blvd",718-368-8500,11235
Brooklyn,"Hennrietta Staub","718 368 8511","Security - Main Entrance",1,23,"Emergency Skills",NY,"1830 Shore Blvd",718-368-8500,11235
Brooklyn,"Hennrietta Staub","718 368 8511","3rd Floor across from 337",1,23,"Emergency Skills",NY,"1830 Shore Blvd",718-368-8500,11235
Brooklyn,"Hennrietta Staub","718 368 8511",Mobile,1,23,"Emergency Skills",NY,"1830 Shore Blvd",718-368-8500,11235
Brooklyn,"Hennrietta Staub","718 368 8511",,1,23,"Emergency Skills",NY,"1830 Shore Blvd",718-368-8500,11235
Brooklyn,"Hennrietta Staub","718 368 8511",,1,23,"Emergency Skills",NY,"1830 Shore Blvd",718-368-8500,11235
Brooklyn,"Lois Flood",718-853-6184,"Main Entrance",1,13,"Emergency Skills",NY,"2900 Bedford Avenue","718-951-5941  ",11210
Brooklyn,"Lois Flood",718-853-6184,"Roosevelt Bldg - Gym",1,13,"Emergency Skills",NY,"2900 Bedford Avenue","718-951-5941  ",11210
BROOKLYN,"Pamela Evans",,"MAIN ENTRANCE NEXT TO SCHOOL SAFETY",1,14,"Emergency Skills",NY,"411 THATFORD AVE",718-495-7732,11212
Brooklyn,"Stephen Gesewicz",718-942-1145,"Main Entrance next to School Safety",1,1,"Emergency Skills",NY,"2021 Bergen Street",718-495-7736,11233
Brooklyn,"Stephen Gesewicz",718-942-1145,"Main office 3rd floor in Room 345",1,1,"Emergency Skills",NY,"2021 Bergen Street",718-495-7736,11233
Brooklyn,"Joseph Mahler",718-573-0288,"Main Entrance next to School Safety",1,8,"Emergency Skills",NY,"251 Macdougal Street",718-455-1835,11233
Brooklyn,"LINDA SEDDA",718-453-2926,"By Security Desk on 1st Floor",1,23,"Emergency Skills",NY,"121 Saratoga Avenue",718-453-2926,11233
Brooklyn,"LINDA SEDDA",718-453-2926,"3rd Floor - Outside Room 310, Nurse's Office",1,23,"Emergency Skills",NY,"121 Saratoga Avenue",718-453-2926,11233
Brooklyn,"Kyle Plant",718-495-7746,"Main Entrance next to School Safety",1,2,"Emergency Skills",NY,"364 Sackman Street",718-495-7746,11212
Brooklyn,"Doreece Brown",718-495-7751,"Main Entrance next to School Safety",1,1,"Emergency Skills",NY,"1355 Herkimer Street",718-495-7751,11233
Brooklyn,"Alyse Ritchie","718 498 2811","MAIN ENTRANCE NEXT TO SCHOOL SAFETY",1,20,"Emergency Skills",NY,"104 Sutter Avenue",718-498-2811,11212
Brooklyn,"Dorothea Mobiley-Young",718-495-7759,"Main Entrance next to School Safety",1,9,"Emergency Skills",NY,"76 Lott Avenue","(718) 495-7759",11212
Brooklyn,"LORENZO SOLEYN","(718) 495-7770","Main Entrance next to School Safety",1,4,"Emergency Skills",NY,"2163 Dean Street","(718) 495-7768",11233
Brooklyn,"LORENZO SOLEYN","(718) 495-7770","1784 Park Place Main Entrance ANNEX BLDG  11213",1,4,"Emergency Skills",NY,"2163 Dean Street","(718) 495-7768",11233
Brooklyn,"LORENZO SOLEYN","(718) 495-7770","4th Floor Hall Outside 408",1,4,"Emergency Skills",NY,"2163 Dean Street","(718) 495-7768",11233
Brooklyn,"Nathaly Warner",718-495-7775,"Main Entrance next to School Safety",1,9,"Emergency Skills",NY,"273 Newport Street",718-495-7775,11212
Brooklyn,"Rasheed Meade",718-495-1029,"Main Entrance next to School Safety",1,3,"Emergency Skills",NY,"1137 Herkimer Street",718-495-1029,11233
Brooklyn,"Paul Rube",718-495-7791,"Main Entrance next to School Safety",1,2,"Emergency Skills",NY,"220 Watkins Street",718-495-7791,11212
Brooklyn,,718-495-7793,"Main Entrance",1,15,"Emergency Skills",NY,"85 Watkins Street",718-495-7793,11212
Brooklyn,"Coach Baker Fortune",718-495-7781,"Main Entrance",1,7,"Emergency Skills",NY,"210 Chester Street",718-495-7781,11212
Brooklyn,"Norris Gordon, Jr. ",718-495-7801,"Main Entrance next to School Safety",1,19,"Emergency Skills",NY,"111 Bristol Street",718-495-7801,11212
Brooklyn,"Jacob Bristol",718-495-7805,"Main Entrance",1,13,"Emergency Skills",NY,"51 Christopher Avenue",718-495-7805,11212
BROOKLYN,"Steven Gecewicz",718-922-1145,PSAL,1,7,"Emergency Skills",NY,"2021 BERGEN STREET",718-922-1145,11233
BROOKLYN,"Steven Gecewicz",718-922-1145,PSAL,1,7,"Emergency Skills",NY,"2021 BERGEN STREET",718-922-1145,11233
BROOKLYN,"Thomas Mullin",718-922-4690,"MAIN ENTRANCE NEXT TO SCHOOL SAFETY",1,9,"Emergency Skills",NY,"985 ROCKAWAY AVENUE",718-922-4690,11212
Brooklyn,"Sharon Santana",718-498-7163,"MAIN ENTRANCE NEXT TO SCHOOL SAFETY",1,4,"Emergency Skills",NY,"1495 Herkimer Street",718-498-7163,11233
Brooklyn,"Sharon Santana",718-498-7163,"PSAL ",1,4,"Emergency Skills",NY,"1495 Herkimer Street",718-498-7163,11233
Brooklyn,"Sharon Santana",718-498-7163,PSAL-,1,4,"Emergency Skills",NY,"1495 Herkimer Street",718-498-7163,11233
Brooklyn,"Sharon Santana",718-498-7163,PSAL,1,4,"Emergency Skills",NY,"1495 Herkimer Street",718-498-7163,11233
Brooklyn,"James Torta","(718) 498-2605",PSAL,1,15,"Emergency Skills",NY,"226 BRISTOL STREET","718-498-2605 -254",11212
Brooklyn,"James Torta","(718) 498-2605","Room 310",1,15,"Emergency Skills",NY,"226 BRISTOL STREET","718-498-2605 -254",11212
Brooklyn,"James Torta","(718) 498-2605","Room 554",1,15,"Emergency Skills",NY,"226 BRISTOL STREET","718-498-2605 -254",11212
Brooklyn,"James Torta","(718) 498-2605","MAIN ENTRANCE",1,15,"Emergency Skills",NY,"226 BRISTOL STREET","718-498-2605 -254",11212
Brooklyn,"James Torta","(718) 498-2605","PSAL- ",1,15,"Emergency Skills",NY,"226 BRISTOL STREET","718-498-2605 -254",11212
Brooklyn,"James Torta","(718) 498-2605","PSAL- ",1,15,"Emergency Skills",NY,"226 BRISTOL STREET","718-498-2605 -254",11212
Brooklyn,"James Torta","(718) 498-2605","PSAL- ",1,15,"Emergency Skills",NY,"226 BRISTOL STREET","718-498-2605 -254",11212
Brooklyn,"James Torta","(718) 498-2605",Gym,1,15,"Emergency Skills",NY,"226 BRISTOL STREET","718-498-2605 -254",11212
Elmhurst,"Mike Dantona","718 205 6788","MAIN ENTRANCE",1,9,"Emergency Skills",NY,"50-40 Jacobus Street","718 205 6788",11373
Elmhurst,"Mike Dantona","718 205 6788","3RD FLOOR OUTSIDE ELEVATOR A",1,9,"Emergency Skills",NY,"50-40 Jacobus Street","718 205 6788",11373
Elmhurst,"MARIA FARAZDEL","718 446 2726","Outside Room 274",1,7,"Emergency Skills",NY,"80-55 Cornish Avenue","718 446 2726",11373
Elmhurst,"MARIA FARAZDEL","718 446 2726","MAIN ENTRANCE",1,7,"Emergency Skills",NY,"80-55 Cornish Avenue","718 446 2726",11373
Elmhurst,"MARIA FARAZDEL","718 446 2726",,1,7,"Emergency Skills",NY,"80-55 Cornish Avenue","718 446 2726",11373
Woodside,"Mary Laddomada",718-424-5905,"Main Entrance",1,12,"Emergency Skills",NY,"42-00 72 Street",718-424-5905,11377
Woodside,"Mary Laddomada",718-424-5905,2West,1,12,"Emergency Skills",NY,"42-00 72 Street",718-424-5905,11377
Elmhurst,"Deborah Dickson",718-271-1021,"MAIN LOBBY",1,9,"Emergency Skills",NY,"55-01 94 Street",718-271-1021,11373
Elmhurst,"Deborah Dickson",718-271-1021,,1,9,"Emergency Skills",NY,"55-01 94 Street",718-271-1021,11373
Corona," ",718-699-6071,"Main Lobby",1,5,"Emergency Skills",NY,"107-01 OTIS AVE",718-699-6071,11368
Corona," ",718-699-6071,"4th Floor",1,5,"Emergency Skills",NY,"107-01 OTIS AVE",718-699-6071,11368
Corona,"Paul Ramos","718 505 0140","BY ELEVATOR AT 4TH FLOOR GYM",1,18,"Emergency Skills",NY,"41-15 104 Street","718 505 0140",11368
Corona,"Paul Ramos","718 505 0140","SCHOOL SAFETY",1,18,"Emergency Skills",NY,"41-15 104 Street","718 505 0140",11368
Corona,"Paul Ramos","718 505 0140",BASEMENT,1,18,"Emergency Skills",NY,"41-15 104 Street","718 505 0140",11368
Corona,"Paul Ramos","718 505 0140","2nd floor; Mod Building",1,18,"Emergency Skills",NY,"41-15 104 Street","718 505 0140",11368
Corona,"Ivette Faya & Justin Thompson","718-424-5859, x3-19","5th Floor",1,12,"Emergency Skills",NY,"98-02 Roosevelt Avenue","718-424-5859,",11368
Corona,"Ivette Faya & Justin Thompson","718-424-5859, x3-19","Main Entrance",1,12,"Emergency Skills",NY,"98-02 Roosevelt Avenue","718-424-5859,",11368
Corona,"Ivette Faya & Justin Thompson","718-424-5859, x3-19","Mini Bldg - Main Entrance",1,12,"Emergency Skills",NY,"98-02 Roosevelt Avenue","718-424-5859,",11368
Corona,"LISA PIZZITOLA","(718) 271-4971","MAIN ENTRANCE",1,10,"Emergency Skills",NY,"109-10 47 Avenue",718-271-4971,11368
"Middle Village","Catherine Rejhon",,"Main Lobby",1,7,"Emergency Skills",NY,"79-15 Penelope Avenue","718 326-2111",11379
Maspeth,"Tina Cirringione",(718)533-6754,"MAIN LOBBY",1,10,"Emergency Skills",NY,"72-50 Grand Avenue",(718)533-6754,11378
Maspeth,"Tina Cirringione",(718)533-6754,"2nd Floor Outside Nurses Station",1,10,"Emergency Skills",NY,"72-50 Grand Avenue",(718)533-6754,11378
Corona,"Anthony DeLuca","(718) 760-3233 234","MAIN LOBBY",1,12,"Emergency Skills",NY,"98-50 50 Avenue","718-760-3233, x 234",11368
Corona,"Anthony DeLuca","(718) 760-3233 234","Outside Room 315",1,12,"Emergency Skills",NY,"98-50 50 Avenue","718-760-3233, x 234",11368
Ridgewood,"Kathleen Murphy",718-821-7246,"MAIN LOBBY",1,9,"Emergency Skills",NY,"59-09 St.felix Avenue",718-821-7246,11385
Ridgewood,"CIRO LABARBERA","718 821 7772","MAIN ENTRANCE",1,3,"Emergency Skills",NY,"62-85 Forest Avenue","718 821 7772",11385
Ridgewood,"CIRO LABARBERA","718 821 7772","4th Floor-Across from Room 458",1,3,"Emergency Skills",NY,"62-85 Forest Avenue","718 821 7772",11385
Maspeth,"MICHAEL CASALE",718-639-3817,"Main Lobby",1,15,"Emergency Skills",NY,"70-02 54TH AVE",718-639-3817,11378
Maspeth,"MICHAEL CASALE",718-639-3817,"S- BUILDING 2 FLOOR",1,15,"Emergency Skills",NY,"70-02 54TH AVE",718-639-3817,11378
Maspeth,"MICHAEL CASALE",718-639-3817,"Outside Gym - 4th Floor",1,15,"Emergency Skills",NY,"70-02 54TH AVE",718-639-3817,11378
Ridgewood,"Anthony Russo ",718-366-7120,"MAIN LOBBY",1,6,"Emergency Skills",NY,"976 SENECA AVE",718-366-7120,11385
Ridgewood,"Anthony Russo ",718-366-7120,"Outside Gym, Room 267",1,6,"Emergency Skills",NY,"976 SENECA AVE",718-366-7120,11385
Glendale,"Frank Tucci",718-821-9800,"Main Entrance",1,21,"Emergency Skills",NY,"559 CYPRESS AVE",718-821-9800,11385
Glendale,"Frank Tucci",718-821-9800,"Main Entrance of PS81Q Annex",1,21,"Emergency Skills",NY,"559 CYPRESS AVE",718-821-9800,11385
Glendale,"Frank Tucci",718-821-9800,"Outside Room 510",1,21,"Emergency Skills",NY,"559 CYPRESS AVE",718-821-9800,11385
"Middle Village","C. Michaeli",718-326-8243,"MAIN LOBBY",1,8,"Emergency Skills",NY,"67-54 80th Street",718-356-8243,11379
Ridgewood,"DAVID BISHOP","718 821 8121","Main lobby",1,9,"Emergency Skills",NY,"60-85 Catalpa Avenue","718 821-8121",11385
Ridgewood,"DAVID BISHOP","718 821 8121","3rd Floor Across from Elevator",1,9,"Emergency Skills",NY,"60-85 Catalpa Avenue","718 821-8121",11385
Elmhurst,"Eileen Banks","(718) 898-2230","MAIN LOBBY",1,10,"Emergency Skills",NY,"85-28 Britton Avenue","(718) 898-2230",11373
Glendale,"Joan Geiger","(718)821-6880 3190","MAIN LOBBY",1,10,"Emergency Skills",NY,"68-10 Central Avenue","(718)821-6880  x3190",11385
Glendale,"Joan Geiger","(718)821-6880 3190",,1,10,"Emergency Skills",NY,"68-10 Central Avenue","(718)821-6880  x3190",11385
Ridgewood,"Grace Sears",718-821-4882,"MAIN ENTRANCE",1,10,"Emergency Skills",NY,"66-56 Forest Avenue",718-821-4882,11385
Ridgewood,"Grace Sears",718-821-4882,"Across from Gym",1,10,"Emergency Skills",NY,"66-56 Forest Avenue",718-821-4882,11385
Elmhurst,"Michele Dzwonek","(718) 446-3308","1STFLOOR NEAR CAF",1,12,"Emergency Skills",NY,"55-24 Van Horn Street","(718) 446-3308",11373
Elmhurst,"Michele Dzwonek","(718) 446-3308","MAIN LOBBY - Mini Bldg",1,12,"Emergency Skills",NY,"55-24 Van Horn Street","(718) 446-3308",11373
Glendale,"Alex Megias",,"MAIN LOBBY",1,10,"Emergency Skills",NY,"87-21 79TH AVE",718-847-0724,11385
Glendale,"Matthew R. Rubenstein",718-326-8261,"MAIN LOBBY",1,6,"Emergency Skills",NY,"74-01 78 Avenue","718 326-8261",11385
Glendale,"Matthew R. Rubenstein",718-326-8261,"1st Floor Modular",1,6,"Emergency Skills",NY,"74-01 78 Avenue","718 326-8261",11385
Woodside,"Robert Marino",718-937-0320,"MAIN ENTRANCE",1,9,"Emergency Skills",NY,"46-02 47 Avenue",718-937-0320,11377
Woodside,"Robert Marino",718-937-0320,"Room 312 3rd Floor",1,9,"Emergency Skills",NY,"46-02 47 Avenue",718-937-0320,11377
"Middle Village"," Marion Cummings",718-894-8385,"MAIN LOBBY",1,5,"Emergency Skills",NY,"69-26 65 Drive",718-894-8385,11379
Corona,"SALIL PAINGANKAR",718-429-5700,"Port P4",1,11,"Emergency Skills",NY,"34-74 113 Street",718-429-5700,11368
Corona,"SALIL PAINGANKAR",718-429-5700,"MINI BUILDING",1,11,"Emergency Skills",NY,"34-74 113 Street",718-429-5700,11368
Corona,"SALIL PAINGANKAR",718-429-5700,"2nd Floor Outside Main Office",1,11,"Emergency Skills",NY,"34-74 113 Street",718-429-5700,11368
Corona,"SALIL PAINGANKAR",718-429-5700,"Exit 1",1,11,"Emergency Skills",NY,"34-74 113 Street",718-429-5700,11368
Maspeth,"Susan Voogt",718-821-7850,"Main Entrance",1,9,"Emergency Skills",NY,"60-02 60TH LANE","718 821-7850",11378
"Long Island City","Irene Gerhards",718-784-3431,"FRONT LOBBY BY SCHOOL SAFETY",1,7,"Emergency Skills",NY,"39-20 48 Avenue","718 784-3431",11104
Woodside,"Gina Mascia",,Q-229,1,1,"Emergency Skills",NY,"67-25 51 Road","718 446-2120",11377
Woodside,"Gina Mascia",,"Main Entrance",1,1,"Emergency Skills",NY,"67-25 51 Road","718 446-2120",11377
Ridgewood,"ROBIN CONNOLLY","(718) 381-4009","MAIN ENTRANCE",1,11,"Emergency Skills",NY,"17-15 WEIRFIELD STREET","(718) 381-4009",11385
Ridgewood,"ROBIN CONNOLLY","(718) 381-4009","Outside Room 407",1,11,"Emergency Skills",NY,"17-15 WEIRFIELD STREET","(718) 381-4009",11385
QUEENS,"Fitzroy Thomas",718-389-3623,"Front Entrance 4th Floor",1,8,"Emergency Skills",NY,"30-20 THOMSON AVE",718-389-3623,11101
QUEENS,"John Golis",718-389-3163,"Front Entrance, 5th Floor",1,3,"Emergency Skills",NY,"30-20 THOMSON AVE",718-389-3163,11101
Corona,"Elizabeth Dempster","718-271-8383, x127","PSAL ",1,22,"Emergency Skills",NY,"105-25 Horace Harding Expwy",718-271-8383-127,11368
Corona,"Elizabeth Dempster","718-271-8383, x127","PSAL ",1,22,"Emergency Skills",NY,"105-25 Horace Harding Expwy",718-271-8383-127,11368
Corona,"Elizabeth Dempster","718-271-8383, x127",PSAL,1,22,"Emergency Skills",NY,"105-25 Horace Harding Expwy",718-271-8383-127,11368
Corona,"Elizabeth Dempster","718-271-8383, x127",PSAL,1,22,"Emergency Skills",NY,"105-25 Horace Harding Expwy",718-271-8383-127,11368
Corona,"Elizabeth Dempster","718-271-8383, x127","Main Lobby/Located in Mail Room",1,22,"Emergency Skills",NY,"105-25 Horace Harding Expwy",718-271-8383-127,11368
Corona,"Elizabeth Dempster","718-271-8383, x127","PSAL ",1,22,"Emergency Skills",NY,"105-25 Horace Harding Expwy",718-271-8383-127,11368
Corona,"Elizabeth Dempster","718-271-8383, x127","2ND FLOOR OUTSIDE RM 204",1,22,"Emergency Skills",NY,"105-25 Horace Harding Expwy",718-271-8383-127,11368
"Long Island City","PEGGY JAYNE",718-472-5671-300,"Main Entrance",1,21,"Emergency Skills",NY,"47-07 30TH PL",718-472-5671,11101
"Long Island City","PEGGY JAYNE",718-472-5671-300,PSAL,1,21,"Emergency Skills",NY,"47-07 30TH PL",718-472-5671,11101
"Long Island City","PEGGY JAYNE",718-472-5671-300,"PSAL- ",1,21,"Emergency Skills",NY,"47-07 30TH PL",718-472-5671,11101
"Long Island City","PEGGY JAYNE",718-472-5671-300,"PSAL- ",1,21,"Emergency Skills",NY,"47-07 30TH PL",718-472-5671,11101
"Long Island City","PEGGY JAYNE",718-472-5671-300,"PSAL- ",1,21,"Emergency Skills",NY,"47-07 30TH PL",718-472-5671,11101
"Long Island City","PEGGY JAYNE",718-472-5671-300,"PSAL ",1,21,"Emergency Skills",NY,"47-07 30TH PL",718-472-5671,11101
"Long Island City","PEGGY JAYNE",718-472-5671-300,"PSAL- ",1,21,"Emergency Skills",NY,"47-07 30TH PL",718-472-5671,11101
"Long Island City","PEGGY JAYNE",718-472-5671-300,PSAL,1,21,"Emergency Skills",NY,"47-07 30TH PL",718-472-5671,11101
"Long Island City","PEGGY JAYNE",718-472-5671-300,PSAL,1,21,"Emergency Skills",NY,"47-07 30TH PL",718-472-5671,11101
"Long Island City","PEGGY JAYNE",718-472-5671-300,PSAL,1,21,"Emergency Skills",NY,"47-07 30TH PL",718-472-5671,11101
"Long Island City","PEGGY JAYNE",718-472-5671-300,PSAL,1,21,"Emergency Skills",NY,"47-07 30TH PL",718-472-5671,11101
"Long Island City","PEGGY JAYNE",718-472-5671-300,PSAL,1,21,"Emergency Skills",NY,"47-07 30TH PL",718-472-5671,11101
"Long Island City","PEGGY JAYNE",718-472-5671-300,,1,21,"Emergency Skills",NY,"47-07 30TH PL",718-472-5671,11101
"Long Island City","Anthony Lerro, Jr",718-937-3010,"3rd Floor Room 312",1,30,"Emergency Skills",NY,"37-02 47 Avenue",718-937-3010,11101
"Long Island City","Anthony Lerro, Jr",718-937-3010,PSAL,1,30,"Emergency Skills",NY,"37-02 47 Avenue",718-937-3010,11101
"Long Island City","Anthony Lerro, Jr",718-937-3010,PSAL,1,30,"Emergency Skills",NY,"37-02 47 Avenue",718-937-3010,11101
"Long Island City","Anthony Lerro, Jr",718-937-3010,"MAIN OFFICE",1,30,"Emergency Skills",NY,"37-02 47 Avenue",718-937-3010,11101
"Long Island City","Anthony Lerro, Jr",718-937-3010,PSAL,1,30,"Emergency Skills",NY,"37-02 47 Avenue",718-937-3010,11101
"Long Island City","Anthony Lerro, Jr",718-937-3010,"PSAL ",1,30,"Emergency Skills",NY,"37-02 47 Avenue",718-937-3010,11101
"Long Island City","Anthony Lerro, Jr",718-937-3010,PSAL,1,30,"Emergency Skills",NY,"37-02 47 Avenue",718-937-3010,11101
"Long Island City","MARGARET BRUNDA",718-361-2032,PSAL,1,44,"Emergency Skills",NY,"45-30 36TH STREET",718-361-2032-1393,11101
"Long Island City","MARGARET BRUNDA",718-361-2032,PSAL,1,44,"Emergency Skills",NY,"45-30 36TH STREET",718-361-2032-1393,11101
"Long Island City","MARGARET BRUNDA",718-361-2032,"BY #427",1,44,"Emergency Skills",NY,"45-30 36TH STREET",718-361-2032-1393,11101
"Long Island City","MARGARET BRUNDA",718-361-2032,ANNEX,1,44,"Emergency Skills",NY,"45-30 36TH STREET",718-361-2032-1393,11101
"Long Island City","MARGARET BRUNDA",718-361-2032,"PSAL ",1,44,"Emergency Skills",NY,"45-30 36TH STREET",718-361-2032-1393,11101
"Long Island City","MARGARET BRUNDA",718-361-2032,"OUTSIDE 627",1,44,"Emergency Skills",NY,"45-30 36TH STREET",718-361-2032-1393,11101
"Long Island City","MARGARET BRUNDA",718-361-2032,PSAL,1,44,"Emergency Skills",NY,"45-30 36TH STREET",718-361-2032-1393,11101
"Long Island City","MARGARET BRUNDA",718-361-2032,"MAIN ENTRANCE (SSA)",1,44,"Emergency Skills",NY,"45-30 36TH STREET",718-361-2032-1393,11101
"Long Island City","MARGARET BRUNDA",718-361-2032,ANNEX,1,44,"Emergency Skills",NY,"45-30 36TH STREET",718-361-2032-1393,11101
"Long Island City","MARGARET BRUNDA",718-361-2032,CAFE,1,44,"Emergency Skills",NY,"45-30 36TH STREET",718-361-2032-1393,11101
"Long Island City","MARGARET BRUNDA",718-361-2032,"PSAL ",1,44,"Emergency Skills",NY,"45-30 36TH STREET",718-361-2032-1393,11101
"Long Island City","MARGARET BRUNDA",718-361-2032,PSAL,1,44,"Emergency Skills",NY,"45-30 36TH STREET",718-361-2032-1393,11101
"Long Island City","MARGARET BRUNDA",718-361-2032,PSAL,1,44,"Emergency Skills",NY,"45-30 36TH STREET",718-361-2032-1393,11101
"Long Island City","MARGARET BRUNDA",718-361-2032,PSAL,1,44,"Emergency Skills",NY,"45-30 36TH STREET",718-361-2032-1393,11101
"Long Island City","MARGARET BRUNDA",718-361-2032,PSAL,1,44,"Emergency Skills",NY,"45-30 36TH STREET",718-361-2032-1393,11101
Elmhurst,"Dina Erstejn",(718)429-5287,"main lobby",1,17,"Emergency Skills",NY,"76-05 51 AVENUE",(718)429-5287,11373
Flushing,"Victoria Hart ",718-359-0321,"MAIN ENTRANCE",1,12,"Emergency Skills",NY,"142-30 Barclay Avenue","(718) 359-0321",11355
Flushing,"Victoria Hart ",718-359-0321,"3rd Floor, Outside Room 315",1,12,"Emergency Skills",NY,"142-30 Barclay Avenue","(718) 359-0321",11355
Flushing,"Jill Leakey-Eisenberg","718 445 8833","MAIN LOBBY",1,,"Emergency Skills",NY,"147-36 26 Avenue","718 445-8833",11354
Flushing,"Jill Leakey-Eisenberg","718 445 8833","Outside Room 305",1,,"Emergency Skills",NY,"147-36 26 Avenue","718 445-8833",11354
Flushing,"PRISCILLA MILITO",718-762-4141,"MAIN ENTRANCE",1,9,"Emergency Skills",NY,"153-33 SANFORD AVENUE","718 762-4141",11355
Flushing,"LORI GOLAN",718-359-2288,"Main Entrance",1,1,"Emergency Skills",NY,"141-11 Holly Avenue",718-359-2288,11355
Flushing,"MEG BRENNAN","718 961 3480","main lobby",1,,"Emergency Skills",NY,"34-65 192 Street","718 961 3480",11358
Flushing,"MEG BRENNAN","718 961 3480","GYM (in basement)",1,,"Emergency Skills",NY,"34-65 192 Street","718 961 3480",11358
"College Point","Mary Fisco",718-886-5111,"Main lobby",1,1,"Emergency Skills",NY,"125-10 23 Avenue",718-886-5111,11356
Flushing,"Sue Menkes",718-463-3747,"Main Entrance",1,9,"Emergency Skills",NY,"171-11 35 Avenue",718-463-3747,11358
Whitestone,,,"MAIN LOBBY",1,10,"Emergency Skills",NY,"147-27 15 Drive",718-746-0396,11357
Flushing,"Jane Turetzky","718 762 5995","MAIN LOBBY",1,11,"Emergency Skills",NY,"167-02 45 Avenue",718-762-5995,11358
Flushing,"Jane Turetzky","718 762 5995","ACROSS 505",1,11,"Emergency Skills",NY,"167-02 45 Avenue",718-762-5995,11358
Flushing,"Jane Turetzky","718 762 5995","OUTSIDE 311",1,11,"Emergency Skills",NY,"167-02 45 Avenue",718-762-5995,11358
Flushing," Joan Monroe",718-359-0321,"MAIN LOBBY",1,12,"Emergency Skills",NY,"58-01 136 Street","(718) 359-3390",11355
"College Point","Laura Baquicchio",718-353-3150,"Main lobby",1,9,"Emergency Skills",NY,"128-02 Seventh Avenue",718-353-3150,11023
"College Point","Laura Baquicchio",718-353-3150,"Third Floor Hall Opposite Rm 310",1,9,"Emergency Skills",NY,"128-02 Seventh Avenue",718-353-3150,11023
Bayside,"Sue Chan","(718) 357-6606","Main Entrance",1,24,"Emergency Skills",NY,"200-01 42 AVENUE","718 357-6606",11361
Flushing,"Cindy King",718-591-1500,"Main Lobby",1,10,"Emergency Skills",NY,"75-02 162 Street",718-591-1500,11366
Flushing,"Cindy King",718-591-1500,,1,10,"Emergency Skills",NY,"75-02 162 Street",718-591-1500,11366
Flushing,"IRENE COHEN",718-353-2514,"MAIN LOBBY",1,10,"Emergency Skills",NY,"159-01 59 Avenue",718-353-2514,11365
Flushing,"IRENE COHEN",718-353-2514,"Outside Room 360",1,10,"Emergency Skills",NY,"159-01 59 Avenue",718-353-2514,11365
Flushing,"Bradley Richman, AP",718-544-1083,"Main Lobby",1,12,"Emergency Skills",NY,"138-01 77 Avenue & 137th St.",718-544-1083,11367
Flushing,"Keri O'Connell",714-263-4004,"MAIN LOBBY BY SECURITY AGENT",1,7,"Emergency Skills",NY,"70-35 150 Street",718-263-4004,11367
Bayside,"Annette Kunin","718 428-6160","Main lobby",1,2,"Emergency Skills",NY,"18-25 212 Street","718 428-6160",11360
Bayside,"Annette Kunin","718 428-6160","3 FLOOR",1,2,"Emergency Skills",NY,"18-25 212 Street","718 428-6160",11360
Whitestone,"Charlie Jaffe",,"Main Lobby",1,10,"Emergency Skills",NY,"163-15 21 Road","718 352-7800",11357
Flushing,"Gerald Volkommer",718-445-3232,"MAIN LOBBY",1,11,"Emergency Skills",NY,"147-26 25 Drive",718-445-3232,11354
Flushing,"Gerald Volkommer",718-445-3232,"2nd Floor, Near Room 226",1,11,"Emergency Skills",NY,"147-26 25 Drive",718-445-3232,11354
Flushing,"DARLENE TERREZZA",718-359-6676,"MAIN ENTRANCE",1,7,"Emergency Skills",NY,"144-80 Barclay Avenue","718 359-6676",11355
Whitestone,,,"MAIN LOBBY",1,23,"Emergency Skills",NY,"152-20 11 Avenue",718-767-8810,11357
Whitestone,"Anne Marie Ianizzi",718-746-0818,"main ent",1,6,"Emergency Skills",NY,"154-60 17 Avenue",718-746-0818,11357
Flushing,"Denize Brewer","(718) 969-7780","1st Floor outside auditorium",1,10,"Emergency Skills",NY,"70-10 164 Street",718-969-7780,11365
Flushing,"Maria  LaSalle",718-359-0620,"Main Entrance",1,13,"Emergency Skills",NY,"65-11 155 Street",718-359-0620,11367
Whitestone,"Alice Barnattan",718-352-3939,"MAIN ENTRANCE NEXT TO SCHOOL SAFETY",1,10,"Emergency Skills",NY,"16-10 Utopia Parkway",718-352-3939,11357
Flushing,"LISA GLICKMAN",718-461-4055,"2ND FLOOR OUTSIDE RM 200",1,11,"Emergency Skills",NY,"31-15 140 Street","(718) 461-4055",11354
Flushing,"LISA GLICKMAN",718-461-4055,"MAIN ENTRANCE BY SCHOOL SAFETEY",1,11,"Emergency Skills",NY,"31-15 140 Street","(718) 461-4055",11354
Flushing,"Cindy Karidis ",718-793-2130,LIBRARY,1,11,"Emergency Skills",NY,"144-39 Gravett Road",1718-793-2130,11367
Flushing,"Cindy Karidis ",718-793-2130,"MAIN ENTRANCE",1,11,"Emergency Skills",NY,"144-39 Gravett Road",1718-793-2130,11367
Flushing,"Cindy Karidis ",718-793-2130,"Dome area",1,11,"Emergency Skills",NY,"144-39 Gravett Road",1718-793-2130,11367
Flushing,"Cindy Karidis ",718-793-2130,"L Building",1,11,"Emergency Skills",NY,"144-39 Gravett Road",1718-793-2130,11367
Flushing,,718-353-6464,"MAIN ENTRANCE",1,5,"Emergency Skills",NY,"46-21 Colden Street",718-353-6464,11355
Flushing,"ELIZABETH KOOS",718-445-2902,"MAIN ENTRANCE",1,11,"Emergency Skills",NY,"29-66 137 Street",718-445-2902,11354
Flushing,"JOSEPH LUFT",1,PSAL,1,7,"Emergency Skills",NY,"144-80 BARCLAY AVE",718-463-2348,11355
Flushing,"Steven Adinolfi, Guidance",718-461-7432,"MAIN ENTRANCE BY SCHOOL SAFETY",1,11,"Emergency Skills",NY,"148-20 REEVES AVENUE",718-461-7462,11367
Flushing,"JEFF ZIMMERMAN","718-969-5510    2212","PSAL ",1,28,"Emergency Skills",NY,"75-40 Parsons Boulevard",718-969-5510,11366
Flushing,"JEFF ZIMMERMAN","718-969-5510    2212","PSAL ",1,28,"Emergency Skills",NY,"75-40 Parsons Boulevard",718-969-5510,11366
Flushing,"JEFF ZIMMERMAN","718-969-5510    2212","PSAL- ",1,28,"Emergency Skills",NY,"75-40 Parsons Boulevard",718-969-5510,11366
Flushing,"JEFF ZIMMERMAN","718-969-5510    2212","MAIN ENTRANCE BY SCHOOL SAFETY",1,28,"Emergency Skills",NY,"75-40 Parsons Boulevard",718-969-5510,11366
Flushing,"JEFF ZIMMERMAN","718-969-5510    2212","BY ROOM 224",1,28,"Emergency Skills",NY,"75-40 Parsons Boulevard",718-969-5510,11366
Flushing,"JEFF ZIMMERMAN","718-969-5510    2212","PSAL ",1,28,"Emergency Skills",NY,"75-40 Parsons Boulevard",718-969-5510,11366
"Queens Village","Kathleen Peknic",718-464-4167,"Main Entrance",1,8,"Emergency Skills",NY,"86-35 235 Court",718-464-4167,11427
Flushing,"D.  Gershman",718-464-4508,"Main Entrance",1,8,"Emergency Skills",NY,"195-02 69 Avenue",718-464-4508,11365
Bayside,"Randi Halvey",,"Main Entrance",1,14,"Emergency Skills",NY,"211-45 46 Road","(718) 423-8288",11361
Bayside,"Sari Latto",,"MAIN LOBBY",1,11,"Emergency Skills",NY,"214-43 35 Avenue","718 423-8333",11361
Bayside,"ELLEN SCHNEIDER",718-423-8395,LOBBY,1,28,"Emergency Skills",NY,"64-45 218 Street",718-423-8395-8854,11364
Bayside,"ELLEN SCHNEIDER",718-423-8395,"mobile in nurses office",1,28,"Emergency Skills",NY,"64-45 218 Street",718-423-8395-8854,11364
"Little Neck","Michael Williams",,"Main Lobby",1,8,"Emergency Skills",NY,"51-60 Marathon Parkway",718-423-8187,11362
Bayside,"Laurie Lazarus","(718) 631-6846","OUTSIDE 319B",1,11,"Emergency Skills",NY,"61-15 Oceania Street",(718)631-6800,11364
Bayside,"Laurie Lazarus","(718) 631-6846","Main Entrance",1,11,"Emergency Skills",NY,"61-15 Oceania Street",(718)631-6800,11364
Bayside,"Laurie Lazarus","(718) 631-6846","Basement by Gym",1,11,"Emergency Skills",NY,"61-15 Oceania Street",(718)631-6800,11364
"Little Neck","Vivian Wu",718-423-8491,"Main entrance",1,12,"Emergency Skills",NY,"41-77 Little Neck Parkway",718-423-8491,11363
Douglaston,"SHEILA HUGGINS","718 423 8535","MAIN LOBBY",1,8,"Emergency Skills",NY,"40-20 235 Street",718-423-8535,11363
"Floral Park","James Ambrose",718-831-4010,"Main Entrance",1,13,"Emergency Skills",NY,"80-51 261st  Street",718-831-4010,11004
Bellerose,"Shelley Steppel","(718) 831-4016","Main Entrance",1,13,"Emergency Skills",NY,"248-05 86 Avenue",718-831-4016,11426
Bayside,"Steven Epstein",,"Main Entrance",1,6,"Emergency Skills",NY,"46-35 Oceania Street","718 423-8100",11361
Bayside,"Kim Johnson",718-423-8553,"Main Entrance",1,9,"Emergency Skills",NY,"205-01 33 Avenue",718-423-8553,11361
Bayside,"JOAN CASALE","718 423 8621",Basement,1,9,"Emergency Skills",NY,"201-02 53 Avenue",718-423-8621,11364
Bayside,"JOAN CASALE","718 423 8621","Main Lobby",1,9,"Emergency Skills",NY,"201-02 53 Avenue",718-423-8621,11364
Bayside,"JOAN CASALE","718 423 8621","ESL (tower) classroom",1,9,"Emergency Skills",NY,"201-02 53 Avenue",718-423-8621,11364
Bayside,"JOAN CASALE","718 423 8621","Gym - outside",1,9,"Emergency Skills",NY,"201-02 53 Avenue",718-423-8621,11364
"Floral Park","Jeffrey Slivko",,"Main Lobby",1,2,"Emergency Skills",NY,"81-14 257 Street",718-831-4000,11004
"Floral Park","Jeffrey Slivko",,"3rd Floor Main Hallway",1,2,"Emergency Skills",NY,"81-14 257 Street",718-831-4000,11004
Flushing,"Loida Millan",,"MAIN LOBBY",1,6,"Emergency Skills",NY,"174-10 67 Avenue","718 358-2243",11365
Jamaica,"Jennifer Ambert",718-464-5763,"Main Entrance",1,12,"Emergency Skills",NY,"189-10 Radnor Road","(718) 464-5763",11423
Bellerose,"DOLORES QUINN",718-831-4021,"MAIN ENTRANCE",1,11,"Emergency Skills",NY,"252-12 72 Street",718-831-4021,11426
Bellerose,"DOLORES QUINN",718-831-4021," to be mounted outside room 322.",1,11,"Emergency Skills",NY,"252-12 72 Street",718-831-4021,11426
Bayside,"Myrna Perez-Fung",718-464-5768,"MAIN ENTRANCE BY SCHOOL SAFETY",1,12,"Emergency Skills",NY,"218-12 Hartland Avenue",718-464-5768,11364
"Floral Park","IRENE CANIANO","718 831 4032","Main Lobby",1,8,"Emergency Skills",NY,"85-15 258 Street","718 831 4032",11001
Bayside,,718-423-8652,"Main Entrance",1,9,"Emergency Skills",NY,"53-11 Springfield Boulevard",718-423-8652,11364
Bayside,,718-423-8652,"Main Entrance",1,9,"Emergency Skills",NY,"53-11 Springfield Boulevard",718-423-8652,11364
Bayside,"Jeanne Katz",,"Main Lobby",1,2,"Emergency Skills",NY,"75-25 Bell Boulevard",718-464-5773,11364
Bayside,"Jeanne Katz",,"3rd Floor outside office of Nurse",1,2,"Emergency Skills",NY,"75-25 Bell Boulevard",718-464-5773,11364
Bayside,"Erica Amit",718-423-8747,"Main Entrance",1,12,"Emergency Skills",NY,"231-02 67 Avenue",718-423-8747,11364
Bayside,"Erica Amit",718-423-8747,"Outside Room 303",1,12,"Emergency Skills",NY,"231-02 67 Avenue",718-423-8747,11364
"Fresh Meadows","Elaine Stamatis",718-358-2005,"Main Entrance",1,4,"Emergency Skills",NY,"64-20 175 Street",718-358-2005,11365
"Fresh Meadows","Elaine Stamatis",718-358-2005,"3rd Floor Outside Room 330",1,4,"Emergency Skills",NY,"64-20 175 Street",718-358-2005,11365
"Little Neck","Stephen Leo",,"BASEMENT EXIT BY STAIRS",1,,"Emergency Skills",NY,"57-40 Marathon Parkway","718 423-8825",11362
"Little Neck","Stephen Leo",,"MAIN LOBBY",1,,"Emergency Skills",NY,"57-40 Marathon Parkway","718 423-8825",11362
"Little Neck","Stephen Leo",,"OUTSIDE CAFE",1,,"Emergency Skills",NY,"57-40 Marathon Parkway","718 423-8825",11362
Queens,"Nicole Scott ","(718) 479-3920","MAIN ENTRANCE",1,3,"Emergency Skills",NY,"74-10 COMMONWEALTH BLVD.","(718) 479-3920",11426
Bayside,"MEGAN COLBY","718 279 6664",PSAL,1,67,"Emergency Skills",NY,"57-00 223 Street","(718) 279-6664 Ext. 514",11364
Bayside,"MEGAN COLBY","718 279 6664",PSAL,1,67,"Emergency Skills",NY,"57-00 223 Street","(718) 279-6664 Ext. 514",11364
Bayside,"MEGAN COLBY","718 279 6664","3rd floor outside rm 301",1,67,"Emergency Skills",NY,"57-00 223 Street","(718) 279-6664 Ext. 514",11364
Bayside,"MEGAN COLBY","718 279 6664","1st floor outside rm 175",1,67,"Emergency Skills",NY,"57-00 223 Street","(718) 279-6664 Ext. 514",11364
Bayside,"MEGAN COLBY","718 279 6664","3rd floor outside rm 332",1,67,"Emergency Skills",NY,"57-00 223 Street","(718) 279-6664 Ext. 514",11364
Bayside,"MEGAN COLBY","718 279 6664","Basement opposite weight room",1,67,"Emergency Skills",NY,"57-00 223 Street","(718) 279-6664 Ext. 514",11364
Bayside,"MEGAN COLBY","718 279 6664","MAIN ENTRANCE",1,67,"Emergency Skills",NY,"57-00 223 Street","(718) 279-6664 Ext. 514",11364
Bayside,"MEGAN COLBY","718 279 6664",PSAL,1,67,"Emergency Skills",NY,"57-00 223 Street","(718) 279-6664 Ext. 514",11364
Bayside,"MEGAN COLBY","718 279 6664","PSAL ",1,67,"Emergency Skills",NY,"57-00 223 Street","(718) 279-6664 Ext. 514",11364
Bayside,"MEGAN COLBY","718 279 6664","PSAL ",1,67,"Emergency Skills",NY,"57-00 223 Street","(718) 279-6664 Ext. 514",11364
Bayside,"MEGAN COLBY","718 279 6664","PSAL  ",1,67,"Emergency Skills",NY,"57-00 223 Street","(718) 279-6664 Ext. 514",11364
Bayside,"MEGAN COLBY","718 279 6664","PSAL ",1,67,"Emergency Skills",NY,"57-00 223 Street","(718) 279-6664 Ext. 514",11364
Bayside,"MEGAN COLBY","718 279 6664","PSAL ",1,67,"Emergency Skills",NY,"57-00 223 Street","(718) 279-6664 Ext. 514",11364
Bayside,"MEGAN COLBY","718 279 6664",PSAL-,1,67,"Emergency Skills",NY,"57-00 223 Street","(718) 279-6664 Ext. 514",11364
Bayside,"MEGAN COLBY","718 279 6664","PSAL ",1,67,"Emergency Skills",NY,"57-00 223 Street","(718) 279-6664 Ext. 514",11364
Bayside,"MEGAN COLBY","718 279 6664",PSAL,1,67,"Emergency Skills",NY,"57-00 223 Street","(718) 279-6664 Ext. 514",11364
Bayside,"MEGAN COLBY","718 279 6664","PSAL- ",1,67,"Emergency Skills",NY,"57-00 223 Street","(718) 279-6664 Ext. 514",11364
Bayside,"MEGAN COLBY","718 279 6664","PSAL ",1,67,"Emergency Skills",NY,"57-00 223 Street","(718) 279-6664 Ext. 514",11364
Bayside,"MEGAN COLBY","718 279 6664","PSAL ",1,67,"Emergency Skills",NY,"57-00 223 Street","(718) 279-6664 Ext. 514",11364
Bayside,"MEGAN COLBY","718 279 6664","PSAL- ",1,67,"Emergency Skills",NY,"57-00 223 Street","(718) 279-6664 Ext. 514",11364
Bayside,"MEGAN COLBY","718 279 6664",PSAL,1,67,"Emergency Skills",NY,"57-00 223 Street","(718) 279-6664 Ext. 514",11364
Bayside,"MEGAN COLBY","718 279 6664",,1,67,"Emergency Skills",NY,"57-00 223 Street","(718) 279-6664 Ext. 514",11364
Bayside,"MEGAN COLBY","718 279 6664","Outside Rm 152",1,67,"Emergency Skills",NY,"57-00 223 Street","(718) 279-6664 Ext. 514",11364
Bayside,"MEGAN COLBY","718 279 6664",,1,67,"Emergency Skills",NY,"57-00 223 Street","(718) 279-6664 Ext. 514",11364
Bayside,"MEGAN COLBY","718 279 6664",,1,67,"Emergency Skills",NY,"57-00 223 Street","(718) 279-6664 Ext. 514",11364
Bayside,"MEGAN COLBY","718 279 6664",PSAL,1,67,"Emergency Skills",NY,"57-00 223 Street","(718) 279-6664 Ext. 514",11364
"Fresh Meadows","Arnold Rosenbaum",718-281-8250,"2ND FLOOR - RM 219",1,54,"Emergency Skills",NY,"58-20 Utopia Parkway",718-281-8250,11365
"Fresh Meadows","Arnold Rosenbaum",718-281-8250,"3RD FLOOR - RM 311",1,54,"Emergency Skills",NY,"58-20 Utopia Parkway",718-281-8250,11365
"Fresh Meadows","Arnold Rosenbaum",718-281-8250,"PSAL ",1,54,"Emergency Skills",NY,"58-20 Utopia Parkway",718-281-8250,11365
"Fresh Meadows","Arnold Rosenbaum",718-281-8250,"PSAL ",1,54,"Emergency Skills",NY,"58-20 Utopia Parkway",718-281-8250,11365
"Fresh Meadows","Arnold Rosenbaum",718-281-8250,"PSAL  ",1,54,"Emergency Skills",NY,"58-20 Utopia Parkway",718-281-8250,11365
"Fresh Meadows","Arnold Rosenbaum",718-281-8250,"PSAL ",1,54,"Emergency Skills",NY,"58-20 Utopia Parkway",718-281-8250,11365
"Fresh Meadows","Arnold Rosenbaum",718-281-8250,"PSAL ",1,54,"Emergency Skills",NY,"58-20 Utopia Parkway",718-281-8250,11365
"Fresh Meadows","Arnold Rosenbaum",718-281-8250,"PSAL ",1,54,"Emergency Skills",NY,"58-20 Utopia Parkway",718-281-8250,11365
"Fresh Meadows","Arnold Rosenbaum",718-281-8250,"PSAL ",1,54,"Emergency Skills",NY,"58-20 Utopia Parkway",718-281-8250,11365
"Fresh Meadows","Arnold Rosenbaum",718-281-8250,PSAL,1,54,"Emergency Skills",NY,"58-20 Utopia Parkway",718-281-8250,11365
"Fresh Meadows","Arnold Rosenbaum",718-281-8250,"OUTSIDE RM 147",1,54,"Emergency Skills",NY,"58-20 Utopia Parkway",718-281-8250,11365
"Fresh Meadows","Arnold Rosenbaum",718-281-8250,PSAL,1,54,"Emergency Skills",NY,"58-20 Utopia Parkway",718-281-8250,11365
"Fresh Meadows","Arnold Rosenbaum",718-281-8250,PSAL,1,54,"Emergency Skills",NY,"58-20 Utopia Parkway",718-281-8250,11365
"Fresh Meadows","Arnold Rosenbaum",718-281-8250,PSAL,1,54,"Emergency Skills",NY,"58-20 Utopia Parkway",718-281-8250,11365
"Fresh Meadows","Arnold Rosenbaum",718-281-8250,"PSAL ",1,54,"Emergency Skills",NY,"58-20 Utopia Parkway",718-281-8250,11365
"Fresh Meadows","Arnold Rosenbaum",718-281-8250,"PSAL ",1,54,"Emergency Skills",NY,"58-20 Utopia Parkway",718-281-8250,11365
"Fresh Meadows","Arnold Rosenbaum",718-281-8250,"PSAL- ",1,54,"Emergency Skills",NY,"58-20 Utopia Parkway",718-281-8250,11365
"Fresh Meadows","Arnold Rosenbaum",718-281-8250,"Main Entrance",1,54,"Emergency Skills",NY,"58-20 Utopia Parkway",718-281-8250,11365
"Queens Village","Richard Dellacona","718 776 4728  ","PSAL- ",1,42,"Emergency Skills",NY,"230-17 Hillside Ave","718-776-4728 ext. 316",11427
"Queens Village","Richard Dellacona","718 776 4728  ",PSAL,1,42,"Emergency Skills",NY,"230-17 Hillside Ave","718-776-4728 ext. 316",11427
"Queens Village","Richard Dellacona","718 776 4728  ",PSAL,1,42,"Emergency Skills",NY,"230-17 Hillside Ave","718-776-4728 ext. 316",11427
"Queens Village","Richard Dellacona","718 776 4728  ","PSAL ",1,42,"Emergency Skills",NY,"230-17 Hillside Ave","718-776-4728 ext. 316",11427
"Queens Village","Richard Dellacona","718 776 4728  ","Outside Room 316",1,42,"Emergency Skills",NY,"230-17 Hillside Ave","718-776-4728 ext. 316",11427
"Queens Village","Richard Dellacona","718 776 4728  ","PSAL ",1,42,"Emergency Skills",NY,"230-17 Hillside Ave","718-776-4728 ext. 316",11427
"Queens Village","Richard Dellacona","718 776 4728  ","Main Office",1,42,"Emergency Skills",NY,"230-17 Hillside Ave","718-776-4728 ext. 316",11427
"Queens Village","Richard Dellacona","718 776 4728  ",PSAL-,1,42,"Emergency Skills",NY,"230-17 Hillside Ave","718-776-4728 ext. 316",11427
"Queens Village","Richard Dellacona","718 776 4728  ",PSAL-,1,42,"Emergency Skills",NY,"230-17 Hillside Ave","718-776-4728 ext. 316",11427
"Queens Village","Richard Dellacona","718 776 4728  ","PSAL- ",1,42,"Emergency Skills",NY,"230-17 Hillside Ave","718-776-4728 ext. 316",11427
"Queens Village","Richard Dellacona","718 776 4728  ","PSAL- ",1,42,"Emergency Skills",NY,"230-17 Hillside Ave","718-776-4728 ext. 316",11427
"Queens Village","Richard Dellacona","718 776 4728  ","PSAL- ",1,42,"Emergency Skills",NY,"230-17 Hillside Ave","718-776-4728 ext. 316",11427
"Queens Village","Richard Dellacona","718 776 4728  ","PSAL- ",1,42,"Emergency Skills",NY,"230-17 Hillside Ave","718-776-4728 ext. 316",11427
"Queens Village","Richard Dellacona","718 776 4728  ",PSAL,1,42,"Emergency Skills",NY,"230-17 Hillside Ave","718-776-4728 ext. 316",11427
"Queens Village","Richard Dellacona","718 776 4728  ",Basement,1,42,"Emergency Skills",NY,"230-17 Hillside Ave","718-776-4728 ext. 316",11427
"Queens Village","Richard Dellacona","718 776 4728  ","2nd Floor Hallway",1,42,"Emergency Skills",NY,"230-17 Hillside Ave","718-776-4728 ext. 316",11427
"Queens Village","Richard Dellacona","718 776 4728  ",PSAL,1,42,"Emergency Skills",NY,"230-17 Hillside Ave","718-776-4728 ext. 316",11427
Arverne,"Alicia Hall",718-634-1084,"Main Entrance",1,13,"Emergency Skills",NY,"488 Beach 66 Street",718-634-7914,11692
Arverne,"Alicia Hall",718-634-1084,"Room 408A",1,13,"Emergency Skills",NY,"488 Beach 66 Street",718-634-7914,11692
"Far Rockaway","Frank Farino",718-327-5860,"Main Entrance of PS43",1,19,"Emergency Skills",NY,"160 Beach 29 Street",718-327-5859,11691
"Far Rockaway","Frank Farino",718-327-5860,"Early Childhood Ctr",1,19,"Emergency Skills",NY,"160 Beach 29 Street",718-327-5859,11691
"Far Rockaway","Frank Farino",718-327-5860,"Main Office, 2nd Floor of PS256",1,19,"Emergency Skills",NY,"160 Beach 29 Street",718-327-5859,11691
"South Ozone Park","Mary Murphy",718-529-1885,"Main Entrance",1,1,"Emergency Skills",NY,"126-28 150 Street","718 529-1885",11436
"Broad Channel","LORETTA STONE","718 634 7167","Next to Shad Creek Entrance",1,9,"Emergency Skills",NY,"9 Power Road",718-634-7167,11693
"Richmond Hill","PATRICIA LARTS-MEEKS",718-850-0738,"MAIN ENTRANCE",1,8,"Emergency Skills",NY,"87-45 117 Street",718-850-0738,11418
"Far Rockaway","RICH NARBY",718-471-6900,"Main Entrance",1,10,"Emergency Skills",NY,"10-45 Nameoke Street",718-471-6900,11691
"Far Rockaway","RICH NARBY",718-471-6900,,1,10,"Emergency Skills",NY,"10-45 Nameoke Street",718-471-6900,11691
"Richmond Hill","ANN LEITER",718-441-4448,"main ent",1,3,"Emergency Skills",NY,"86-10 114 Street",718-441-4448,11418
Woodhaven,"Marisa Bolognino",718-441-5046,"Main Entrance",1,10,"Emergency Skills",NY,"91-02 88TH AVE",718-441-5046,11421
"Richmond Hill","GINA PEREZ",718-849-0992,"Main Entrance",1,16,"Emergency Skills",NY,"97-25 108 Street",718-849-0992,11419
"Richmond Hill","GINA PEREZ",718-849-0992,,1,16,"Emergency Skills",NY,"97-25 108 Street",718-849-0992,11419
"Ozone Park",,718-845-7560,"MAIN ENTRANCE",1,4,"Emergency Skills",NY,"90-15 Sutter Avenue",718-845-7560,11417
"Ozone Park",,718-845-7560,"Outside Room 305",1,4,"Emergency Skills",NY,"90-15 Sutter Avenue",718-845-7560,11417
"Ozone Park","Nina Auster",718-845-8290,"main ent",1,12,"Emergency Skills",NY,"82-01 101 Avenue",718-845-8290,11416
"Ozone Park","Nina Auster",718-845-8290,"2nd floor; Near Room 263",1,12,"Emergency Skills",NY,"82-01 101 Avenue",718-845-8290,11416
"Ozone Park","Rafael Morales",,"Main Entrance",1,8,"Emergency Skills",NY,"103-22 99 Street",718-323-1685,11417
"Richmond Hill","Phyllis Leinwand",718-849-0184,"MAIN ENTRANCE",1,2,"Emergency Skills",NY,"85-11 102 Street",718-849-0184,11418
"Richmond Hill","Catherine Canzoneri",718-487-3370,"Main Entrance",1,13,"Emergency Skills",NY,"86-50 109 Street",718-487-3370,11418
"Richmond Hill","Catherine Canzoneri",718-487-3370,,1,13,"Emergency Skills",NY,"86-50 109 Street",718-487-3370,11418
"South Ozone Park","BRENDA CLYBURN",718-529-2547,"MAIN LOBBY",1,7,"Emergency Skills",NY,"130-01 Rockaway Boulevard",718-529-2547,11420
"South Ozone Park","BRENDA CLYBURN",718-529-2547,,1,7,"Emergency Skills",NY,"130-01 Rockaway Boulevard",718-529-2547,11420
Woodhaven,"STELLA KALOGRIDIS",718-849-4870,"Main Entrance",1,3,"Emergency Skills",NY,"85-52 85 Street",718-849-4870,11421
"South Ozone Park","NORMAN MISROK",718-843-8390,"MAIN LOBBY",1,6,"Emergency Skills",NY,"111-11 118 Street",718-843-8390,11420
"South Ozone Park","NORMAN MISROK",718-843-8390,"3rd Floor - In hall outside Rm 316",1,6,"Emergency Skills",NY,"111-11 118 Street",718-843-8390,11420
"Far Rockaway","MARITZA WILLIAMS-JONES",718-327-1910,"Main Entrance",1,9,"Emergency Skills",NY,"2601 Mott Avenue",718-327-1910,11691
"Far Rockaway","Joseph Durso",718-474-8615,"main ent",1,5,"Emergency Skills",NY,"420 Beach 51 Street",718-474-8615,11691
"Far Rockaway","Joseph Durso",718-474-8615,"Outside 311",1,5,"Emergency Skills",NY,"420 Beach 51 Street",718-474-8615,11691
"Far Rockaway","BJ Pierce",718-327-5828,"Mini Building; Main Entrance",1,7,"Emergency Skills",NY,"180 Beach 35 Street",718-327-5828,11691
"Far Rockaway","BJ Pierce",718-327-5828,"Main Building, Main Entrance",1,7,"Emergency Skills",NY,"180 Beach 35 Street",718-327-5828,11691
"South Ozone Park","Marguerite Willsen ",718-641-4956,"MAIN ENT NEXT TO SCHOOL SAFETY",1,10,"Emergency Skills",NY,"108-10 109TH AVE",718-641-4956,11420
"South Ozone Park","Marguerite Willsen ",718-641-4956,"4th floor across from room 442",1,10,"Emergency Skills",NY,"108-10 109TH AVE",718-641-4956,11420
"Rockaway Beach","Stephen P. Grill",718-634-3382,"Main Entrance",1,18,"Emergency Skills",NY,"134-01 CRONSTON AVENUE",718-634-3382,11694
"South Ozone Park","Cynthia Sumay-Eaton",718-529-4300,"MAIN ENTRANCE BY SCHOOL SAFETY",1,17,"Emergency Skills",NY,"145-01 119 Avenue",718-529-4300,11436
"South Ozone Park","Valarie Lewis",718-529-2580,"Outside Room 417",1,12,"Emergency Skills",NY,"129-15 150 Avenue",718-529-2580,11420
"South Ozone Park","Valarie Lewis",718-529-2580,"Main Entrance",1,12,"Emergency Skills",NY,"129-15 150 Avenue",718-529-2580,11420
"Ozone Park","L. MASTROGIOVANNI",718-659-0471,"MAIN ENTRANCE",1,6,"Emergency Skills",NY,"109-15 98 Street",718-659-0471,11417
"Howard Beach","Mitchell Katcher",718-843-4880,"Main Entrance",1,8,"Emergency Skills",NY,"98-01 159 Avenue",718-843-4880,11414
"South Ozone Park","Joel Seidman",718-529-0767,"4th Floor Outside Room 4W4",1,7,"Emergency Skills",NY,"130-02 115 Avenue",718-529-0767,11420
"South Ozone Park","Joel Seidman",718-529-0767,"Main Lobby",1,7,"Emergency Skills",NY,"130-02 115 Avenue",718-529-0767,11420
"South Ozone Park","Joel Seidman",718-529-0767,"KP3 Porthole",1,7,"Emergency Skills",NY,"130-02 115 Avenue",718-529-0767,11420
"Rockaway Beach","Jessica Romero",718-634-9459,"main entrance",1,8,"Emergency Skills",NY,"2-45 BEACH 79 STREET",718-634-9459,11693
"Far Rockaway","Kesha Harris, AP",718-327-1083,"main ent",1,7,"Emergency Skills",NY,"8-25 HICKSVILLE ROAD",718-327-1083,11691
AVERNE,"INEZ DELIZ",718-945-3300,"3rd Floor outside room 322",1,5,"Emergency Skills",NY,"3-65 BEACH 56 STREET",718-945-3300,11692
AVERNE,"INEZ DELIZ",718-945-3300,"MAIN ENT NEXT TO SCHOOL SAFETY",1,5,"Emergency Skills",NY,"3-65 BEACH 56 STREET",718-945-3300,11692
"Ozone Park","Jim Mckeon",718-848-0001,"MAIN ENTRANCE",1,9,"Emergency Skills",NY,"138-30 Lafayette Street",718-848-0001,11417
"Howard Beach","Linda Spadaro",718-848-2700,"main ent",1,1,"Emergency Skills",NY,"159-15 88 Street",718-848-2700,11414
"Ozone Park","LAURA ADRAGNA",718-845-5942,"Outside Gym",1,16,"Emergency Skills",NY,"93-11 101 Avenue",718-845-5942,11416
"Ozone Park","LAURA ADRAGNA",718-845-5942,"4th floor Near Room 416",1,16,"Emergency Skills",NY,"93-11 101 Avenue",718-845-5942,11416
"Ozone Park","LAURA ADRAGNA",718-845-5942,"Main Entrance",1,16,"Emergency Skills",NY,"93-11 101 Avenue",718-845-5942,11416
"Far Rockaway","Howard Thomas",718-327-7928,"Main Entrance",1,6,"Emergency Skills",NY,"535 Briar Place",718-327-7928,11691
Jamaica,"HOWARD HUDSON",718-322-9012,"Main Entrance",1,1,"Emergency Skills",NY,"125-20 Sutphin Boulevard",718-322-9012,11436
"Rockaway Beach","Matthew Melchiorre",,"MAIN ENT. NEXT TO SCHOOL SAFETY",1,1,"Emergency Skills",NY,"1-90 Beach 110 Street",718-945-5218,11694
"Rockaway Beach","Matthew Melchiorre",,"Portable unit in principal's office",1,1,"Emergency Skills",NY,"1-90 Beach 110 Street",718-945-5218,11694
"South Ozone Park","JAMES RANDALL",718-843-2260,"MAIN LOBBY",1,4,"Emergency Skills",NY,"121-10 Rockaway Boulevard",718-843-2260,11420
"South Ozone Park","JAMES RANDALL",718-843-2260,"1st. Floor outside room 108",1,4,"Emergency Skills",NY,"121-10 Rockaway Boulevard",718-843-2260,11420
"Howard Beach","Lisa Josephson",718-848-9247,"Main Entrance",1,1,"Emergency Skills",NY,"153-23 83 Street",718-848-9247,11414
"Howard Beach","Lisa Josephson",718-848-9247,"Outside Room 300; 3rd Floor",1,1,"Emergency Skills",NY,"153-23 83 Street",718-848-9247,11414
"Far Rockaway","ROBIN JOHNSON","(718) 327-0895","Main Entrance",1,2,"Emergency Skills",NY,"1307 CENTRAL AVENUE","(718) 327-0895",11691
QUEENS,"NAOMI DROUILLARD",718-846-1840,"main ent",1,7,"Emergency Skills",NY,"84-40 101ST STREET",718-846-1840,11418
"Rockaway Beach","Joseph Lunati",1718-474-6918,"Main Entrance",1,9,"Emergency Skills",NY,"3-20 BEACH 104 STREET",718-474-6918,11694
"Rockaway Beach","Joseph Lunati",1718-474-6918,"Room 320",1,9,"Emergency Skills",NY,"3-20 BEACH 104 STREET",718-474-6918,11694
"Rockaway Beach","Joseph Lunati",1718-474-6918,PSAL,1,9,"Emergency Skills",NY,"3-20 BEACH 104 STREET",718-474-6918,11694
"Rockaway Beach","Joseph Lunati",1718-474-6918,PSAL,1,9,"Emergency Skills",NY,"3-20 BEACH 104 STREET",718-474-6918,11694
"Rockaway Beach","Joseph Lunati",1718-474-6918,PSAL,1,9,"Emergency Skills",NY,"3-20 BEACH 104 STREET",718-474-6918,11694
"Richmond Hill","William O'Connell",,"psal unit",1,52,"Emergency Skills",NY,"89-30 114th Street",718-846-3335-346,11418
"Richmond Hill","William O'Connell",,PSAL,1,52,"Emergency Skills",NY,"89-30 114th Street",718-846-3335-346,11418
"Richmond Hill","William O'Connell",,PSAL,1,52,"Emergency Skills",NY,"89-30 114th Street",718-846-3335-346,11418
"Richmond Hill","William O'Connell",,"Main Entrance",1,52,"Emergency Skills",NY,"89-30 114th Street",718-846-3335-346,11418
"Richmond Hill","William O'Connell",,PSAL,1,52,"Emergency Skills",NY,"89-30 114th Street",718-846-3335-346,11418
"Richmond Hill","William O'Connell",,"PSAL ",1,52,"Emergency Skills",NY,"89-30 114th Street",718-846-3335-346,11418
"Richmond Hill","William O'Connell",,"PSAL- ",1,52,"Emergency Skills",NY,"89-30 114th Street",718-846-3335-346,11418
"Richmond Hill","William O'Connell",,"PSAL ",1,52,"Emergency Skills",NY,"89-30 114th Street",718-846-3335-346,11418
"Richmond Hill","William O'Connell",,"Outside 316",1,52,"Emergency Skills",NY,"89-30 114th Street",718-846-3335-346,11418
"Richmond Hill","William O'Connell",,"PSAL ",1,52,"Emergency Skills",NY,"89-30 114th Street",718-846-3335-346,11418
"Richmond Hill","William O'Connell",,"PSAL- ",1,52,"Emergency Skills",NY,"89-30 114th Street",718-846-3335-346,11418
"Richmond Hill","William O'Connell",,"Outside 508",1,52,"Emergency Skills",NY,"89-30 114th Street",718-846-3335-346,11418
"Richmond Hill","William O'Connell",,"PSAL ",1,52,"Emergency Skills",NY,"89-30 114th Street",718-846-3335-346,11418
"Richmond Hill","William O'Connell",,"PSAL- ",1,52,"Emergency Skills",NY,"89-30 114th Street",718-846-3335-346,11418
"Richmond Hill","William O'Connell",,"outside 108/106",1,52,"Emergency Skills",NY,"89-30 114th Street",718-846-3335-346,11418
"Richmond Hill","William O'Connell",,"Outside 344",1,52,"Emergency Skills",NY,"89-30 114th Street",718-846-3335-346,11418
"Richmond Hill","William O'Connell",,"Outside 502",1,52,"Emergency Skills",NY,"89-30 114th Street",718-846-3335-346,11418
"Richmond Hill","William O'Connell",,PSAL,1,52,"Emergency Skills",NY,"89-30 114th Street",718-846-3335-346,11418
"Ozone Park","JOHN O'DONOGHUE",718-322-0526,PSAL,1,36,"Emergency Skills",NY,"101-02 ROCKAWAY BLVD",718-322-0526,11417
"Ozone Park","JOHN O'DONOGHUE",718-322-0526,PSAL,1,36,"Emergency Skills",NY,"101-02 ROCKAWAY BLVD",718-322-0526,11417
"Ozone Park","JOHN O'DONOGHUE",718-322-0526,PSAL,1,36,"Emergency Skills",NY,"101-02 ROCKAWAY BLVD",718-322-0526,11417
"Ozone Park","JOHN O'DONOGHUE",718-322-0526,PSAL,1,36,"Emergency Skills",NY,"101-02 ROCKAWAY BLVD",718-322-0526,11417
"Ozone Park","JOHN O'DONOGHUE",718-322-0526,"3rd Floor 327",1,36,"Emergency Skills",NY,"101-02 ROCKAWAY BLVD",718-322-0526,11417
"Ozone Park","JOHN O'DONOGHUE",718-322-0526,"Room 227",1,36,"Emergency Skills",NY,"101-02 ROCKAWAY BLVD",718-322-0526,11417
"Ozone Park","JOHN O'DONOGHUE",718-322-0526,"Main Entrance",1,36,"Emergency Skills",NY,"101-02 ROCKAWAY BLVD",718-322-0526,11417
"Ozone Park","JOHN O'DONOGHUE",718-322-0526,PSAL,1,36,"Emergency Skills",NY,"101-02 ROCKAWAY BLVD",718-322-0526,11417
"Ozone Park","JOHN O'DONOGHUE",718-322-0526,PSAL,1,36,"Emergency Skills",NY,"101-02 ROCKAWAY BLVD",718-322-0526,11417
"Ozone Park","JOHN O'DONOGHUE",718-322-0526,PSAL,1,36,"Emergency Skills",NY,"101-02 ROCKAWAY BLVD",718-322-0526,11417
"Ozone Park","JOHN O'DONOGHUE",718-322-0526,psal,1,36,"Emergency Skills",NY,"101-02 ROCKAWAY BLVD",718-322-0526,11417
"Ozone Park","JOHN O'DONOGHUE",718-322-0526,PSAL,1,36,"Emergency Skills",NY,"101-02 ROCKAWAY BLVD",718-322-0526,11417
"Ozone Park","JOHN O'DONOGHUE",718-322-0526,PSAL,1,36,"Emergency Skills",NY,"101-02 ROCKAWAY BLVD",718-322-0526,11417
"Ozone Park","JOHN O'DONOGHUE",718-322-0526,"Room 138A",1,36,"Emergency Skills",NY,"101-02 ROCKAWAY BLVD",718-322-0526,11417
"Ozone Park","JOHN O'DONOGHUE",718-322-0526,PSAL,1,36,"Emergency Skills",NY,"101-02 ROCKAWAY BLVD",718-322-0526,11417
"Ozone Park","JOHN O'DONOGHUE",718-322-0526,PSAL,1,36,"Emergency Skills",NY,"101-02 ROCKAWAY BLVD",718-322-0526,11417
"Ozone Park","JOHN O'DONOGHUE",718-322-0526,PSAL,1,36,"Emergency Skills",NY,"101-02 ROCKAWAY BLVD",718-322-0526,11417
"Ozone Park","JOHN O'DONOGHUE",718-322-0526,PSAL,1,36,"Emergency Skills",NY,"101-02 ROCKAWAY BLVD",718-322-0526,11417
"Ozone Park","JOHN O'DONOGHUE",718-322-0526,Cafeteria,1,36,"Emergency Skills",NY,"101-02 ROCKAWAY BLVD",718-322-0526,11417
"Ozone Park","JOHN O'DONOGHUE",718-322-0526,"Recommend be placed outside Room 102A",1,36,"Emergency Skills",NY,"101-02 ROCKAWAY BLVD",718-322-0526,11417
"Ozone Park","JOHN O'DONOGHUE",718-322-0526,PSAL,1,36,"Emergency Skills",NY,"101-02 ROCKAWAY BLVD",718-322-0526,11417
Jamaica,"Cherryl Spencer",,"Main lobby",1,1,"Emergency Skills",NY,"108-35 167 Street",718-739-6883,11433
Jamaica,"GEORGE TAYLOR","718 276 8785","MAIN ENTRANCE BY SSA",1,15,"Emergency Skills",NY,"126-10 BEDELL STREET",718-276-8785,11434
Jamaica,,718-526-1905,"Main lobby",1,7,"Emergency Skills",NY,"109-20 Union Hall Street","718-526-1904 Press 0",11433
Jamaica,"Nicola Fletcher","(718) 739-4463","MAIN ENT",1,11,"Emergency Skills",NY,"155-02 108 Avenue",718-739-4463,11433
Jamaica,"Amanda Vurro",718-526-5336,"MAIN LOBBY",1,20,"Emergency Skills",NY,"143-26 101 Avenue","718 526-5336",11435
"Richmond Hill","Alma Reyes",718-849-0962,"MAIN LOBBY",1,3,"Emergency Skills",NY,"86-02 127 Street",718-849-0962,11418
"Richmond Hill","Ralph Honore","(718) 849-3845","MAIN LOBBY",1,10,"Emergency Skills",NY,"131-10 97 Avenue","(718) 849-3845",11419
Jamaica,"Janay Thomas",718-341-5039,"Main Entrance 1st Floor by Security",1,,"Emergency Skills",NY,"133-25 GUY BREWER BLVD",718-723-6200,11434
Jamaica,"Janay Thomas",718-341-5039,"4th Floor by room 404",1,,"Emergency Skills",NY,"133-25 GUY BREWER BLVD",718-723-6200,11434
Jamaica,"JEANNE KRAVITZ",718-528-7070,"MAIN LOBBY",1,14,"Emergency Skills",NY,"171-05 137 Avenue",718-528-7070,11434
Jamaica,"Chris Marino",,"MAIN LOBBY",1,8,"Emergency Skills",NY,"88-02 144 Street",718-526-4139,11435
Jamaica,"Debra Handler",718-291-6264,"Main Lobby",1,6,"Emergency Skills",NY,"87-42 Parsons Boulevard",718.291.6264,11432
Jamaica,"Debra Handler",718-291-6264,"Room 312",1,6,"Emergency Skills",NY,"87-42 Parsons Boulevard",718.291.6264,11432
"Kew Gardens","NICK SFORZA","718 544 4343","Main Entrance annex",1,12,"Emergency Skills",NY,"82-37 Kew Gardens Road","718 544 4343",11415
"Kew Gardens","NICK SFORZA","718 544 4343","Main Lobby",1,12,"Emergency Skills",NY,"82-37 Kew Gardens Road","718 544 4343",11415
"Forest Hills","Randy St. German","(718) 268-7230","MAIN LOBBY",1,8,"Emergency Skills",NY,"2 Russell Place","(718) 268-7230",11375
Briarwood,"Paula Cunningham",718-526-4780,"MAIN LOBBY",1,,"Emergency Skills",NY,"85-15 143rd Street",718-526-4780,11435
"South Ozone Park","Jermaine Green",718-843-7412,"4th Floor - Room 413",1,13,"Emergency Skills",NY,"126-10 109 Avenue",718-843-7412,11420
"South Ozone Park","Jermaine Green",718-843-7412,"Main Entrance",1,13,"Emergency Skills",NY,"126-10 109 Avenue",718-843-7412,11420
"Rego Park","Stephanie Lazarus","(718) 459-1044","MAIN LOBBY",1,18,"Emergency Skills",NY,"93-06 63 Drive","(718) 459-1044",11374
"Rego Park","Stephanie Lazarus","(718) 459-1044","Outside the library Room 207",1,18,"Emergency Skills",NY,"93-06 63 Drive","(718) 459-1044",11374
Jamaica,"Yvonne Isley","(718) 657-4760","Main Lobby",1,20,"Emergency Skills",NY,"116-00 166 STREET","718 657-4760",11434
"Forest Hills","JENNIFER LUCADAMO",718-268-2775,"MAIN ENT.",1,14,"Emergency Skills",NY,"93-02 69 Avenue",718-268-2774,11375
"Rego Park","Virginia Dente",718-830-4984,"OUTSIDE RM 349",1,13,"Emergency Skills",NY,"102-01 64 AVENUE","718 830-4998",11374
"Rego Park","Virginia Dente",718-830-4984,"MAIN LOBBY",1,13,"Emergency Skills",NY,"102-01 64 AVENUE","718 830-4998",11374
Jamaica,"CHERYL PLACE",,"MAIN LOBBY",1,18,"Emergency Skills",NY,"109-59 Inwood Street","718 526-5523",11435
Jamaica,"CHERYL PLACE",,"3rd Floor",1,18,"Emergency Skills",NY,"109-59 Inwood Street","718 526-5523",11435
"Richmond Hill",,,"MAIN ENTRANCE",1,10,"Emergency Skills",NY,"101-33 124 Street","718 441-5493",11419
"Richmond Hill",,,,1,10,"Emergency Skills",NY,"101-33 124 Street","718 441-5493",11419
"Rego Park","Cindy O'Connor",718-897-7006,"MAIN ENTRANCE",1,12,"Emergency Skills",NY,"65-10 DIETERLE CRESCENT",718-459-5327,11374
"Rego Park","Debra Rowen",718-897-8600,"MAIN LOBBY",1,27,"Emergency Skills",NY,"64-35 102 Street",718-897-8600,11374
Jamaica,"Maggie Klocek",,"Main Lobby",1,7,"Emergency Skills",NY,"90-36 150 Street",718-291-8500,11435
Jamaica,"Maggie Klocek",,"building 2",1,7,"Emergency Skills",NY,"90-36 150 Street",718-291-8500,11435
Jamaica,"Maggie Klocek",,"1ST FLOOR MAIN HALLWAY",1,7,"Emergency Skills",NY,"90-36 150 Street",718-291-8500,11435
"Forest Hills"," Elizabeth Lawrence",718-830-4970,"MAIN LOBBY",1,12,"Emergency Skills",NY,"68-17 Austin Street",718-830-4970,11375
"Forest Hills","Ellen Maurer",,"main lobby",1,3,"Emergency Skills",NY,"71-25 113 Street",718-263-9770,11375
"Rego Park","Arthur Ziegler",718-592-0300,"MAIN LOBBY",1,21,"Emergency Skills",NY,"61-21 97 Place",718-592-0300,11374
Jamaica,"David Norment",,"MAIN LOBBY",1,3,"Emergency Skills",NY,"85-05 144 Street",718-657-1120,11435
Jamaica,"David Norment",,"T- BUILDING, Room T-12",1,3,"Emergency Skills",NY,"85-05 144 Street",718-657-1120,11435
"Forest Hills","Teresa Hooks",,"Main Entrance",1,7,"Emergency Skills",NY,"62-10 108 Street",718-592-3030,11375
"Forest Hills","EILEEN DOMNITZ-AP",718-268-3137,PSAL,1,43,"Emergency Skills",NY,"67-01 110 Street",718-268-3137,11375
"Forest Hills","EILEEN DOMNITZ-AP",718-268-3137,PSAL,1,43,"Emergency Skills",NY,"67-01 110 Street",718-268-3137,11375
"Forest Hills","EILEEN DOMNITZ-AP",718-268-3137,PSAL,1,43,"Emergency Skills",NY,"67-01 110 Street",718-268-3137,11375
"Forest Hills","EILEEN DOMNITZ-AP",718-268-3137,"Boy's Gym",1,43,"Emergency Skills",NY,"67-01 110 Street",718-268-3137,11375
"Forest Hills","EILEEN DOMNITZ-AP",718-268-3137,PSAL,1,43,"Emergency Skills",NY,"67-01 110 Street",718-268-3137,11375
"Forest Hills","EILEEN DOMNITZ-AP",718-268-3137,Field,1,43,"Emergency Skills",NY,"67-01 110 Street",718-268-3137,11375
"Forest Hills","EILEEN DOMNITZ-AP",718-268-3137,"MAIN ENTRANCE",1,43,"Emergency Skills",NY,"67-01 110 Street",718-268-3137,11375
"Forest Hills","EILEEN DOMNITZ-AP",718-268-3137,"1ST FLOOR OUTSIDE OF GIRLS GYM",1,43,"Emergency Skills",NY,"67-01 110 Street",718-268-3137,11375
"Forest Hills","EILEEN DOMNITZ-AP",718-268-3137,PSAL,1,43,"Emergency Skills",NY,"67-01 110 Street",718-268-3137,11375
"Forest Hills","EILEEN DOMNITZ-AP",718-268-3137,PSAL,1,43,"Emergency Skills",NY,"67-01 110 Street",718-268-3137,11375
"Forest Hills","EILEEN DOMNITZ-AP",718-268-3137,"3RD FLOOR HALLWAY",1,43,"Emergency Skills",NY,"67-01 110 Street",718-268-3137,11375
"Forest Hills","EILEEN DOMNITZ-AP",718-268-3137,"PSAL ",1,43,"Emergency Skills",NY,"67-01 110 Street",718-268-3137,11375
"Forest Hills","EILEEN DOMNITZ-AP",718-268-3137,PSAL,1,43,"Emergency Skills",NY,"67-01 110 Street",718-268-3137,11375
"Forest Hills","EILEEN DOMNITZ-AP",718-268-3137,"PSAL- ",1,43,"Emergency Skills",NY,"67-01 110 Street",718-268-3137,11375
"Forest Hills","EILEEN DOMNITZ-AP",718-268-3137,PSAL,1,43,"Emergency Skills",NY,"67-01 110 Street",718-268-3137,11375
"Forest Hills","EILEEN DOMNITZ-AP",718-268-3137,PSAL,1,43,"Emergency Skills",NY,"67-01 110 Street",718-268-3137,11375
"Forest Hills","EILEEN DOMNITZ-AP",718-268-3137,PSAL,1,43,"Emergency Skills",NY,"67-01 110 Street",718-268-3137,11375
"Forest Hills","EILEEN DOMNITZ-AP",718-268-3137,PSAL,1,43,"Emergency Skills",NY,"67-01 110 Street",718-268-3137,11375
Jamaica,"Bonnie Hershman",,PSAL,1,38,"Emergency Skills",NY,"167-01 GOTHIC Drive","718-739-5942 x3561",11432
Jamaica,"Bonnie Hershman",,PSAL,1,38,"Emergency Skills",NY,"167-01 GOTHIC Drive","718-739-5942 x3561",11432
Jamaica,"Bonnie Hershman",,"POOL AREA",1,38,"Emergency Skills",NY,"167-01 GOTHIC Drive","718-739-5942 x3561",11432
Jamaica,"Bonnie Hershman",,"LUNCH ROOM,",1,38,"Emergency Skills",NY,"167-01 GOTHIC Drive","718-739-5942 x3561",11432
Jamaica,"Bonnie Hershman",,PSAL,1,38,"Emergency Skills",NY,"167-01 GOTHIC Drive","718-739-5942 x3561",11432
Jamaica,"Bonnie Hershman",,PSAL,1,38,"Emergency Skills",NY,"167-01 GOTHIC Drive","718-739-5942 x3561",11432
Jamaica,"Bonnie Hershman",,"Outside Room 322",1,38,"Emergency Skills",NY,"167-01 GOTHIC Drive","718-739-5942 x3561",11432
Jamaica,"Bonnie Hershman",,PSAL,1,38,"Emergency Skills",NY,"167-01 GOTHIC Drive","718-739-5942 x3561",11432
Jamaica,"Bonnie Hershman",,PSAL,1,38,"Emergency Skills",NY,"167-01 GOTHIC Drive","718-739-5942 x3561",11432
Jamaica,"Bonnie Hershman",,Unknown,1,38,"Emergency Skills",NY,"167-01 GOTHIC Drive","718-739-5942 x3561",11432
Jamaica,"Bonnie Hershman",,PSAL,1,38,"Emergency Skills",NY,"167-01 GOTHIC Drive","718-739-5942 x3561",11432
Jamaica,"Bonnie Hershman",,SSA,1,38,"Emergency Skills",NY,"167-01 GOTHIC Drive","718-739-5942 x3561",11432
Jamaica,"Bonnie Hershman",,PSAL,1,38,"Emergency Skills",NY,"167-01 GOTHIC Drive","718-739-5942 x3561",11432
Jamaica,"Bonnie Hershman",,"OUTSIDE 322",1,38,"Emergency Skills",NY,"167-01 GOTHIC Drive","718-739-5942 x3561",11432
Jamaica,"Bonnie Hershman",,"OUTSIDE 221B",1,38,"Emergency Skills",NY,"167-01 GOTHIC Drive","718-739-5942 x3561",11432
Jamaica,"Bonnie Hershman",,"PSAL ",1,38,"Emergency Skills",NY,"167-01 GOTHIC Drive","718-739-5942 x3561",11432
Jamaica,"Bonnie Hershman",,"PSAL- ",1,38,"Emergency Skills",NY,"167-01 GOTHIC Drive","718-739-5942 x3561",11432
Jamaica,"Bonnie Hershman",,PSAL,1,38,"Emergency Skills",NY,"167-01 GOTHIC Drive","718-739-5942 x3561",11432
Jamaica,"Bonnie Hershman",,,1,38,"Emergency Skills",NY,"167-01 GOTHIC Drive","718-739-5942 x3561",11432
Jamaica,"Mark Delia",718-297-6580,PSAL,1,43,"Emergency Skills",NY,"165-65 84TH AVE",718-297-6580,11432
Jamaica,"Mark Delia",718-297-6580,PSAL,1,43,"Emergency Skills",NY,"165-65 84TH AVE",718-297-6580,11432
Jamaica,"Mark Delia",718-297-6580,"3FL BY ELEVATOR",1,43,"Emergency Skills",NY,"165-65 84TH AVE",718-297-6580,11432
Jamaica,"Mark Delia",718-297-6580,CAFETERIA,1,43,"Emergency Skills",NY,"165-65 84TH AVE",718-297-6580,11432
Jamaica,"Mark Delia",718-297-6580,PSAL,1,43,"Emergency Skills",NY,"165-65 84TH AVE",718-297-6580,11432
Jamaica,"Mark Delia",718-297-6580,PSAL,1,43,"Emergency Skills",NY,"165-65 84TH AVE",718-297-6580,11432
Jamaica,"Mark Delia",718-297-6580,"PSAL ",1,43,"Emergency Skills",NY,"165-65 84TH AVE",718-297-6580,11432
Jamaica,"Mark Delia",718-297-6580,"PSAL ",1,43,"Emergency Skills",NY,"165-65 84TH AVE",718-297-6580,11432
Jamaica,"Mark Delia",718-297-6580,"PSAL ",1,43,"Emergency Skills",NY,"165-65 84TH AVE",718-297-6580,11432
Jamaica,"Mark Delia",718-297-6580,"PSAL ",1,43,"Emergency Skills",NY,"165-65 84TH AVE",718-297-6580,11432
Jamaica,"Mark Delia",718-297-6580,"MAIN LOBBY",1,43,"Emergency Skills",NY,"165-65 84TH AVE",718-297-6580,11432
Jamaica,"Mark Delia",718-297-6580,G41,1,43,"Emergency Skills",NY,"165-65 84TH AVE",718-297-6580,11432
Jamaica,"Mark Delia",718-297-6580,"PSAL ",1,43,"Emergency Skills",NY,"165-65 84TH AVE",718-297-6580,11432
Jamaica,"Mark Delia",718-297-6580,PSAL,1,43,"Emergency Skills",NY,"165-65 84TH AVE",718-297-6580,11432
Jamaica,"Mark Delia",718-297-6580,,1,43,"Emergency Skills",NY,"165-65 84TH AVE",718-297-6580,11432
Jamaica,"Ghandi Moussa",718-739-8080,"MAIN LOBBY",1,3,"Emergency Skills",NY,"150-91 87 Road",718-739-8080,11432
Jamaica,"Greg Reo","(718) 657-3181","PSAL ",1,18,"Emergency Skills",NY,"94-50 159th Street","(718) 657-3181",11433
Jamaica,"Greg Reo","(718) 657-3181","OUTSIDE MAIN OFFICE",1,18,"Emergency Skills",NY,"94-50 159th Street","(718) 657-3181",11433
Jamaica,"Greg Reo","(718) 657-3181","PSAL- ",1,18,"Emergency Skills",NY,"94-50 159th Street","(718) 657-3181",11433
Jamaica,"Greg Reo","(718) 657-3181","PSAL- ",1,18,"Emergency Skills",NY,"94-50 159th Street","(718) 657-3181",11433
Jamaica,"Diahann Malcolm",718-977-4800,"In hall of 752 Outside Rm 163",1,11,"Emergency Skills",NY,"116-25 GUY BREWER BLVD","718 977-4800",11434
Jamaica,"Diahann Malcolm",718-977-4800,"Main lobby",1,11,"Emergency Skills",NY,"116-25 GUY BREWER BLVD","718 977-4800",11434
Jamaica,"Diahann Malcolm",718-977-4800,PSAL,1,11,"Emergency Skills",NY,"116-25 GUY BREWER BLVD","718 977-4800",11434
Jamaica,"Diahann Malcolm",718-977-4800,PSAL,1,11,"Emergency Skills",NY,"116-25 GUY BREWER BLVD","718 977-4800",11434
Jamaica,"Diahann Malcolm",718-977-4800,,1,11,"Emergency Skills",NY,"116-25 GUY BREWER BLVD","718 977-4800",11434
Jamaica,"Diahann Malcolm",718-977-4800,,1,11,"Emergency Skills",NY,"116-25 GUY BREWER BLVD","718 977-4800",11434
Jamaica,"Diahann Malcolm",718-977-4800,,1,11,"Emergency Skills",NY,"116-25 GUY BREWER BLVD","718 977-4800",11434
QUEENS,"AVIONNE GUMBS",1,"Main Office",1,4,"Emergency Skills",NY,"109-20 Union Hall Street",718-725-0402,11433
"Springfield Gardens","Maxine Cameron",718-525-1670,"Main Lobby",1,17,"Emergency Skills",NY,"121-15 Lucas Street",718-525-1670,11413
"Queens Village","VINCENT GATTO",718-465-6283,"Main Entrance",1,12,"Emergency Skills",NY,"91-37 222ND ST",718-465-6283,11428
"Queens Village","VINCENT GATTO",718-465-6283,"4th Floor Outside Rm 407",1,12,"Emergency Skills",NY,"91-37 222ND ST",718-465-6283,11428
"Queens Village","Esther Farrell",718-465-6818,"Main Lobby",1,8,"Emergency Skills",NY,"104-12 Springfield Boulevard",718-465-6818,11429
Hollis,"Cora Garrigan",718-465-6820,Transportable,1,1,"Emergency Skills",NY,"191-02 90 Avenue",718-465-6820,11423
Hollis,"Cora Garrigan",718-465-6820,"Main Entrance",1,1,"Emergency Skills",NY,"191-02 90 Avenue",718-465-6820,11423
"St. Albans"," Sharon Thompson",718-528-1862,"MAIN ENT TRANSPORTABLE",1,8,"Emergency Skills",NY,"187-01 FOCH BLVD","718-528-1862 -211",11412
"St. Albans"," Sharon Thompson",718-528-1862,"MAIN LOBBY",1,8,"Emergency Skills",NY,"187-01 FOCH BLVD","718-528-1862 -211",11412
Jamaica,"Cheryl Jones",718-528-5399,"Main Entrance",1,9,"Emergency Skills",NY,"179-37 137 Avenue",718-528-5399,11434
Rosedale,"Cassandra Hundley",718-528-2276,"Main Entrance",1,9,"Emergency Skills",NY,"135-21 241 Street",718-528-2276,11422
Jamaica,"Donna Santana Beato",718-528-2238,"MAIN LOBBY",1,16,"Emergency Skills",NY,"178-37 146 TERRACE",718-528-2238,11434
"Springfield Gardens","Sandi Gershowitz",718-527-3501,"Main Lobby",1,8,"Emergency Skills",NY,"132-55 Ridgedale Street",718-527-3501,11413
Jamaica," Noel Simms","718-739-0007, x180","MAIN ENTRANCE",1,1,"Emergency Skills",NY,"179-01 90 Avenue",718-739-0007,11432
"Queens Village","Scott Zachweija",718-465-0651,"Main Lobby",1,13,"Emergency Skills",NY,"213-10 92 Avenue",718-465-0651,11428
"Queens Village","Scott Zachweija",718-465-0651,"RM 307A",1,13,"Emergency Skills",NY,"213-10 92 Avenue",718-465-0651,11428
"Queens Village","Scott Zachweija",718-465-0651,"5th Floor Gym",1,13,"Emergency Skills",NY,"213-10 92 Avenue",718-465-0651,11428
Jamaica," Belinda Williams",718-526-4798,"MAIN ENTRANCE",1,18,"Emergency Skills",NY,"107-25 Wren Place",718-526-4798,11433
Jamaica," Belinda Williams",718-526-4798,"Outside Room 407",1,18,"Emergency Skills",NY,"107-25 Wren Place",718-526-4798,11433
Hollis,"Annette Davis",,"MAIN ENT",1,19,"Emergency Skills",NY,"190-20 109 Road","718 465-5538",11412
Jamaica,,718-739-4229,"Main Entrance",1,1,"Emergency Skills",NY,"170-45 84 AVENUE",718-739-4229,11432
"Springfield Gardens","Ryan Branch",,"Main Entrance",1,16,"Emergency Skills",NY,"132-15 218 Street",718-528-5734,11413
Hollis,"Lorraine Panasci",718-464-5544,"MAIN ENT",1,10,"Emergency Skills",NY,"203-06 109 AVENUE",718-464-5544,11412
"Queens Village","SHEILA KUTNER","718 464 2119","BY SCHOOL SAFETY MAINTENANCE",1,33,"Emergency Skills",NY,"207-11 89 AVE",1-718-464-2119,11427
"Queens Village","SHEILA KUTNER","718 464 2119","ACROSS FROM ROOM 231",1,33,"Emergency Skills",NY,"207-11 89 AVE",1-718-464-2119,11427
"Queens Village","SHEILA KUTNER","718 464 2119","OUTSIDE 320",1,33,"Emergency Skills",NY,"207-11 89 AVE",1-718-464-2119,11427
"St. Albans","Doreen Peart",718-465-2286,"Main Entrance",1,6,"Emergency Skills",NY,"201-15 115 Avenue",718-465-2286,11412
Rosedale,"KIM JOHNSON",718-528-9053,"MAIN LOBBY",1,,"Emergency Skills",NY,"251-11 Weller Avenue",718-528-9053,11422
Rosedale,"KIM JOHNSON",718-528-9053,"Main Office 2nd Floor",1,,"Emergency Skills",NY,"251-11 Weller Avenue",718-528-9053,11422
"Cambria Heights",,718-528-2420,"MAIN LOBBY",1,1,"Emergency Skills",NY,"218-01 116 Avenue",718-528-2420,11411
"Springfield Gardens"," Andre Williams",718-528-9173,"MAIN LOBBY",1,21,"Emergency Skills",NY,"229-02 137 Avenue",718-528-9173,11413
"Cambria Heights","BENITA DRAPER",718-525-4057,"MAIN ENTRANCE",1,11,"Emergency Skills",NY,"120-45 235 Street",718-525-4057,11411
"Springfield Gardens","Simone Brown",718-528-5807,"MAIN LOBBY",1,12,"Emergency Skills",NY,"148-15 230 STREET",718-528-5807,11413
"St. Albans"," Christopher Irving",718-479-5543,"Main Entrance",1,3,"Emergency Skills",NY,"109-89 204 Street",718-479-5540,11412
"St. Albans"," Christopher Irving",718-479-5543,"Across from Rm 414",1,3,"Emergency Skills",NY,"109-89 204 Street",718-479-5540,11412
Rosedale,"Delores Williamson",718-723-0313,"MAIN LOBBY",1,12,"Emergency Skills",NY,"253-50 149 Avenue",718-723-0313,11422
"Glen Oaks","JAMES PHILEMY","(718) 468-6420","Main Entrance",1,12,"Emergency Skills",NY,"74-30 Commonwealth Boulevard","(718) 468-6420",11426
"Glen Oaks","JAMES PHILEMY","(718) 468-6420","Outside Room 218",1,12,"Emergency Skills",NY,"74-30 Commonwealth Boulevard","(718) 468-6420",11426
Laurelton,"Anthony Pignataro",718-341-8280,"Main Entrance",1,,"Emergency Skills",NY,"145-00 Springfield Boulevard",718-341-8280,11413
Hollis,"Mitchell  Wiener","718-297-9821, x194","3rd Floor - Outside Room 339",1,6,"Emergency Skills",NY,"88-15 182 Street","718-297-9821, x194",11423
Hollis,"Mitchell  Wiener","718-297-9821, x194","Main Floor",1,6,"Emergency Skills",NY,"88-15 182 Street","718-297-9821, x194",11423
"Springfield Gardens","Twanna Hutchinson",718-276-2745,"MAIN LOBBY",1,8,"Emergency Skills",NY,"144-51 Arthur Street",718-276-2745,11413
"St. Albans",,,GYM,1,11,"Emergency Skills",NY,"109-89 204 ST",718-454-4957,11412
"St. Albans",,,,1,11,"Emergency Skills",NY,"109-89 204 ST",718-454-4957,11412
Jamaica,"Wilburn Smith",(718)206-3240,"4TH FLOOR NEAR GYM",1,24,"Emergency Skills",NY,"92-07 175th Street","(718) 206-3240",11433
Jamaica,"Wilburn Smith",(718)206-3240,"MAIN ENT",1,24,"Emergency Skills",NY,"92-07 175th Street","(718) 206-3240",11433
Rosedale,"JOANNA NIX",7183418042,"2 Fl @ Gym Entrance in hall",1,21,"Emergency Skills",NY,"233-15 MERRICK BLVD.",7183418280,11422
Rosedale,"JOANNA NIX",7183418042,"Main Lobby",1,21,"Emergency Skills",NY,"233-15 MERRICK BLVD.",7183418280,11422
"Springfield Gardens","VALERIE CRAWFORD",718-525-6439,PSAL,1,21,"Emergency Skills",NY,"143-10 SPRINGFIELD BLVD",718-525-6439,11413
"Springfield Gardens","VALERIE CRAWFORD",718-525-6439,"MAIN LOBBY",1,21,"Emergency Skills",NY,"143-10 SPRINGFIELD BLVD",718-525-6439,11413
"Springfield Gardens","VALERIE CRAWFORD",718-525-6439,PSAL,1,21,"Emergency Skills",NY,"143-10 SPRINGFIELD BLVD",718-525-6439,11413
"Springfield Gardens","VALERIE CRAWFORD",718-525-6439,"PSAL- ",1,21,"Emergency Skills",NY,"143-10 SPRINGFIELD BLVD",718-525-6439,11413
"Springfield Gardens","VALERIE CRAWFORD",718-525-6439,"PSAL ",1,21,"Emergency Skills",NY,"143-10 SPRINGFIELD BLVD",718-525-6439,11413
"Springfield Gardens","VALERIE CRAWFORD",718-525-6439,"PSAL- ",1,21,"Emergency Skills",NY,"143-10 SPRINGFIELD BLVD",718-525-6439,11413
"Springfield Gardens","VALERIE CRAWFORD",718-525-6439,"PSAL ",1,21,"Emergency Skills",NY,"143-10 SPRINGFIELD BLVD",718-525-6439,11413
"Springfield Gardens","VALERIE CRAWFORD",718-525-6439,"PSAL- ",1,21,"Emergency Skills",NY,"143-10 SPRINGFIELD BLVD",718-525-6439,11413
"Springfield Gardens","VALERIE CRAWFORD",718-525-6439,"PSAL- ",1,21,"Emergency Skills",NY,"143-10 SPRINGFIELD BLVD",718-525-6439,11413
"Springfield Gardens","VALERIE CRAWFORD",718-525-6439,"PSAL- ",1,21,"Emergency Skills",NY,"143-10 SPRINGFIELD BLVD",718-525-6439,11413
"Springfield Gardens","VALERIE CRAWFORD",718-525-6439," ",1,21,"Emergency Skills",NY,"143-10 SPRINGFIELD BLVD",718-525-6439,11413
"Springfield Gardens","VALERIE CRAWFORD",718-525-6439,,1,21,"Emergency Skills",NY,"143-10 SPRINGFIELD BLVD",718-525-6439,11413
"Cambria Heights","Krystal Blythe",718-978-2135,"PSAL ",1,6,"Emergency Skills",NY,"207-01 116 Avenue","718-978-2135 x1360",11411
"Cambria Heights","Krystal Blythe",718-978-2135,"PSAL  ",1,6,"Emergency Skills",NY,"207-01 116 Avenue","718-978-2135 x1360",11411
"Cambria Heights","Krystal Blythe",718-978-2135,"PSAL ",1,6,"Emergency Skills",NY,"207-01 116 Avenue","718-978-2135 x1360",11411
"Cambria Heights","Krystal Blythe",718-978-2135,"PSAL ",1,6,"Emergency Skills",NY,"207-01 116 Avenue","718-978-2135 x1360",11411
"Cambria Heights","Krystal Blythe",718-978-2135,"2nd FLOOR OUTSIDE RM 226",1,6,"Emergency Skills",NY,"207-01 116 Avenue","718-978-2135 x1360",11411
"Cambria Heights","Krystal Blythe",718-978-2135,"PSAL ",1,6,"Emergency Skills",NY,"207-01 116 Avenue","718-978-2135 x1360",11411
"Cambria Heights","Krystal Blythe",718-978-2135,"PSAL  ",1,6,"Emergency Skills",NY,"207-01 116 Avenue","718-978-2135 x1360",11411
"Cambria Heights","Krystal Blythe",718-978-2135,"Main Entrance",1,6,"Emergency Skills",NY,"207-01 116 Avenue","718-978-2135 x1360",11411
"Cambria Heights","Krystal Blythe",718-978-2135,"PSAL- ",1,6,"Emergency Skills",NY,"207-01 116 Avenue","718-978-2135 x1360",11411
"Cambria Heights","Krystal Blythe",718-978-2135,"PSAL ",1,6,"Emergency Skills",NY,"207-01 116 Avenue","718-978-2135 x1360",11411
"Cambria Heights","Krystal Blythe",718-978-2135,"PSAL  ",1,6,"Emergency Skills",NY,"207-01 116 Avenue","718-978-2135 x1360",11411
"Cambria Heights","Krystal Blythe",718-978-2135,"3 FLOOR OUTSIDE RM 318A",1,6,"Emergency Skills",NY,"207-01 116 Avenue","718-978-2135 x1360",11411
"Cambria Heights","Krystal Blythe",718-978-2135,PSAL,1,6,"Emergency Skills",NY,"207-01 116 Avenue","718-978-2135 x1360",11411
"St. Albans","Michelle Rudea",718-224-8060,"Corridor across from main office",1,7,"Emergency Skills",NY,"114-36 202ND ST",718-224-8060,11412
"Jackson Heights","Rona Schwartz","718 728 1459","MAIN ENTRANCE",1,11,"Emergency Skills",NY,"75-10 21 Avenue","718 728 1459",11370
"Long Island City","Gail Altan",718-278-7054,"MAIN ENT",1,9,"Emergency Skills",NY,"45-11 31 Avenue","718 278-7054",11103
"Long Island City","Gail Altan",718-278-7054,"3rd Floor Near Rm 320",1,9,"Emergency Skills",NY,"45-11 31 Avenue","718 278-7054",11103
Woodside,"Carmen Pezzullo",,"MAIN LOBBY",1,12,"Emergency Skills",NY,"54-25 Skillman Avenue","718 779-2090",11377
"Long Island City","FRANCINE MARSAGGI",718-278-1220,"MAIN ENTRANCE",1,10,"Emergency Skills",NY,"28-37 29th Street",718-278-1220,11102
"Long Island City","FRANCINE MARSAGGI",718-278-1220,,1,10,"Emergency Skills",NY,"28-37 29th Street",718-278-1220,11102
"Jackson Heights","Voula Wells",718-424-7700,"Main Entrance",1,9,"Emergency Skills",NY,"77-02 37 Avenue",718-424-7700,11372
"Jackson Heights","Voula Wells",718-424-7700,"Outside Room 407",1,9,"Emergency Skills",NY,"77-02 37 Avenue",718-424-7700,11372
"Long Island City","Mariza Cerff",,"MAIN LOBBY",1,12,"Emergency Skills",NY,"30-45 42 Street",718-728-4646,11103
"Long Island City","Mariza Cerff",,"4th Floor next to Library",1,12,"Emergency Skills",NY,"30-45 42 Street",718-728-4646,11103
"Long Island City","Mariza Cerff",,"Mini Building",1,12,"Emergency Skills",NY,"30-45 42 Street",718-728-4646,11103
"Long Island City","Leonardo Divittiorio",,"MAIN LOBBY",1,12,"Emergency Skills",NY,"36-36 10 Street","718 361-7464",11106
"Long Island City","EILEEN MCCANN",718-392-5435,"MAIN ENTRANCE BY SCHOOL SAFETY",1,1,"Emergency Skills",NY,"48-09 Center Blvd",718-392-5402,11101
"Long Island City","John Buffa","(718) 278-1915","MAIN ENT",1,11,"Emergency Skills",NY,"22-45 41 Street",718-278-1915,11105
"Long Island City","John Buffa","(718) 278-1915","Outside Room 303A",1,11,"Emergency Skills",NY,"22-45 41 Street",718-278-1915,11105
"Long Island City","Maria Samolis",718-278-3630,"Outside Annex T-4",1,9,"Emergency Skills",NY,"23-70 31 Street",7182783630,11105
"Long Island City","Maria Samolis",718-278-3630,"Main Entrance",1,9,"Emergency Skills",NY,"23-70 31 Street",7182783630,11105
Corona,"MARGARET KANE",718-533-1013,"REMOTE UNIT",1,12,"Emergency Skills",NY,"99-01 34 Avenue",718-533-1013,11368
Corona,"MARGARET KANE",718-533-1013,SSA,1,12,"Emergency Skills",NY,"99-01 34 Avenue",718-533-1013,11368
Corona,"MARGARET KANE",718-533-1013,"4th Floor",1,12,"Emergency Skills",NY,"99-01 34 Avenue",718-533-1013,11368
"Long Island City","Brianne Nagel","(718) 391-8379","MAIN LOBBY",1,12,"Emergency Skills",NY,"37-15 13TH ST","718 786-2073",11101
"Long Island City","Jean Little",,"Main Lobby",1,10,"Emergency Skills",NY,"25-05 37 Avenue",718-784-5250,11101
"Long Island City","Jean Little",,"Outside Gym",1,10,"Emergency Skills",NY,"25-05 37 Avenue",718-784-5250,11101
Astoria,"Brian Kasper ",718-721-6410,"MAIN LOBBY",1,16,"Emergency Skills",NY,"21-21 DITMARS BLVD",718-721-6410,11105
Astoria,"Brian Kasper ",718-721-6410,"Room 552",1,16,"Emergency Skills",NY,"21-21 DITMARS BLVD",718-721-6410,11105
"Long Island City","Jose Pacheco","(718) 274-8316","Main Lobby",1,11,"Emergency Skills",NY,"31-51 21ST ST",718-274-8316,11106
"Long Island City","Jose Pacheco","(718) 274-8316","Outside Room 412",1,11,"Emergency Skills",NY,"31-51 21ST ST",718-274-8316,11106
"East Elmhurst","Paul J. Didio",,"MAIN LOBBY",1,11,"Emergency Skills",NY,"98-01 25 Avenue","718 446-4700",11369
"East Elmhurst","Paul J. Didio",,"3rd Floor Outside Room 317",1,11,"Emergency Skills",NY,"98-01 25 Avenue","718 446-4700",11369
"Long Island City","LORI ADAMO",718-278-6403,"Outside Room 205",1,13,"Emergency Skills",NY,"37-11 21 Avenue",718-278-6403,11105
"Long Island City","LORI ADAMO",718-278-6403,"Main Entrance",1,13,"Emergency Skills",NY,"37-11 21 Avenue",718-278-6403,11105
"Jackson Heights","ANDREW BRENNAN",718-457-1242,"Main Entrance",1,12,"Emergency Skills",NY,"33-34 80 Street",718-457-1242,11372
"Jackson Heights","ANDREW BRENNAN",718-457-1242,"3rd Floor",1,12,"Emergency Skills",NY,"33-34 80 Street",718-457-1242,11372
"Jackson Heights","ANDREW BRENNAN",718-457-1242,"3rd Floor, Room 323",1,12,"Emergency Skills",NY,"33-34 80 Street",718-457-1242,11372
"East Elmhurst","DIANE ALLISON",718-898-8181,"OUTSIDE RM 315",1,8,"Emergency Skills",NY,"89-02 32 Avenue",718-898-8181,11369
"East Elmhurst","DIANE ALLISON",718-898-8181,"MAIN ENT",1,8,"Emergency Skills",NY,"89-02 32 Avenue",718-898-8181,11369
"Jackson Heights","Chris Halkias",,"4th fl. gym",1,9,"Emergency Skills",NY,"93-11 34 Avenue","718 898-3630",11372
"Jackson Heights","Chris Halkias",,"MAIN ENTRANCE",1,9,"Emergency Skills",NY,"93-11 34 Avenue","718 898-3630",11372
"Long Island City","TESSA ALLEYNE","(718) 784-7819","Main Entrance",1,18,"Emergency Skills",NY,"40-01 43 Avenue","(718) 784-7819",11104
"Long Island City","TESSA ALLEYNE","(718) 784-7819","Outside Room 360",1,18,"Emergency Skills",NY,"40-01 43 Avenue","(718) 784-7819",11104
Woodside,"Belinda  Sulyma","(718) 728-2676",Main,1,11,"Emergency Skills",NY,"50-05 31 Avenue","(718) 728-2676",11377
Woodside,"Lisa Barry-Black","718 429 3141","BY MAIN ENTRANCE",1,20,"Emergency Skills",NY,"33-52 62 Street","(718) 429 3141",11377
Woodside,"Lisa Barry-Black","718 429 3141","OUTSIDE 324",1,20,"Emergency Skills",NY,"33-52 62 Street","(718) 429 3141",11377
"Long Island City","Dov Witkes",718-786-6703,"Main Entrance",1,13,"Emergency Skills",NY,"33-09 35 Avenue","718 786-6703",11106
"Long Island City","Dov Witkes",718-786-6703,"GYM 3rd Floor",1,13,"Emergency Skills",NY,"33-09 35 Avenue","718 786-6703",11106
"Long Island City","ANN DILEO",718-932-0909,"Main Office",1,4,"Emergency Skills",NY,"14-14 29 Avenue","718 932-0909",11102
"Long Island City","Sal Restivo",718-937-1463,"Main Entrance",1,14,"Emergency Skills",NY,"36-41 28 Street","718 937-1463",11106
"Long Island City","Sal Restivo",718-937-1463,"3RD FLOOR OUTSIDE RM 322",1,14,"Emergency Skills",NY,"36-41 28 Street","718 937-1463",11106
"Jackson Heights","Lori Goldman",718-898-6973,"main  entrance by school safety",1,26,"Emergency Skills",NY,"34-25 82 Street",718-898-6973,11372
"Jackson Heights","Lori Goldman",718-898-6973,"Sub Cellar - By Gym Office",1,26,"Emergency Skills",NY,"34-25 82 Street",718-898-6973,11372
"Jackson Heights","Lori Goldman",718-898-6973,"Third Floor - Across from Rm 308",1,26,"Emergency Skills",NY,"34-25 82 Street",718-898-6973,11372
"Jackson Heights","Iris Manners","718 429 2563","Main Lobby",1,12,"Emergency Skills",NY,"86-15 37 Avenue","718 429 2563",11372
Corona,"Tom O'Brien","(718) 335-7500","MAIN LOBBY",1,12,"Emergency Skills",NY,"32-02 Junction Boulevard","(718) 335-7500",11369
Corona,"Tom O'Brien","(718) 335-7500","2nd Floor Outside Gym",1,12,"Emergency Skills",NY,"32-02 Junction Boulevard","(718) 335-7500",11369
"East Elmhurst","Aravely Brhjac",,"MAIN ENT",1,10,"Emergency Skills",NY,"32-80 93 Street","718 899-5799",11369
"Jackson Heights","Ronald Zirin","718 335-7648","Main lobby",1,10,"Emergency Skills",NY,"73-10 34 Avenue","718 335-7648",11372
"Jackson Heights","Ronald Zirin","718 335-7648","4TH FLOOR GYM",1,10,"Emergency Skills",NY,"73-10 34 Avenue","718 335-7648",11372
Astoria,"LYNN ESKIN",718-932-5650,"Main Lobby next to security desk",1,21,"Emergency Skills",NY,"30-14 30th Street  ",718-932-5650,11102
"Long Island City","CARMEN RIVERA","718 932 5876","4 fl by elevators",1,12,"Emergency Skills",NY,"30-14 30th Street","718 932 5876",11102
"Long Island City","GUY YACOVONE",718-721-5404,PSAL,1,43,"Emergency Skills",NY,"48-10 31 AVE",718-721-5404,11103
"Long Island City","GUY YACOVONE",718-721-5404,PSAL,1,43,"Emergency Skills",NY,"48-10 31 AVE",718-721-5404,11103
"Long Island City","GUY YACOVONE",718-721-5404,PSAL,1,43,"Emergency Skills",NY,"48-10 31 AVE",718-721-5404,11103
"Long Island City","GUY YACOVONE",718-721-5404,PSAL,1,43,"Emergency Skills",NY,"48-10 31 AVE",718-721-5404,11103
"Long Island City","GUY YACOVONE",718-721-5404,PSAL,1,43,"Emergency Skills",NY,"48-10 31 AVE",718-721-5404,11103
"Long Island City","GUY YACOVONE",718-721-5404,PSAL,1,43,"Emergency Skills",NY,"48-10 31 AVE",718-721-5404,11103
"Long Island City","GUY YACOVONE",718-721-5404,"MAIN ENTRANCE",1,43,"Emergency Skills",NY,"48-10 31 AVE",718-721-5404,11103
"Long Island City","GUY YACOVONE",718-721-5404,PSAL,1,43,"Emergency Skills",NY,"48-10 31 AVE",718-721-5404,11103
"Long Island City","GUY YACOVONE",718-721-5404,PSAL,1,43,"Emergency Skills",NY,"48-10 31 AVE",718-721-5404,11103
"Long Island City","GUY YACOVONE",718-721-5404,"PSAL- ",1,43,"Emergency Skills",NY,"48-10 31 AVE",718-721-5404,11103
"Long Island City","GUY YACOVONE",718-721-5404,PSAL-,1,43,"Emergency Skills",NY,"48-10 31 AVE",718-721-5404,11103
"Long Island City","GUY YACOVONE",718-721-5404,PSAL-,1,43,"Emergency Skills",NY,"48-10 31 AVE",718-721-5404,11103
"Long Island City","GUY YACOVONE",718-721-5404,PSAL-,1,43,"Emergency Skills",NY,"48-10 31 AVE",718-721-5404,11103
"Long Island City","GUY YACOVONE",718-721-5404,PSAL,1,43,"Emergency Skills",NY,"48-10 31 AVE",718-721-5404,11103
"Long Island City","GUY YACOVONE",718-721-5404,PSAL,1,43,"Emergency Skills",NY,"48-10 31 AVE",718-721-5404,11103
"Long Island City","GUY YACOVONE",718-721-5404,"PSAL ",1,43,"Emergency Skills",NY,"48-10 31 AVE",718-721-5404,11103
"Long Island City","John Billera",718-361-9920,PSAL,1,6,"Emergency Skills",NY,"30-20 Thompson Avenue",718-361-9920,11101
"Long Island City","John Billera",718-361-9920,"7TH Floor - Behind Security Desk",1,6,"Emergency Skills",NY,"30-20 Thompson Avenue",718-361-9920,11101
"Long Island City","John Billera",718-361-9920,PSAL,1,6,"Emergency Skills",NY,"30-20 Thompson Avenue",718-361-9920,11101
"Long Island City","John Billera",718-361-9920,"MAIN ENTRANCE 6th Floor",1,6,"Emergency Skills",NY,"30-20 Thompson Avenue",718-361-9920,11101
"Long Island City","John Billera",718-361-9920,PSAL,1,6,"Emergency Skills",NY,"30-20 Thompson Avenue",718-361-9920,11101
"Long Island City","John Billera",718-361-9920,PSAL,1,6,"Emergency Skills",NY,"30-20 Thompson Avenue",718-361-9920,11101
"Long Island City","Sean Kilian",914-951-4140,"MAIN LOBBY",1,33,"Emergency Skills",NY,"21-16 44TH ROAD",718-937-4270,11101
"Long Island City","Sean Kilian",914-951-4140,"OUTSIDE RM 408",1,33,"Emergency Skills",NY,"21-16 44TH ROAD",718-937-4270,11101
"Long Island City","Sean Kilian",914-951-4140,PSAL,1,33,"Emergency Skills",NY,"21-16 44TH ROAD",718-937-4270,11101
"Long Island City","Sean Kilian",914-951-4140,PSAL,1,33,"Emergency Skills",NY,"21-16 44TH ROAD",718-937-4270,11101
"Long Island City","Sean Kilian",914-951-4140,,1,33,"Emergency Skills",NY,"21-16 44TH ROAD",718-937-4270,11101
"Long Island City","Sean Kilian",914-951-4140,,1,33,"Emergency Skills",NY,"21-16 44TH ROAD",718-937-4270,11101
"Long Island City","Kim Marsh",718-349-4000,,1,9,"Emergency Skills",NY,"31-10 Thomson Ave",718-349-4000,11101
"Long Island City","Kim Marsh",718-349-4000,"MAIN ENTRANCE - 1st Floor",1,9,"Emergency Skills",NY,"31-10 Thomson Ave",718-349-4000,11101
"Long Island City","Harold Vega",718-482-5447,,1,10,"Emergency Skills",NY,"31-10 THOMSON AVE",718-482-5455,11101
"Long Island City","Donna Delfyette-White",,PSAL,1,34,"Emergency Skills",NY,"28-01 41 Avenue","718 937-6005",11101
"Long Island City","Donna Delfyette-White",,PSAL,1,34,"Emergency Skills",NY,"28-01 41 Avenue","718 937-6005",11101
"Long Island City","Donna Delfyette-White",,PSAL,1,34,"Emergency Skills",NY,"28-01 41 Avenue","718 937-6005",11101
"Long Island City","Donna Delfyette-White",,"2 FL GYM",1,34,"Emergency Skills",NY,"28-01 41 Avenue","718 937-6005",11101
"Long Island City","Donna Delfyette-White",,"FRONT LOBBY BY SCHOOL SAFETY",1,34,"Emergency Skills",NY,"28-01 41 Avenue","718 937-6005",11101
"Long Island City","Donna Delfyette-White",,PSAL-,1,34,"Emergency Skills",NY,"28-01 41 Avenue","718 937-6005",11101
"Long Island City","Donna Delfyette-White",,PSAL-,1,34,"Emergency Skills",NY,"28-01 41 Avenue","718 937-6005",11101
"Long Island City","Donna Delfyette-White",,PSAL,1,34,"Emergency Skills",NY,"28-01 41 Avenue","718 937-6005",11101
"Long Island City","Donna Delfyette-White",,PSAL,1,34,"Emergency Skills",NY,"28-01 41 Avenue","718 937-6005",11101
"Long Island City","Jullia Noboa",718-361-5275,"Main Entrance",1,10,"Emergency Skills",NY,"34-12 36th AVENUE",718-361-5275,11106
"Long Island City","Jullia Noboa",718-361-5275,"Outside of Gym",1,10,"Emergency Skills",NY,"34-12 36th AVENUE",718-361-5275,11106
"Long Island City","Jullia Noboa",718-361-5275,PSAL,1,10,"Emergency Skills",NY,"34-12 36th AVENUE",718-361-5275,11106
"Long Island City","Jullia Noboa",718-361-5275,PSAL,1,10,"Emergency Skills",NY,"34-12 36th AVENUE",718-361-5275,11106
"Staten Island","Dianne Alvaro",718-984-0960,"Near Gym",1,9,"Emergency Skills",NY,"58 Summit Street",718-984-0960,10307
"Staten Island","Dianne Alvaro",718-984-0960,"Main Entrance",1,9,"Emergency Skills",NY,"58 Summit Street",718-984-0960,10307
"Staten Island","Adam Newman","(718) 987-5336","MAIN ENTRANCE",1,,"Emergency Skills",NY,"333 Midland Avenue",718-987-5336,10306
"Staten Island","Adam Newman","(718) 987-5336","Outside First Floor Gym",1,,"Emergency Skills",NY,"333 Midland Avenue",718-987-5336,10306
"Staten Island","Toni Gabrieli","(718) 984-1021","Main Entrance",1,14,"Emergency Skills",NY,"80 South Goff Avenue","(718) 984-1021",10309
"Staten Island","SUZANNE DIMITRI",718-984-1197,"3rd. Flr. Outside Rm. 309C",1,11,"Emergency Skills",NY,"200 NEDRA PLACE",718-984-1197,10312
"Staten Island","SUZANNE DIMITRI",718-984-1197,"MAIN ENTRANCE",1,11,"Emergency Skills",NY,"200 NEDRA PLACE",718-984-1197,10312
"Staten Island","Maureen Accordo",,"Main Entrance",1,8,"Emergency Skills",NY,"348  DEISIUS ST",718-984-2233,10312
"Staten Island","Barbara Weaver",718-356-4789,"MAIN ENTRANCE",1,1,"Emergency Skills",NY,"555 Page Avenue",718-356-4789,10307
"Staten Island","Jennifer Gibbons",718-356-2314,"Outside Room 346",1,12,"Emergency Skills",NY,"1270 Huguenot Avenue",718-356-2314,10312
"Staten Island","Jennifer Gibbons",718-356-2314,"MAIN ENTRANCE",1,12,"Emergency Skills",NY,"1270 Huguenot Avenue",718-356-2314,10312
"Staten Island","Eveline Melis","(718) 356-2800","Main Entrance",1,2,"Emergency Skills",NY,"112 LINDENWOOD ROAD",718-356-2800,10308
"Staten Island","Karen Gubnitsky",718-979-1030,"Main Entrance",1,6,"Emergency Skills",NY,"50 Jefferson Street",718-979-1030,10304
"Staten Island","Alice DeJesus","(718) 447-1462","MAIN ENTRANCE",1,7,"Emergency Skills",NY,"191 Vermont Avenue",718-447-1462,10305
"Staten Island","Alice DeJesus","(718) 447-1462","Room 217A",1,7,"Emergency Skills",NY,"191 Vermont Avenue",718-447-1462,10305
"Staten Island","Barbara DellaSalla","718 727 0985","Main Entrance",1,8,"Emergency Skills",NY,"100 Tompkins Ave","718 727 0985",10304
"Staten Island","Barbara DellaSalla","718 727 0985","2nd Floor Outside Rm 228",1,8,"Emergency Skills",NY,"100 Tompkins Ave","718 727 0985",10304
"Staten Island","FRANK CAMPAGNA, AP","718-447-0124 ","MAIN ENTRANCE",1,13,"Emergency Skills",NY,"80 Monroe Street","718-447-0124 ",10301
"Staten Island","FRANK CAMPAGNA, AP","718-447-0124 ","Annex - Main Entrance",1,13,"Emergency Skills",NY,"80 Monroe Street","718-447-0124 ",10301
"Staten Island","FRANK CAMPAGNA, AP","718-447-0124 ","3RD FLOOR OUTSIDE AUT.",1,13,"Emergency Skills",NY,"80 Monroe Street","718-447-0124 ",10301
"Staten Island","Joanne Carroll",718-442-0216,"Main Entrance",1,5,"Emergency Skills",NY,"221 Broadway",718-442-0216,10310
"Staten Island","Joanne Carroll",718-442-0216,"Outside Rm. 16",1,5,"Emergency Skills",NY,"221 Broadway",718-442-0216,10310
"Staten Island","Joanne Vitello",,"Main Entrance",1,13,"Emergency Skills",NY,"780 POST AVE",718-442-3860,10310
"Staten Island","Annette Steenworth",718-842-4110,"Hallway- Annex (new edition)",1,15,"Emergency Skills",NY,"161 Park Avenue",718-842-4110,10302
"Staten Island","Annette Steenworth",718-842-4110,"Main Entrance",1,15,"Emergency Skills",NY,"161 Park Avenue",718-842-4110,10302
"Staten Island","GINA MORENO",718-442-1520,"2Nd. Flr. Outside Auditorium",1,9,"Emergency Skills",NY,"168 HOOKER PL",718-442-1520,10302
"Staten Island","GINA MORENO",718-442-1520,"Main Entrance",1,9,"Emergency Skills",NY,"168 HOOKER PL",718-442-1520,10302
"Staten Island","Rose Kerr",718-442-2219,"Main Entrance",1,3,"Emergency Skills",NY,"1860 Forest Avenue",718-442-2219,10303
"Staten Island","Rose Kerr",718-442-2219,"OUTSIDE AUDITORIUM",1,3,"Emergency Skills",NY,"1860 Forest Avenue",718-442-2219,10303
"Staten Island","Rose Kerr",718-442-2219,"Outside Lunchroom",1,3,"Emergency Skills",NY,"1860 Forest Avenue",718-442-2219,10303
"Staten Island","RENEE MUZZA",718-351-1155,"Main Entrance",1,2,"Emergency Skills",NY,"30 Natick Street",718-351-1155,10306
"Staten Island","RICHARD GILBERTO ",718-356-4200,"OUTSIDE ROOM 432",1,8,"Emergency Skills",NY,"225 Cleveland Avenue","718 356-4200",10308
"Staten Island","RICHARD GILBERTO ",718-356-4200,"Main Entrance",1,8,"Emergency Skills",NY,"225 Cleveland Avenue","718 356-4200",10308
"Staten Island","RICHARD GILBERTO ",718-356-4200,"OUTSIDE Rom 124",1,8,"Emergency Skills",NY,"225 Cleveland Avenue","718 356-4200",10308
"Staten Island","PAUL PROSCIA",781-698-1530,"MAIN ENTRANCE",1,13,"Emergency Skills",NY,"4108 Victory Boulevard",781-698-1530,10314
"Staten Island","Dennis Bellantoni","718 981-8800","Main Entrance",1,14,"Emergency Skills",NY,"11 Clove Lake Place","718 981-8800",10310
"Staten Island","Dennis Bellantoni","718 981-8800","Outside Rm 310",1,14,"Emergency Skills",NY,"11 Clove Lake Place","718 981-8800",10310
"Staten Island","Maryrose Poppe",718-442-2891,"Outside Main Office Room 201",1,9,"Emergency Skills",NY,"1581 Victory Boulevard","718 442-2891",10314
"Staten Island","Maryrose Poppe",718-442-2891,"Outside Rm 113",1,9,"Emergency Skills",NY,"1581 Victory Boulevard","718 442-2891",10314
"Staten Island","Rose Marie Hughes","718 442 0462","2ND FLOOR - Outside Rm 208",1,12,"Emergency Skills",NY,"200 Wardwell Avenue",718-442-0462,10314
"Staten Island","Rose Marie Hughes","718 442 0462","MAIN ENTRANCE",1,12,"Emergency Skills",NY,"200 Wardwell Avenue",718-442-0462,10314
"Staten Island","Rose Marie Hughes","718 442 0462","4TH FLOOR Outside 411",1,12,"Emergency Skills",NY,"200 Wardwell Avenue",718-442-0462,10314
"Staten Island","Annemarie Stone ","(718) 273-3500","MAIN OFFICE TO BE MOVED TO THE LOBBY",1,1,"Emergency Skills",NY,"55 Layton Avenue",718-273-3500,10301
"Staten Island","Eleanor Pesso","(718) 984-1688","Outside Rm. 134",1,13,"Emergency Skills",NY,"32 Elverton Avenue","(718) 984-1688",10308
"Staten Island","Eleanor Pesso","(718) 984-1688","Main Entrance",1,13,"Emergency Skills",NY,"32 Elverton Avenue","(718) 984-1688",10308
"Staten Island","GARY TAMES","(718) 984-0772","OUTSIDE RM 322",1,,"Emergency Skills",NY,"528 ACADEMY STREET",718-984-0772,10307
"Staten Island","GARY TAMES","(718) 984-0772","MAIN ENTRANCE",1,,"Emergency Skills",NY,"528 ACADEMY STREET",718-984-0772,10307
"Staten Island","Margaret Feminella",718-442-3037,"Main Entrance",1,10,"Emergency Skills",NY,"60 Foote Avenue",718-442-3037,10301
"Staten Island","ROSEMARIE FONTANO",718-984-1422,"MAIN ENT ANNEX BUILDING",1,8,"Emergency Skills",NY,"255 IONIA AVE",718-984-1422,10312
"Staten Island","ROSEMARIE FONTANO",718-984-1422,"Main Entrance",1,8,"Emergency Skills",NY,"255 IONIA AVE",718-984-1422,10312
"Staten Island","Mercedes Chow",718-351-1225,"Caboose Behind School (Annex)",1,11,"Emergency Skills",NY,"421 Lincoln Avenue",718-351-1225,10306
"Staten Island","Mercedes Chow",718-351-1225,"Main Entrance",1,11,"Emergency Skills",NY,"421 Lincoln Avenue",718-351-1225,10306
"Staten Island","Geraldine Gargiulo",718-556-1499,"Main Entrance",1,11,"Emergency Skills",NY,"71 SAND LANE","718 447-4543",10305
"Staten Island","Elisa Nagiel",347-563-4685,"MAIN ENTRANCE",1,11,"Emergency Skills",NY,"216 CLAWSON STREET","718 351-6777",10306
"Staten Island","DOLORES DEMAIO",,"MAIN ENTRANCE",1,27,"Emergency Skills",NY,"380 Genesee Avenue",718-984-3800,10312
"Staten Island","DOLORES DEMAIO",,"MAIN ENT",1,27,"Emergency Skills",NY,"380 Genesee Avenue",718-984-3800,10312
"Staten Island","ROBERT PALUMBO",,"MAIN ENTRANCE",1,6,"Emergency Skills",NY,"80 Maple Parkway",718-442-0433,10303
"Staten Island","ROBERT PALUMBO",,"OUTSIDE NURSES OFFICE",1,6,"Emergency Skills",NY,"80 Maple Parkway",718-442-0433,10303
"Staten Island","ROBERT PALUMBO",,"Outside Gym",1,6,"Emergency Skills",NY,"80 Maple Parkway",718-442-0433,10303
"Staten Island","Kim Ollis-Loschiavo","(718) 442-5326","Main Entrance",1,11,"Emergency Skills",NY,"58 Lawrence Avenue",718-442-6123,10310
"Staten Island","Kim Ollis-Loschiavo","(718) 442-5326","Outside Rm 317",1,11,"Emergency Skills",NY,"58 Lawrence Avenue",718-442-6123,10310
"Staten Island","SARA COTTONE","(718) 987-5155","Main Entrance",1,12,"Emergency Skills",NY,"41 Reid Avenue",718-987-5155,10305
"Staten Island","JACQUELINE MAMMOLITO",718-447-8323,"Main Entrance",1,8,"Emergency Skills",NY,"1055 Targee Street",718-447-8323,10304
"Staten Island","JOANNE AGUIRRE",718-727-6040,"Main Entrance",1,15,"Emergency Skills",NY,"101 Warren Street",718-727-6040,10304
"Staten Island","JOANNE AGUIRRE",718-727-6040,"Outside RM 216",1,15,"Emergency Skills",NY,"101 Warren Street",718-727-6040,10304
"Staten Island","ELLEN MARANS","(718) 987-0396","Main Entrance",1,14,"Emergency Skills",NY,"200 Adelaide Avenue","(718) 987-0396",10306
"Staten Island","Diana Hayes",718-981-0502,"2nd Flr. Rm.200",1,11,"Emergency Skills",NY,"20 Houston Street",718-981-0502,10302
"Staten Island","Diana Hayes",718-981-0502,"MAIN ENTRANCE - Willow Brook Rd",1,11,"Emergency Skills",NY,"20 Houston Street",718-981-0502,10302
"Staten Island","Annette Moncada-Asst. Principal",718-351-5454," Main Entrance - Security Desk",1,8,"Emergency Skills",NY,"450 Buel Avenue",718-351-5454,10305
"Staten Island","Annette Moncada-Asst. Principal",718-351-5454,"Outside Rm 300",1,8,"Emergency Skills",NY,"450 Buel Avenue",718-351-5454,10305
"Staten Island","Dean Razzore","(718) 987-8020","Main Entrance",1,11,"Emergency Skills",NY,"330 Durant Avenue",718-987-8020,10308
"Staten Island","KAREN LAROSA",(718)698-0600,"Main Entrance",1,11,"Emergency Skills",NY,"1060 Willowbrook Road",718-698-0600,10314
"Staten Island","Paul Giordano",718-356-2211,"Main Entrance",1,,"Emergency Skills",NY,"54 Osborne Street",718-356-2211,10312
"Staten Island","Rose DeLouise",718-605-1189,"Main Entrance",1,5,"Emergency Skills",NY,"250 Kramer Avenue",718-605-1189,10309
"Staten Island","Rhonda Calcagno",718-447-1191,"Outside 3rd Fl Rm 337C",1,13,"Emergency Skills",NY,"140 PALMA DRIVE",718-447-1191,10304
"Staten Island","Rhonda Calcagno",718-447-1191,"Main entrance",1,13,"Emergency Skills",NY,"140 PALMA DRIVE",718-447-1191,10304
"Staten Island","Nancy Ludwig",718-761-1293,"4th Floor Outside Rm 428",1,1,"Emergency Skills",NY,"77 MARSH AVE",718-761-2155,10314
"Staten Island","Nancy Ludwig",718-761-1293,"3RD FLOOR OUTSIDE 301",1,1,"Emergency Skills",NY,"77 MARSH AVE",718-761-2155,10314
"Staten Island","Nancy Ludwig",718-761-1293,"MAIN ENTRANCE",1,1,"Emergency Skills",NY,"77 MARSH AVE",718-761-2155,10314
"Staten Island","Jane Caputo",718-761-3325,"Main Entrance",1,13,"Emergency Skills",NY,"55 Merrill Avenue",718-761-3325,10314
"Staten Island","William Ketelsen",718-727-8481,"MAIN LOBBY",1,13,"Emergency Skills",NY,"445 Castleton Avenue",718-727-8481,10301
"Staten Island","William Ketelsen",718-727-8481,"Outside 3rd Floor Elevator",1,13,"Emergency Skills",NY,"445 Castleton Avenue",718-727-8481,10301
"Staten Island","Ann Rice",718-698-6661,"Main Entrance",1,33,"Emergency Skills",NY,"144 Keating Place",718-698-6661,10314
"Staten Island","Ann Rice",718-698-6661,"Complex 320",1,33,"Emergency Skills",NY,"144 Keating Place",718-698-6661,10314
"Staten Island","Mary Curran",718-698-5757,"3rd flr.outside 310",1,,"Emergency Skills",NY,"33 Ferndale Avenue",718-698-5757,10314
"Staten Island","Mary Curran",718-698-5757,"Main Entrance",1,,"Emergency Skills",NY,"33 Ferndale Avenue",718-698-5757,10314
"Staten Island","Mark Herrmann","(718) 356-0130","OUTSIDE RM 239",1,11,"Emergency Skills",NY,"455 Huguenot Avenue","(718) 359-0130",10312
"Staten Island","Mark Herrmann","(718) 356-0130","Main Entrance",1,11,"Emergency Skills",NY,"455 Huguenot Avenue","(718) 359-0130",10312
"Staten Island","Mark Herrmann","(718) 356-0130","OUTSIDE RM 339",1,11,"Emergency Skills",NY,"455 Huguenot Avenue","(718) 359-0130",10312
"Staten Island","MICHAEL DUFFY","718 815 0186 ","BLDG A - Main Entrance",1,48,"Emergency Skills",NY,"715 Ocean Terrace","718 815-0186",10301
"Staten Island","MICHAEL DUFFY","718 815 0186 ",PSAL,1,48,"Emergency Skills",NY,"715 Ocean Terrace","718 815-0186",10301
"Staten Island","MICHAEL DUFFY","718 815 0186 ",PSAL,1,48,"Emergency Skills",NY,"715 Ocean Terrace","718 815-0186",10301
"Staten Island","MICHAEL DUFFY","718 815 0186 ","MAIN ENTRANCE",1,48,"Emergency Skills",NY,"715 Ocean Terrace","718 815-0186",10301
"Staten Island","MICHAEL DUFFY","718 815 0186 ",PSAL,1,48,"Emergency Skills",NY,"715 Ocean Terrace","718 815-0186",10301
"Staten Island","MICHAEL DUFFY","718 815 0186 ",PSAL,1,48,"Emergency Skills",NY,"715 Ocean Terrace","718 815-0186",10301
"Staten Island","MICHAEL DUFFY","718 815 0186 ",PSAL,1,48,"Emergency Skills",NY,"715 Ocean Terrace","718 815-0186",10301
"Staten Island","MICHAEL DUFFY","718 815 0186 ","PSAL ",1,48,"Emergency Skills",NY,"715 Ocean Terrace","718 815-0186",10301
"Staten Island","MICHAEL DUFFY","718 815 0186 ","Building E Near Gymnasium",1,48,"Emergency Skills",NY,"715 Ocean Terrace","718 815-0186",10301
"Staten Island","MICHAEL DUFFY","718 815 0186 ","Bldg. J",1,48,"Emergency Skills",NY,"715 Ocean Terrace","718 815-0186",10301
"Staten Island","MICHAEL DUFFY","718 815 0186 ","PSAL  ",1,48,"Emergency Skills",NY,"715 Ocean Terrace","718 815-0186",10301
"Staten Island","MICHAEL DUFFY","718 815 0186 ","3rd Floor",1,48,"Emergency Skills",NY,"715 Ocean Terrace","718 815-0186",10301
"Staten Island","MICHAEL DUFFY","718 815 0186 ","PSAL ",1,48,"Emergency Skills",NY,"715 Ocean Terrace","718 815-0186",10301
"Staten Island","MICHAEL DUFFY","718 815 0186 ","PSAL ",1,48,"Emergency Skills",NY,"715 Ocean Terrace","718 815-0186",10301
"Staten Island","MICHAEL DUFFY","718 815 0186 ",PSAL,1,48,"Emergency Skills",NY,"715 Ocean Terrace","718 815-0186",10301
"Staten Island","MICHAEL DUFFY","718 815 0186 ","Building K",1,48,"Emergency Skills",NY,"715 Ocean Terrace","718 815-0186",10301
"Staten Island","Richard Rucireto",718-667-8686,"PSAL ",1,71,"Emergency Skills",NY,"465 New Dorp Lane",718-667-8686-1400,10306
"Staten Island","Richard Rucireto",718-667-8686,"PSAL ",1,71,"Emergency Skills",NY,"465 New Dorp Lane",718-667-8686-1400,10306
"Staten Island","Richard Rucireto",718-667-8686,"PSAL ",1,71,"Emergency Skills",NY,"465 New Dorp Lane",718-667-8686-1400,10306
"Staten Island","Richard Rucireto",718-667-8686,"PSAL ",1,71,"Emergency Skills",NY,"465 New Dorp Lane",718-667-8686-1400,10306
"Staten Island","Richard Rucireto",718-667-8686,PSAL,1,71,"Emergency Skills",NY,"465 New Dorp Lane",718-667-8686-1400,10306
"Staten Island","Richard Rucireto",718-667-8686,"PSAL- ",1,71,"Emergency Skills",NY,"465 New Dorp Lane",718-667-8686-1400,10306
"Staten Island","Richard Rucireto",718-667-8686,"PSAL- ",1,71,"Emergency Skills",NY,"465 New Dorp Lane",718-667-8686-1400,10306
"Staten Island","Richard Rucireto",718-667-8686,PSAL,1,71,"Emergency Skills",NY,"465 New Dorp Lane",718-667-8686-1400,10306
"Staten Island","Richard Rucireto",718-667-8686,"PSAL- ",1,71,"Emergency Skills",NY,"465 New Dorp Lane",718-667-8686-1400,10306
"Staten Island","Richard Rucireto",718-667-8686,"PSAL ",1,71,"Emergency Skills",NY,"465 New Dorp Lane",718-667-8686-1400,10306
"Staten Island","Richard Rucireto",718-667-8686,"PSAL- ",1,71,"Emergency Skills",NY,"465 New Dorp Lane",718-667-8686-1400,10306
"Staten Island","Richard Rucireto",718-667-8686,"MAIN ENTRANCE BY SCHOOL SAFETY",1,71,"Emergency Skills",NY,"465 New Dorp Lane",718-667-8686-1400,10306
"Staten Island","Richard Rucireto",718-667-8686,"BASEMENT WALL NEXT TO ATHLETIC DIRECTORS OFFICE",1,71,"Emergency Skills",NY,"465 New Dorp Lane",718-667-8686-1400,10306
"Staten Island","Richard Rucireto",718-667-8686,"PSAL ",1,71,"Emergency Skills",NY,"465 New Dorp Lane",718-667-8686-1400,10306
"Staten Island","Richard Rucireto",718-667-8686,"PSAL-  ",1,71,"Emergency Skills",NY,"465 New Dorp Lane",718-667-8686-1400,10306
"Staten Island","Richard Rucireto",718-667-8686,"PSAL ",1,71,"Emergency Skills",NY,"465 New Dorp Lane",718-667-8686-1400,10306
"Staten Island","Richard Rucireto",718-667-8686,"PSAL- ",1,71,"Emergency Skills",NY,"465 New Dorp Lane",718-667-8686-1400,10306
"Staten Island","Richard Rucireto",718-667-8686,"PSAL ",1,71,"Emergency Skills",NY,"465 New Dorp Lane",718-667-8686-1400,10306
"Staten Island","Susan Rossi","(718) 273-3600","PSAL- ",1,61,"Emergency Skills",NY,"85 SAINT JOSEPH AVE",(718)273-3600,10302
"Staten Island","Susan Rossi","(718) 273-3600",PSAL,1,61,"Emergency Skills",NY,"85 SAINT JOSEPH AVE",(718)273-3600,10302
"Staten Island","Susan Rossi","(718) 273-3600",PSAL,1,61,"Emergency Skills",NY,"85 SAINT JOSEPH AVE",(718)273-3600,10302
"Staten Island","Susan Rossi","(718) 273-3600",PSAL,1,61,"Emergency Skills",NY,"85 SAINT JOSEPH AVE",(718)273-3600,10302
"Staten Island","Susan Rossi","(718) 273-3600","PSAL ",1,61,"Emergency Skills",NY,"85 SAINT JOSEPH AVE",(718)273-3600,10302
"Staten Island","Susan Rossi","(718) 273-3600",PSAL,1,61,"Emergency Skills",NY,"85 SAINT JOSEPH AVE",(718)273-3600,10302
"Staten Island","Susan Rossi","(718) 273-3600","PSAL-  ",1,61,"Emergency Skills",NY,"85 SAINT JOSEPH AVE",(718)273-3600,10302
"Staten Island","Susan Rossi","(718) 273-3600","PSAL ",1,61,"Emergency Skills",NY,"85 SAINT JOSEPH AVE",(718)273-3600,10302
"Staten Island","Susan Rossi","(718) 273-3600","PSAL- ",1,61,"Emergency Skills",NY,"85 SAINT JOSEPH AVE",(718)273-3600,10302
"Staten Island","Susan Rossi","(718) 273-3600","PSAL- ",1,61,"Emergency Skills",NY,"85 SAINT JOSEPH AVE",(718)273-3600,10302
"Staten Island","Susan Rossi","(718) 273-3600","PSAL- ",1,61,"Emergency Skills",NY,"85 SAINT JOSEPH AVE",(718)273-3600,10302
"Staten Island","Susan Rossi","(718) 273-3600","PSAL ",1,61,"Emergency Skills",NY,"85 SAINT JOSEPH AVE",(718)273-3600,10302
"Staten Island","Susan Rossi","(718) 273-3600","PSAL ",1,61,"Emergency Skills",NY,"85 SAINT JOSEPH AVE",(718)273-3600,10302
"Staten Island","Susan Rossi","(718) 273-3600","MAIN ENTRANCE",1,61,"Emergency Skills",NY,"85 SAINT JOSEPH AVE",(718)273-3600,10302
"Staten Island","Susan Rossi","(718) 273-3600",PSAL,1,61,"Emergency Skills",NY,"85 SAINT JOSEPH AVE",(718)273-3600,10302
"Staten Island","Susan Rossi","(718) 273-3600","2nd Fl near Nurses Office B232",1,61,"Emergency Skills",NY,"85 SAINT JOSEPH AVE",(718)273-3600,10302
"Staten Island","Susan Rossi","(718) 273-3600",PSAL,1,61,"Emergency Skills",NY,"85 SAINT JOSEPH AVE",(718)273-3600,10302
"Staten Island","Susan Rossi","(718) 273-3600",,1,61,"Emergency Skills",NY,"85 SAINT JOSEPH AVE",(718)273-3600,10302
"Staten Island","Jim Daber",718-356-2220-1170,"Outside Gym Lobby",1,65,"Emergency Skills",NY,"100 Luten Avenue",718-356-2220,10312
"Staten Island","Jim Daber",718-356-2220-1170,D324,1,65,"Emergency Skills",NY,"100 Luten Avenue",718-356-2220,10312
"Staten Island","Jim Daber",718-356-2220-1170,D028-BASEMENT,1,65,"Emergency Skills",NY,"100 Luten Avenue",718-356-2220,10312
"Staten Island","Jim Daber",718-356-2220-1170,"PSAL- ",1,65,"Emergency Skills",NY,"100 Luten Avenue",718-356-2220,10312
"Staten Island","Jim Daber",718-356-2220-1170,PSAL,1,65,"Emergency Skills",NY,"100 Luten Avenue",718-356-2220,10312
"Staten Island","Jim Daber",718-356-2220-1170,PSAL,1,65,"Emergency Skills",NY,"100 Luten Avenue",718-356-2220,10312
"Staten Island","Jim Daber",718-356-2220-1170,"PSAL- ",1,65,"Emergency Skills",NY,"100 Luten Avenue",718-356-2220,10312
"Staten Island","Jim Daber",718-356-2220-1170,"PSAL ",1,65,"Emergency Skills",NY,"100 Luten Avenue",718-356-2220,10312
"Staten Island","Jim Daber",718-356-2220-1170,"PSAL ",1,65,"Emergency Skills",NY,"100 Luten Avenue",718-356-2220,10312
"Staten Island","Jim Daber",718-356-2220-1170,PSAL,1,65,"Emergency Skills",NY,"100 Luten Avenue",718-356-2220,10312
"Staten Island","Jim Daber",718-356-2220-1170,"PSAL- ",1,65,"Emergency Skills",NY,"100 Luten Avenue",718-356-2220,10312
"Staten Island","Jim Daber",718-356-2220-1170,"PSAL ",1,65,"Emergency Skills",NY,"100 Luten Avenue",718-356-2220,10312
"Staten Island","Jim Daber",718-356-2220-1170,"PSAL- ",1,65,"Emergency Skills",NY,"100 Luten Avenue",718-356-2220,10312
"Staten Island","Jim Daber",718-356-2220-1170,"PSAL- ",1,65,"Emergency Skills",NY,"100 Luten Avenue",718-356-2220,10312
"Staten Island","Jim Daber",718-356-2220-1170,"PSAL- ",1,65,"Emergency Skills",NY,"100 Luten Avenue",718-356-2220,10312
"Staten Island","Jim Daber",718-356-2220-1170,PSAL,1,65,"Emergency Skills",NY,"100 Luten Avenue",718-356-2220,10312
"Staten Island","Jim Daber",718-356-2220-1170,"PSAL ",1,65,"Emergency Skills",NY,"100 Luten Avenue",718-356-2220,10312
"Staten Island","Jim Daber",718-356-2220-1170,PSAL-Wresting,1,65,"Emergency Skills",NY,"100 Luten Avenue",718-356-2220,10312
"Staten Island","Jim Daber",718-356-2220-1170,PSAL-,1,65,"Emergency Skills",NY,"100 Luten Avenue",718-356-2220,10312
"Staten Island","Jim Daber",718-356-2220-1170,"MAIN ENTRANCE",1,65,"Emergency Skills",NY,"100 Luten Avenue",718-356-2220,10312
"Staten Island","Jim Daber",718-356-2220-1170,"PSAL- ",1,65,"Emergency Skills",NY,"100 Luten Avenue",718-356-2220,10312
"Staten Island","Jim Daber",718-356-2220-1170,PSAL-,1,65,"Emergency Skills",NY,"100 Luten Avenue",718-356-2220,10312
"Staten Island","Jim Daber",718-356-2220-1170,"OUTSIDE AUDITORIUM - First Floor",1,65,"Emergency Skills",NY,"100 Luten Avenue",718-356-2220,10312
"Staten Island","Jim Daber",718-356-2220-1170,PSAL-Basketball,1,65,"Emergency Skills",NY,"100 Luten Avenue",718-356-2220,10312
"Staten Island","NOREEN MULLEN, AP Security",718-420-2609,"Main Entrance Outside Rm 121",1,19,"Emergency Skills",NY,"290 Saint Marks Place",718-420-2600,10301
"Staten Island","NOREEN MULLEN, AP Security",718-420-2609,"Outside Rm 415",1,19,"Emergency Skills",NY,"290 Saint Marks Place",718-420-2600,10301
"Staten Island","Robert Andrews",718-667-5725,PSAL,1,55,"Emergency Skills",NY,"485 Clawson Street",718-667-5725,10306
"Staten Island","Robert Andrews",718-667-5725,PSAL,1,55,"Emergency Skills",NY,"485 Clawson Street",718-667-5725,10306
"Staten Island","Robert Andrews",718-667-5725,PSAL,1,55,"Emergency Skills",NY,"485 Clawson Street",718-667-5725,10306
"Staten Island","Robert Andrews",718-667-5725,PSAL,1,55,"Emergency Skills",NY,"485 Clawson Street",718-667-5725,10306
"Staten Island","Robert Andrews",718-667-5725,PSAL,1,55,"Emergency Skills",NY,"485 Clawson Street",718-667-5725,10306
"Staten Island","Robert Andrews",718-667-5725,PSAL,1,55,"Emergency Skills",NY,"485 Clawson Street",718-667-5725,10306
"Staten Island","Robert Andrews",718-667-5725,"Outside Rm. 315",1,55,"Emergency Skills",NY,"485 Clawson Street",718-667-5725,10306
"Staten Island","Robert Andrews",718-667-5725,PSAL,1,55,"Emergency Skills",NY,"485 Clawson Street",718-667-5725,10306
"Staten Island","Robert Andrews",718-667-5725,PSAL,1,55,"Emergency Skills",NY,"485 Clawson Street",718-667-5725,10306
"Staten Island","Robert Andrews",718-667-5725,"1st Floor entrance",1,55,"Emergency Skills",NY,"485 Clawson Street",718-667-5725,10306
"Staten Island","Robert Andrews",718-667-5725,"PSAL- ",1,55,"Emergency Skills",NY,"485 Clawson Street",718-667-5725,10306
"Staten Island","Robert Andrews",718-667-5725,"PSAL- ",1,55,"Emergency Skills",NY,"485 Clawson Street",718-667-5725,10306
"Staten Island","Robert Andrews",718-667-5725,"PSAL ",1,55,"Emergency Skills",NY,"485 Clawson Street",718-667-5725,10306
"Staten Island","Robert Andrews",718-667-5725,"PSAL ",1,55,"Emergency Skills",NY,"485 Clawson Street",718-667-5725,10306
"Staten Island","Robert Andrews",718-667-5725,"PSAL ",1,55,"Emergency Skills",NY,"485 Clawson Street",718-667-5725,10306
"Staten Island","Robert Andrews",718-667-5725,"Outside Gym",1,55,"Emergency Skills",NY,"485 Clawson Street",718-667-5725,10306
"Staten Island","Robert Andrews",718-667-5725,PSAL,1,55,"Emergency Skills",NY,"485 Clawson Street",718-667-5725,10306
Brooklyn,"yvonne Pearce","718 574 0240","Main Lobby",1,5,"Emergency Skills",NY,"84 Schaefer Street",7185740235,11207
Brooklyn,"yvonne Pearce","718 574 0240","3rd Floor Room 303",1,5,"Emergency Skills",NY,"84 Schaefer Street",7185740235,11207
Brooklyn,"MICHELLE CAPERS","(718) 574-0244","Main Entrance",1,7,"Emergency Skills",NY,"95 Grove Street",718-574-0244,11221
Brooklyn,"MICHELLE CAPERS","(718) 574-0244","Main Entrance Mini School",1,7,"Emergency Skills",NY,"95 Grove Street",718-574-0244,11221
Brooklyn,"MICHELLE CAPERS","(718) 574-0244","Outside Gym 313",1,7,"Emergency Skills",NY,"95 Grove Street",718-574-0244,11221
Brooklyn,"Cynthia Monteleone","(718) 574-0252","MAIN ENTRANCE BY SECURITY",1,11,"Emergency Skills",NY,"220 Irving Avenue",718-574-0252,11237
Brooklyn,"ROBERT FLORES","718 574 0261","MAIN ENTRANCE BY SCHOOL SECURITY",1,17,"Emergency Skills",NY,"1314 Putnam Avenue","718 574 0261",11221
Brooklyn,"ROBERT FLORES","718 574 0261","Room 117",1,17,"Emergency Skills",NY,"1314 Putnam Avenue","718 574 0261",11221
Brooklyn,"Jennifer Cruz",718-821-4623,k-116,1,11,"Emergency Skills",NY,"515 Knickerbocker Avenue","718 821 4623",11237
Brooklyn,"Richard Skibins","718 821 4814","2ND FLOOR HALLWAY",1,11,"Emergency Skills",NY,"100 Irving Avenue",718-821-4814,11237
Brooklyn,"Richard Skibins","718 821 4814","MAIN ENTRANCE",1,11,"Emergency Skills",NY,"100 Irving Avenue",718-821-4814,11237
Brooklyn,"ANDREW SILVER",917-334-3422,"NURSES OFFICE RM 113E",1,11,"Emergency Skills",NY,"100 Noll Street","718 821 4823",11206
Brooklyn,"ANDREW SILVER",917-334-3422,GYM,1,11,"Emergency Skills",NY,"100 Noll Street","718 821 4823",11206
Brooklyn,"ANDREW SILVER",917-334-3422,"MAIN ENTRANCE NEAR SECURITY GUARD Outside Rm 107",1,11,"Emergency Skills",NY,"100 Noll Street","718 821 4823",11206
Brooklyn,"DEBBIE NUNEZ","718 821 4244","MAIN ENTRANCE BY SECURITY GUARD",1,2,"Emergency Skills",NY,"763 Knickerbocker Avenue","(718) 821-4800",11207
Brooklyn,"TOM CARTY",718-821-4860,"NURSES OFFICE",1,3,"Emergency Skills",NY,"1390 Willoughby Avenue",718-821-4860,11237
Brooklyn,"TOM CARTY",718-821-4860,"Main Entrance",1,3,"Emergency Skills",NY,"1390 Willoughby Avenue",718-821-4860,11237
Brooklyn,"DORIS RIVERA","718 574 0218","Mini School behind security desk",1,9,"Emergency Skills",NY,"800 Bushwick Avenue","(718) 574-0218",11221
Brooklyn,"DORIS RIVERA","718 574 0218","MAIN ENTRANCE BEHIND SECURITY DESK",1,9,"Emergency Skills",NY,"800 Bushwick Avenue","(718) 574-0218",11221
Brooklyn,"Jackie Rosado","718 574 0361","MAIN ENTRANCE",1,5,"Emergency Skills",NY,"231 Palmetto Street","718 574 0361",11221
Brooklyn,"MICHAEL BRASTER, Asst. Principal","718 574 1368","MAIN ENTRANCE BEHIND SECURITY",1,20,"Emergency Skills",NY,"125 Covert Street",718-574-0288,11207
Brooklyn,"Lillian Jones","(718) 574-0301","MAIN OFFICE",1,9,"Emergency Skills",NY,"88 Woodbine Street",718-574-0301,11221
Brooklyn,"Madeline Rodriguez",718-418-6442,"Main Entrance #347",1,1,"Emergency Skills",NY,"35 Starr Street",718-418-6389,11221
Brooklyn,"Madeline Rodriguez",718-418-6442,"3rd Floor Outside Room 301",1,1,"Emergency Skills",NY,"35 Starr Street",718-418-6389,11221
Brooklyn,"Gladys Badillo","718 573 0781","Outside Room 117",1,10,"Emergency Skills",NY,"194 Harman Street","718 573 0781",11237
Brooklyn,"Earline Lawson",718-574-0325,"MAIN ENTRANCE NEXT TO SCHOOL SECURITY",1,6,"Emergency Skills",NY,"200 Woodbine Street",718-574-0325,11221
Brooklyn,"Esther  Colon","(718) 574-0390, x136","Main Entrance",1,3,"Emergency Skills",NY,"1300 Greene Avenue","(718) 574-0390, x136",11237
Brooklyn,"Esther  Colon","(718) 574-0390, x136","3rd floor",1,3,"Emergency Skills",NY,"1300 Greene Avenue","(718) 574-0390, x136",11237
Brooklyn,"Marilyn Cruz",718-574-0382,"MAIN ENTRANCE/NEAR SCHOOL SECURITY DESK",1,17,"Emergency Skills",NY,"242 Cooper Street",718-574-0382,11207
Brooklyn,"Emily Rodriguez","(718) 452-3440","Main Entrance next to School Safety",1,18,"Emergency Skills",NY,"1155 Dekalb Avenue",718-452-3440,11221
Brooklyn,"Emily Rodriguez","(718) 452-3440","PSAL ",1,18,"Emergency Skills",NY,"1155 Dekalb Avenue",718-452-3440,11221
Brooklyn,"Emily Rodriguez","(718) 452-3440","PSAL ",1,18,"Emergency Skills",NY,"1155 Dekalb Avenue",718-452-3440,11221
BROOKLYN,"TERRY BYAM","(718) 381-7100",POOL,1,15,"Emergency Skills",NY,"400 IRVING AVENUE","(718) 381-7100",11237
BROOKLYN,"TERRY BYAM","(718) 381-7100",PSAL,1,15,"Emergency Skills",NY,"400 IRVING AVENUE","(718) 381-7100",11237
BROOKLYN,"TERRY BYAM","(718) 381-7100","Room A 161",1,15,"Emergency Skills",NY,"400 IRVING AVENUE","(718) 381-7100",11237
BROOKLYN,"TERRY BYAM","(718) 381-7100","PSAL- ",1,15,"Emergency Skills",NY,"400 IRVING AVENUE","(718) 381-7100",11237
BROOKLYN,"TERRY BYAM","(718) 381-7100","PSAL- ",1,15,"Emergency Skills",NY,"400 IRVING AVENUE","(718) 381-7100",11237
BROOKLYN,"TERRY BYAM","(718) 381-7100","PSAL- ",1,15,"Emergency Skills",NY,"400 IRVING AVENUE","(718) 381-7100",11237
BROOKLYN,"TERRY BYAM","(718) 381-7100","PSAL- ",1,15,"Emergency Skills",NY,"400 IRVING AVENUE","(718) 381-7100",11237
BROOKLYN,"TERRY BYAM","(718) 381-7100",PSAL,1,15,"Emergency Skills",NY,"400 IRVING AVENUE","(718) 381-7100",11237
BROOKLYN,"TERRY BYAM","(718) 381-7100",PSAL,1,15,"Emergency Skills",NY,"400 IRVING AVENUE","(718) 381-7100",11237
BROOKLYN,"TERRY BYAM","(718) 381-7100","PSAL- ",1,15,"Emergency Skills",NY,"400 IRVING AVENUE","(718) 381-7100",11237
BROOKLYN,"TERRY BYAM","(718) 381-7100",PSAL,1,15,"Emergency Skills",NY,"400 IRVING AVENUE","(718) 381-7100",11237
Brooklyn,"Gary Holub","(718) 381-9653",,1,25,"Emergency Skills",NY,"1474 GATES AVENUE","(718) 381-4615",11237
Brooklyn,"Gary Holub","(718) 381-9653",,1,25,"Emergency Skills",NY,"1474 GATES AVENUE","(718) 381-4615",11237
Brooklyn,"Catherine Reilly","(718) 919-4212","MAIN ENTRANCE NEXT TO SECURITY",1,1,"Emergency Skills",NY,"797 BUSHWICK AVENUE","(718) 919-4212",11221
Brooklyn,"Catherine Reilly","(718) 919-4212","Office - Room 305",1,1,"Emergency Skills",NY,"797 BUSHWICK AVENUE","(718) 919-4212",11221
Brooklyn,"Catherine Reilly","(718) 919-4212","Main Entrance",1,1,"Emergency Skills",NY,"797 BUSHWICK AVENUE","(718) 919-4212",11221
Brooklyn,"Catherine Reilly","(718) 919-4212","2nd Floor - Opposite Room 219",1,1,"Emergency Skills",NY,"797 BUSHWICK AVENUE","(718) 919-4212",11221
Brooklyn,"Catherine Reilly","(718) 919-4212","3rd Floor - Opposite Rm 312",1,1,"Emergency Skills",NY,"797 BUSHWICK AVENUE","(718) 919-4212",11221
Brooklyn,"Abbie Reif",718-832-4200,"RM 359",1,9,"Emergency Skills",NY,"237 7TH Avenue",718-832-4200,11215
Brooklyn,"Abbie Reif",718-832-4200,PSAL,1,9,"Emergency Skills",NY,"237 7TH Avenue",718-832-4200,11215
Brooklyn,"Abbie Reif",718-832-4200,PSAL,1,9,"Emergency Skills",NY,"237 7TH Avenue",718-832-4200,11215
Brooklyn,"Abbie Reif",718-832-4200,PSAL,1,9,"Emergency Skills",NY,"237 7TH Avenue",718-832-4200,11215
Brooklyn,"Abbie Reif",718-832-4200,"Room 132",1,9,"Emergency Skills",NY,"237 7TH Avenue",718-832-4200,11215
Brooklyn,"Abbie Reif",718-832-4200,"Rm 210",1,9,"Emergency Skills",NY,"237 7TH Avenue",718-832-4200,11215
Brooklyn,"Abbie Reif",718-832-4200,"Room 428",1,9,"Emergency Skills",NY,"237 7TH Avenue",718-832-4200,11215
Brooklyn,"Abbie Reif",718-832-4200,"MAIN ENTRANCE",1,9,"Emergency Skills",NY,"237 7TH Avenue",718-832-4200,11215
"New York","Camille Sawick","212 995 8479  1010",PSAL,1,7,"Emergency Skills",NY,"525 E Houston Street",212-995-8479,10003
"New York","Camille Sawick","212 995 8479  1010",PSAL,1,7,"Emergency Skills",NY,"525 E Houston Street",212-995-8479,10003
"New York","Camille Sawick","212 995 8479  1010","FRONT LOBBY BY SCHOOL SAFETY",1,7,"Emergency Skills",NY,"525 E Houston Street",212-995-8479,10003
"New York","Camille Sawick","212 995 8479  1010",PSAL,1,7,"Emergency Skills",NY,"525 E Houston Street",212-995-8479,10003
"New York","Camille Sawick","212 995 8479  1010",PSAL,1,7,"Emergency Skills",NY,"525 E Houston Street",212-995-8479,10003
"New York","Camille Sawick","212 995 8479  1010","Outside Room 406",1,7,"Emergency Skills",NY,"525 E Houston Street",212-995-8479,10003
Brooklyn,"Lisa Hightower",718-272-0553,"MAIN ENTRANCE NEXT TO SCHOOL SAFETY",1,5,"Emergency Skills",NY,"530 Stanley Avenue",718-272-0553,11207
Brooklyn,"Ron Ceparano","(718) 941-9616","Main Entrance",1,1,"Emergency Skills",NY,"35 SNYDER AVENUE",718-941-9616,11226
Brooklyn,"Johanna Schneider",718-272-6287,"Main Entrance",1,18,"Emergency Skills",NY,"2045 Linden Blvd",718-272-6287,11207
Brooklyn,"AMY BLUTSEIN","718 748 2041","MAIN ENTRANCE",1,23,"Emergency Skills",NY,"720 Livonia Avenue",718-498-1190,11207
Brooklyn,"Leona Jackman",718-498-2800,"3RD FL OUTSIDE ROOM 308",1,10,"Emergency Skills",NY,"985 Rockaway Avenue",718-498-2800,11212
Brooklyn,"GERI BURKE, AP",,"Main Entrance",1,3,"Emergency Skills",NY,"39 Adelphi Street",718-522-6706,11205
BROOKLYN,"PAMELA HUTTO","718 853 1884","5th Floor -Hallway Rm 559",1,2,"Emergency Skills",NY,"5601 16TH AVE","718 853 1884",11204
Brooklyn,"Regina Tottenham",718-221-4500,"2nd Floor, Room 226 Nurses office",1,4,"Emergency Skills",NY,"1819 Bergen Street",718-221-4500,11233
Brooklyn,"Lorraine Lozito",718-852-1701,"MAIN ENTRANCE",1,11,"Emergency Skills",NY,"383 State Street",718-852-1701,11217
Brooklyn,"Lorraine Lozito",718-852-1701,"Outside Rm 208",1,11,"Emergency Skills",NY,"383 State Street",718-852-1701,11217
BROOKLYN,"Brenda Morales","718 443 7696","Outside Room 427",1,,"Emergency Skills",NY,"820 HANCOCK ST","718 443 7696",11233
Brooklyn,"Hope Smith",,"2nd Floor Main Office",1,10,"Emergency Skills",NY,"3000 West First Street","718 372-3777",11224
Brooklyn,"Hope Smith",,"Main Entrance next to School Safety (Inside Closet",1,10,"Emergency Skills",NY,"3000 West First Street","718 372-3777",11224
Brooklyn,"DIANE ZINN",,"Bldg. 2 Main Entrance",1,19,"Emergency Skills",NY,"355 37th Street",718-788-7608,11232
Brooklyn,"DIANE ZINN",,"Main Office",1,19,"Emergency Skills",NY,"355 37th Street",718-788-7608,11232
Brooklyn,"DIANE ZINN",,"Room 312",1,19,"Emergency Skills",NY,"355 37th Street",718-788-7608,11232
Brooklyn,"Brian Williams",718-782-6800,"3RD FLOOR",1,5,"Emergency Skills",NY,"185 Ellery Street",718-782-6800,11221
Brooklyn,"Brian Williams",718-782-6800,"MAIN ENT NEXT TO SECURITY DESK",1,5,"Emergency Skills",NY,"185 Ellery Street",718-782-6800,11221
Brooklyn,"Antonette Rose","(718) 385-6200","MAIN ENTRANCE NEXT TO SCHOOL SAFETY",1,20,"Emergency Skills",NY,"110 Chester Street",718-385-6200,11212
BROOKLYN,"EDMUND KINDER","718 996 8199","MAIN ENTRANCE NEXT TO SCHOOL SAFETY",1,12,"Emergency Skills",NY,"64 AVENUE X","718 996 8199",11223
BROOKLYN,"EDMUND KINDER","718 996 8199","3rd Floor Room 310",1,12,"Emergency Skills",NY,"64 AVENUE X","718 996 8199",11223
Brooklyn,"Ted Lewis",718-857-4646,"MAIN ENTRANCE",1,2,"Emergency Skills",NY,"510 Clermont Avenue",718-857-4646,11238
Brooklyn,,718-891-3600,"Johnathan Belkin - PE Teacher (portable AED)",1,15,"Emergency Skills",NY,"1075 Oceanview Avenue",718-891-3600,11235
BROOKLYN,"DORIS COPENNY",718-769-6984,"Main Entrance",1,38,"Emergency Skills",NY,"2525 Haring Street",718-769-6984,11235
"NEW YORK","VINCENT MALIGNO PH D","212 247 4307","MAIN ENTRANCE BY SCHOOL SAFETY",1,19,"Emergency Skills",NY,"317 West 52 Street",212-247-4307,10019
"NEW YORK","VINCENT MALIGNO PH D","212 247 4307","2nd Floor Rm 204",1,19,"Emergency Skills",NY,"317 West 52 Street",212-247-4307,10019
"NEW YORK","VINCENT MALIGNO PH D","212 247 4307","PSAL - Gym",1,19,"Emergency Skills",NY,"317 West 52 Street",212-247-4307,10019
"NEW YORK","VINCENT MALIGNO PH D","212 247 4307","PSAL - Gym",1,19,"Emergency Skills",NY,"317 West 52 Street",212-247-4307,10019
"NEW YORK","VINCENT MALIGNO PH D","212 247 4307","Gym Office",1,19,"Emergency Skills",NY,"317 West 52 Street",212-247-4307,10019
"NEW YORK","Yola Walker",917-326-6663,"Fourth floor/rm 414",1,21,"Emergency Skills",NY,"225 E 23RD ST",917-326-6670,10010
"NEW YORK","Yola Walker",917-326-6663,"Main entrance by school safety",1,21,"Emergency Skills",NY,"225 E 23RD ST",917-326-6670,10010
"NEW YORK","Yola Walker",917-326-6663,PSAL,1,21,"Emergency Skills",NY,"225 E 23RD ST",917-326-6670,10010
"NEW YORK","Yola Walker",917-326-6663,PSAL,1,21,"Emergency Skills",NY,"225 E 23RD ST",917-326-6670,10010
"New York","ALEX RAMADANIS","212 369 3134","Main Entrance",1,16,"Emergency Skills",NY,"55 East 120 Street","212 369-3134",10035
"NEW YORK","Dawn Burdi",212-244-6426,"Outside P138@P033M Main Office",1,3,"Emergency Skills",NY,"281 NINTH AVENUE",212-563-4886,10001
"New York","FRED PECK, HP","212 348 6140","MAIN OFFICE",1,4,"Emergency Skills",NY,"110 East 88 Street","212 348 6140",10028
"New York","Meagan O'Regan","212 691 4135","Main Office",1,12,"Emergency Skills",NY,"345 East 15 Street",212-691-4135,10003
"NEW YORK","DANIA CHEDDIE",212-410-0566,"Room 415 - 4th Floor Office",1,,"Emergency Skills",NY,"21 W. 111TH Street",212-410-0566,10026
"NEW YORK","Marie Carmel Vallon",212-678-2865,"Main Entrance",1,14,"Emergency Skills",NY,"220 West 121TH ST.",212-678-2865,10027
Bronx,"MARIANN CHOLAKIS","(718) 794-7260","3rd floor-Main Desk",1,,"Emergency Skills",NY,"3450 EAST TREMONT AVENUE","(718) 794-7260",10465
"New York","Carol Brady","212 675 7926","5th floor outside room 511",1,4,"Emergency Skills",NY,"250 West Houston Street","212 675 7926",10014
"New York","Carol Brady","212 675 7926","PE Teacher (portable AED) ",1,4,"Emergency Skills",NY,"250 West Houston Street","212 675 7926",10014
"NEW YORK","Patricia Ross Spiller",212-802-1670,"2nd floor hallway",1,26,"Emergency Skills",NY,"400 1ST AVE",212-802-1670,10010
"NEW YORK","Patricia Ross Spiller",212-802-1670,"Hiroyuki Yamada - PE Teacher (portable AED) Rm 221",1,26,"Emergency Skills",NY,"400 1ST AVE",212-802-1670,10010
"New York","JOHN MCGINNESS","212 477 2090","1st Floor Lobby next to security",1,6,"Emergency Skills",NY,"113 East 4 Street",212-477-2090,10003
"New York","Christina Foti","(212) 348-9886","MAIN ENTRANCE",1,1,"Emergency Skills",NY,"34 West 118 Street","(212) 579-3788",10026
"New York","Christina Foti","(212) 348-9886",,1,1,"Emergency Skills",NY,"34 West 118 Street","(212) 579-3788",10026
"NEW YORK"," ",212-866-5400,"Music Rm Office - 5th Floor",1,,"Emergency Skills",NY,"735 West END AVE.",212-866-5400,10025
"Fresh Meadows","Marcy Berger",718-264-0916,"MAIN ENTRANCE",1,7,"Emergency Skills",NY,"196-25 Peck Avenue",718-264-0916,11365
LIC,"Vincent Rocco",718-349-0153,"Main Entrance",1,1,"Emergency Skills",NY,"24-30 Skillman Ave",718-349-0153,11101
Maspeth,"Robert Wojnarowski",,"MAIN LOBBY",1,12,"Emergency Skills",NY,"58-74 57 Street","718 456-7105",11378
"Glen Oaks","Christopher Duffy",718-479-1323,"80-09 Winchester Blvd. Qns.vill.,NY11427,nurse off",1,2,"Emergency Skills",NY,"7403 Commonwealth Blvd.",718-264-4880,11004
QUEENS,"Georgia Ghicas",718-479-2702,"MAIN OFFICE",1,1,"Emergency Skills",NY,"74-03 COMMONWEALTH BLVD BLDG. 57",718-479-2702,11426
QUEENS,"PHYLLIS WEINFELD",718-264-4914,"IN GYM OFFICE",1,5,"Emergency Skills",NY,"74-03 COMMONWEALTH BLVD BLDG. 57",718-264-4914,11426
Ridgewood,"Christine Bryer","718 456 7588","BY MAIN ENTRANCE",1,9,"Emergency Skills",NY,"1666 Hancock Street","718 456 7588",11385
"Fresh Meadows","Maureen Scarnatirn",,"MAIN ENTRANCE",1,10,"Emergency Skills",NY,"56-37 188 Street",718-357-4650,11365
"Fresh Meadows","Maureen Scarnatirn",,"Teacher's Lounge in Mini Bldg",1,10,"Emergency Skills",NY,"56-37 188 Street",718-357-4650,11365
Bayside,"Patricia Rubin-Buccilli",718-831-4024,"Main Entrance",1,8,"Emergency Skills",NY,"221-21 Corbett Road",718-225-8667,11361
Bayside,"Patricia Rubin-Buccilli",718-831-4024,"Building 2 Entrance",1,8,"Emergency Skills",NY,"221-21 Corbett Road",718-225-8667,11361
"St. Albans","Terry Nogol",,"Main Lobby",1,78,"Emergency Skills",NY,"109-36 204",1,10460
QUEENS,"Frazola Daniels",718-274-2897,T-10,1,2,"Emergency Skills",NY,"50-05 31 AVE",718-274-2897,11377
"Belle Harbor","Susan Lombardo, RN",718-474-1106,"Main Entrance",1,1,"Emergency Skills",NY,"445 BEACH 135 STREET",718-945-7045,11694
"Belle Harbor","Jeannine Gomez","(718) 891-5558"," ",1,1,"Emergency Skills",NY,"445 Beach 135th Street",718-318-5201,11697
Elmhurst,"Karin DiGeorge",718-760-1064,"FIRST FLOOR - OUTSIDE CAFETERIA ENTRANCE",1,60,"Emergency Skills",NY,"57-12 94th Street",718-760-1083,11373
Elmhurst,"Karin DiGeorge",718-760-1064,,1,60,"Emergency Skills",NY,"57-12 94th Street",718-760-1083,11373
Jamaica,"Ilisa Sulner",718-322-3500,"4th Floor Gym",1,4,"Emergency Skills",NY,"142-10 Linden Boulevard",718-322-3500,11436
Jamaica,"Ilisa Sulner",718-322-3500,"Front Lobby by School Safety",1,4,"Emergency Skills",NY,"142-10 Linden Boulevard",718-322-3500,11436
"Little Neck","Edward Velez",,"OUTSIDE RM 205",1,11,"Emergency Skills",NY,"61-25 Marathon Parkway",718-224-8060,11362
"Little Neck","Edward Velez",,"Main Lobby",1,11,"Emergency Skills",NY,"61-25 Marathon Parkway",718-224-8060,11362
"Little Neck","Edward Velez",,"Mark Shifter - PE Teacher (portable AED)",1,11,"Emergency Skills",NY,"61-25 Marathon Parkway",718-224-8060,11362
QUEENS,"JACQUELINE ZARETSKY",718-216-6753,PSAL,1,,"Emergency Skills",NY,"14-30 BROADWAY",718-216-6753,11106
QUEENS,"JACQUELINE ZARETSKY",718-216-6753,,1,,"Emergency Skills",NY,"14-30 BROADWAY",718-216-6753,11106
"Staten Island","Linda Stiglitz",718-984-1526,"Main Entrance - Main Bldg",1,11,"Emergency Skills",NY,"6581 HYLAN BLVD",718-984-1526,10309
"Staten Island","Linda Stiglitz",718-984-1526,"PORTABLE - PSAL",1,11,"Emergency Skills",NY,"6581 HYLAN BLVD",718-984-1526,10309
"Staten Island","Robert D. Ciambriello",718-984-0772,"2nd Floor Outside Nurse's Office",1,,"Emergency Skills",NY,"605 Castleton Avenue",718-984-0772,10310
"Staten Island","Anthony Faiella","(718) 984-9800","Rm 135",1,11,"Emergency Skills",NY,"15 Fairfield Street",718-984-9800,10308
"Staten Island","Anthony Faiella","(718) 984-9800","MAIN ENTRANCE",1,11,"Emergency Skills",NY,"15 Fairfield Street",718-984-9800,10308
"Staten Island","William Fiorelli",718-984-7474,"Main Entrance",1,3,"Emergency Skills",NY,"110 Shafter Avenue",718-984-7474,10308
"Staten Island","Frances Maldari",718-816-8897,"Main Entrance",1,16,"Emergency Skills",NY,"91 Henderson Avenue",718-816-8897,10301
"Staten Island","Frances Maldari",718-816-8897,Annex,1,16,"Emergency Skills",NY,"91 Henderson Avenue",718-816-8897,10301
"Staten Island","Lana T. Knight",718-448-4958,"Main Hall Entrance outside Rm 107",1,1,"Emergency Skills",NY,"159 BROADWAY",718-448-4958,10310
"Staten Island",,,"MAIN ENTRANCE BY SCHOOL SAFETY",1,2,"Emergency Skills",NY,"100 TOMPKINS AVE",718-727-0985,10304
"Staten Island",,,"Outside Rm 325",1,2,"Emergency Skills",NY,"100 TOMPKINS AVE",718-727-0985,10304
"Staten Island",,,"Outside Room 217",1,2,"Emergency Skills",NY,"100 TOMPKINS AVE",718-727-0985,10304
BRONX,"BARBARA HANSON",718-617-5169,"Main Entrance",1,13,"Emergency Skills",NY,"1007 EVERGREEN AVENUE",718-589-4560,10472
Bronx,"Cliff Patterson",718-409-9040,"Main Entrance",1,,"Emergency Skills",NY,"2555 Tratman Avenue",718-409-9040,10461
BRONX,"M. Hajjerty",718-589-9650,"Main Entrance",1,,"Emergency Skills",NY,"1680 HOE AVE",718-589-9650,10460
Bronx,"Audrey Thomas",718-665-5617,"Room 118",1,9,"Emergency Skills",NY,"778 Forest Avenue",718-665-5617,10456
Bronx,"James Matthew","(718) 584-9050","Main Entrance",1,17,"Emergency Skills",NY,"3020 WEBSTER AVENUE","(718) 584-9050",10467
Bronx,"A. Deeble",,"Nurses Office",1,5,"Emergency Skills",NY,"2543 Marion Avenue",718-733-2543,10458
Bronx,"Hope Gibson",718-758-3753,"Main Office",1,12,"Emergency Skills",NY,"750 Jennings Street",718-378-0006,10459
Bronx,,718-561-2052,"Main Entrance",1,3,"Emergency Skills",NY,"770 Grote Street",718-561-2052,10460
Bronx,,718-561-2052,"3rd floor",1,3,"Emergency Skills",NY,"770 Grote Street",718-561-2052,10460
Bronx,,,,1,,"Emergency Skills",NY,"3450 EAST TREMONT AVENUE","(718) 794-7260",10465
Bronx,"Jacqueline Cannino",718-597-6404,"Main Entrance",1,15,"Emergency Skills",NY,"2697 Westchester Avenue",,10461
BRONX,"Marjorie Millett",,"Main Entrance",1,97,"Emergency Skills",NY,"1434 Longfellow Avenue",718-589-3060,10459
BRONX,"Marjorie Millett",,"4th Floor Room 409",1,97,"Emergency Skills",NY,"1434 Longfellow Avenue",718-589-3060,10459
BRONX,"Marjorie Millett",,"Gym First Floor",1,97,"Emergency Skills",NY,"1434 Longfellow Avenue",718-589-3060,10459
"Long Island City","Victor P. Antoine",7183619480,"3rd Floor",1,8,"Emergency Skills",NY,"42-15 CRESCENT ST.",7183619480,11101
"Long Island City","Victor P. Antoine",7183619480,"Outside Room 703",1,8,"Emergency Skills",NY,"42-15 CRESCENT ST.",7183619480,11101
Brooklyn,"Jacqueline Tirado","718-855-7155 x1130",PSAL,1,17,"Emergency Skills",NY,"112 Schermerhorn Street","718-855-7155 x1071",11201
Brooklyn,"Jacqueline Tirado","718-855-7155 x1130","MAIN ENT. NEXT TO SECURITY DESK",1,17,"Emergency Skills",NY,"112 Schermerhorn Street","718-855-7155 x1071",11201
Brooklyn,"Jacqueline Tirado","718-855-7155 x1130",PSAL,1,17,"Emergency Skills",NY,"112 Schermerhorn Street","718-855-7155 x1071",11201
Brooklyn,"Jacqueline Tirado","718-855-7155 x1130",PSAL,1,17,"Emergency Skills",NY,"112 Schermerhorn Street","718-855-7155 x1071",11201
Brooklyn,"Jacqueline Tirado","718-855-7155 x1130",PSAL,1,17,"Emergency Skills",NY,"112 Schermerhorn Street","718-855-7155 x1071",11201
Brooklyn,"Lana Phillips","(718) 778-7375","Main Ent - Security",1,8,"Emergency Skills",NY,"1150 EAST NEW YORK AVE","(718) 778-7375",11212
Brooklyn,"Lana Phillips","(718) 778-7375","3rd Floor",1,8,"Emergency Skills",NY,"1150 EAST NEW YORK AVE","(718) 778-7375",11212
Brooklyn,"Paul Mecane",,"Basement Gym",1,3,"Emergency Skills",NY,"832 Marcy Avenue",718-638-4235,11216
Brooklyn,"Paul Mecane",,"4th Floor Outside elevator Bank",1,3,"Emergency Skills",NY,"832 Marcy Avenue",718-638-4235,11216
Brooklyn,"Paul Mecane",,"PSAL-Basement Gym",1,3,"Emergency Skills",NY,"832 Marcy Avenue",718-638-4235,11216
Brooklyn,"Paul Mecane",,"PSAL ",1,3,"Emergency Skills",NY,"832 Marcy Avenue",718-638-4235,11216
Brooklyn,"Paul Mecane",,"Main Entrance",1,3,"Emergency Skills",NY,"832 Marcy Avenue",718-638-4235,11216
BROOKLYN,"Beverly Ward",718-638-2635,"1st Floor - Outside Room 102",1,10,"Emergency Skills",NY,"475 NOSTRAND AVE","718-638-2635 x1040",11216
BROOKLYN,"Beverly Ward",718-638-2635,"3rd flr. Outside Room 300",1,10,"Emergency Skills",NY,"475 NOSTRAND AVE","718-638-2635 x1040",11216
BROOKLYN,"Beverly Ward",718-638-2635,"2ND flr.",1,10,"Emergency Skills",NY,"475 NOSTRAND AVE","718-638-2635 x1040",11216
BROOKLYN,"Beverly Ward",718-638-2635,"2nd Floor, Outside Room 202",1,10,"Emergency Skills",NY,"475 NOSTRAND AVE","718-638-2635 x1040",11216
"New York","Lorraine Gutierrez",212-996-3795,"MAIN ENTRANCE ABOVE SECURITY DESK",1,11,"Emergency Skills",NY,"22 EAST 128 STREET",212-996-3795,10035
"New York","Andrew Elam",212-678-7310,"3rd Floor School",1,24,"Emergency Skills",NY,"140 West 102 Street",212.678.7300,10025
"New York","Andrew Elam",212-678-7310,PSAL,1,24,"Emergency Skills",NY,"140 West 102 Street",212.678.7300,10025
"New York","Andrew Elam",212-678-7310,"Main Floor",1,24,"Emergency Skills",NY,"140 West 102 Street",212.678.7300,10025
"New York","Andrew Elam",212-678-7310,"2nd Floor ",1,24,"Emergency Skills",NY,"140 West 102 Street",212.678.7300,10025
"New York","Andrew Elam",212-678-7310,"Basement Floor-PSAL",1,24,"Emergency Skills",NY,"140 West 102 Street",212.678.7300,10025
"New York","Andrew Elam",212-678-7310,"Basement Floor",1,24,"Emergency Skills",NY,"140 West 102 Street",212.678.7300,10025
"New York","RENE ANAYA","(212) 505-6366",PSAL,1,11,"Emergency Skills",NY,"145 Stanton Street","(212) 505-6366",10002
"New York",,"(212) 262-8067","Main entrance by School Safety",1,7,"Emergency Skills",NY,"850 10th Avenue","(212) 262-8067",10019
"New York","Daniel Martinez",212-691-0934,"Main Office First Floor",1,16,"Emergency Skills",NY,"250 West 18 Street",212-691-0934,10011
"New York","Daniel Martinez",212-691-0934,PSAL,1,16,"Emergency Skills",NY,"250 West 18 Street",212-691-0934,10011
"New York","Daniel Martinez",212-691-0934,PSAL,1,16,"Emergency Skills",NY,"250 West 18 Street",212-691-0934,10011
"New York","Daniel Martinez",212-691-0934,"In Principal's office (extra) - PORTABLE",1,16,"Emergency Skills",NY,"250 West 18 Street",212-691-0934,10011
"New York","Daniel Martinez",212-691-0934,"4th floor near Principal's office",1,16,"Emergency Skills",NY,"250 West 18 Street",212-691-0934,10011
"New York","Ray Green",212-337-6873,"1st Floor Lobby",1,13,"Emergency Skills",NY,"250 West Houston Street","(212) 337-6800",10014
"New York","Ray Green",212-337-6873,"2nd Floor Near Room 251",1,13,"Emergency Skills",NY,"250 West Houston Street","(212) 337-6800",10014
"New York","Ray Green",212-337-6873,PSAL-Softball,1,13,"Emergency Skills",NY,"250 West Houston Street","(212) 337-6800",10014
"New York","Ray Green",212-337-6873,"Third Floor",1,13,"Emergency Skills",NY,"250 West Houston Street","(212) 337-6800",10014
"New York","Ken Stein","646 674 2800","2nd floor outside room 214",1,5,"Emergency Skills",NY,"120 West 30 Street","646 674 2831",10001
"New York","Ken Stein","646 674 2800","4th floor outside room 414",1,5,"Emergency Skills",NY,"120 West 30 Street","646 674 2831",10001
"New York","MARK RYAN",212-889-7567,"Front Entrance next to School Safety",1,12,"Emergency Skills",NY,"40 EAST 29 STREET",212-889-7567,10016
"New York","George Tromer","(212) 369-6615","In closet at school safety *MUST BE MOVED",1,,"Emergency Skills",NY,"321 East 96 Street",212-369-6615,10128
"New York","George Tromer","(212) 369-6615","FRONT ENTRANCE BY SCHOOL SAFETY",1,,"Emergency Skills",NY,"321 East 96 Street",212-369-6615,10128
"New York","Ezequiel Garcia",,"5th Floor Hall by Room 514",1,20,"Emergency Skills",NY,"198 Forsyth Street",646-654-1261,10002
"New York","Ezequiel Garcia",,"3rd Floor Hall by Room 314",1,20,"Emergency Skills",NY,"198 Forsyth Street",646-654-1261,10002
"New York","Ezequiel Garcia",,"1st Floor Staff Entrance",1,20,"Emergency Skills",NY,"198 Forsyth Street",646-654-1261,10002
"New York","Ezequiel Garcia",,"Room 310",1,20,"Emergency Skills",NY,"198 Forsyth Street",646-654-1261,10002
"New York","Ezequiel Garcia",,"198 Forsyth St. (2nd FL AED & PSAL) Satellite Acad",1,20,"Emergency Skills",NY,"198 Forsyth Street",646-654-1261,10002
"Shrub Oak","Audrey Managan","(914) 245-6862","MAIN ENTRANCE",1,6,"Emergency Skills",NY,"3151 Stoney Street","(914) 245 6862",10588
"Shrub Oak","Audrey Managan","(914) 245-6862",PSAL,1,6,"Emergency Skills",NY,"3151 Stoney Street","(914) 245 6862",10588
"East Elmhurst","Ms. Evans, AP","(718) 626-7835","Room 8",1,,"Emergency Skills",NY,"11-11 Hazen Street",718-626-7835,11370
"East Elmhurst","Ms. Evans, AP","(718) 626-7835","Teacher's Lounge",1,,"Emergency Skills",NY,"11-11 Hazen Street",718-626-7835,11370
"East Elmhurst","Ms. Evans, AP","(718) 626-7835","Kept in office, Room 12",1,,"Emergency Skills",NY,"11-11 Hazen Street",718-626-7835,11370
Flushing,"Adrienne Moore","(718) 322-3580","Main Entrance",1,2,"Emergency Skills",NY,"138-11 35 AVENUE","(718) 463-3111",11354
"East Elmhurst","Tonya R.  Threadgill",718-546-4655,"GMDC - RIKERS ISLAND Bldg 15-15 Hazen St.",1,12,"Emergency Skills",NY,"15-15 Hazen Street",718-546-4655,11370
"East Elmhurst","Tonya R.  Threadgill",718-546-4655,"GRVC - RIKERS ILSAND",1,12,"Emergency Skills",NY,"15-15 Hazen Street",718-546-4655,11370
"East Elmhurst","Tonya R.  Threadgill",718-546-4655,"OBCC-RIKERS ISLAND",1,12,"Emergency Skills",NY,"15-15 Hazen Street",718-546-4655,11370
"East Elmhurst","Tonya R.  Threadgill",718-546-4655,"AMKC - RIKERS ISLAND",1,12,"Emergency Skills",NY,"15-15 Hazen Street",718-546-4655,11370
"Staten Island","David Ashe",718-447-1274,"MAIN ENTRANCE",1,15,"Emergency Skills",NY,"109 Rhine Avenue",718-447-1274,10304
Bronx,"Carolyn Tyson",718-402-8378,"TL 2A",1,2,"Emergency Skills",NY,"639-55 SAINT ANN'S AVENUE","(718) 944-3558",10455
Bronx,"Carolyn Tyson",718-402-8378,"T-10 Trailer 10",1,2,"Emergency Skills",NY,"639-55 SAINT ANN'S AVENUE","(718) 944-3558",10455
Bronx,"Carolyn Tyson",718-402-8378,T-10,1,2,"Emergency Skills",NY,"639-55 SAINT ANN'S AVENUE","(718) 944-3558",10455
Bronx,"Colin Thomas","(718) 991-2020","PSAL Coach Gym",1,18,"Emergency Skills",NY,"1010 Rev. J.a. Polite Avenue","(718) 991-2020",10459
Bronx,"Colin Thomas","(718) 991-2020","PSAL Coach Gym",1,18,"Emergency Skills",NY,"1010 Rev. J.a. Polite Avenue","(718) 991-2020",10459
Bronx,"Colin Thomas","(718) 991-2020","Principal's Office",1,18,"Emergency Skills",NY,"1010 Rev. J.a. Polite Avenue","(718) 991-2020",10459
Bronx,"Colin Thomas","(718) 991-2020","PSAL - Coach Gym",1,18,"Emergency Skills",NY,"1010 Rev. J.a. Polite Avenue","(718) 991-2020",10459
Bronx,"Colin Thomas","(718) 991-2020"," 1st Floor",1,18,"Emergency Skills",NY,"1010 Rev. J.a. Polite Avenue","(718) 991-2020",10459
Bronx,"Colin Thomas","(718) 991-2020","Main Lobby - 4th Floor",1,18,"Emergency Skills",NY,"1010 Rev. J.a. Polite Avenue","(718) 991-2020",10459
Bronx,"Colin Thomas","(718) 991-2020",PSAL,1,18,"Emergency Skills",NY,"1010 Rev. J.a. Polite Avenue","(718) 991-2020",10459
Bronx,"Leslie Rodriguez",718-860-5060,"Rm 205 PSAL",1,13,"Emergency Skills",NY,"1440 Story Ave",718-860-5060,10473
Bronx,"Susan Ryan",,"Main Enterance-3rd floor",1,1,"Emergency Skills",NY,"1201 Layfayette Avenue",9999999999,10474
Bronx," Sydney Blair","(718)292-0065, x140","Main Entrance",1,6,"Emergency Skills",NY,"560 Brook Avenue",(718)292-0065-144,10455
BROOKLYN,"Thackston Lund",718-302-4018,"5th Floor",1,10,"Emergency Skills",NY,"157 WILSON ST",718-302-4018,11211
BROOKLYN,"TSEHAIA BROWN",718-774-0762,,1,7,"Emergency Skills",NY,"790 East NEW YORK AVENUE",718-774-0762,11203
BROOKLYN," Mrs. Perry",718-943-3710,"Main Entrance",1,1,"Emergency Skills",NY,"1224 PARK PLACE",718-943-3710,11213
BROOKLYN," ",,"MAIN ENTRANCE",1,6,"Emergency Skills",NY,"646 FIFTH AVE",718-499-0957,11215
BROOKLYN," ",,"Outside Room 303",1,6,"Emergency Skills",NY,"646 FIFTH AVE",718-499-0957,11215
Brooklyn,"MATT AINSLEY",718-782-9830,"WCHS 409 4th Floor",1,,"Emergency Skills",NY,"424 Leonard Street",718-782-9830,11222
Brooklyn,"MATT AINSLEY",718-782-9830,"4th Floor, Main Office",1,,"Emergency Skills",NY,"424 Leonard Street",718-782-9830,11222
Brooklyn,"Tim Saintsing","646-373-3535 ","Main Entrance",1,,"Emergency Skills",NY,"225  PATCHEN AVENUE","718-638-1830 ",11233
Brooklyn,"Tim Saintsing","646-373-3535 ","Outside 512/Stairwell",1,,"Emergency Skills",NY,"225  PATCHEN AVENUE","718-638-1830 ",11233
Brooklyn,"Tim Saintsing","646-373-3535 ","Outside Room 310",1,,"Emergency Skills",NY,"225  PATCHEN AVENUE","718-638-1830 ",11233
Brooklyn,"Michael Nicholson","718 388 8847","3rd Floor O/S  Elevators",1,8,"Emergency Skills",NY,"11 BARTLETT STREET",718-388-8847,11206
Brooklyn,"Michael Nicholson","718 388 8847","MAIN ENTRANCE",1,8,"Emergency Skills",NY,"11 BARTLETT STREET",718-388-8847,11206
Brooklyn,"Kashani Stokley",718-703-4484,"Fourth Floor - #4-6",1,6,"Emergency Skills",NY,"15 SNYDER AVENUE",718-703-4484,11226
Brooklyn,"Kashani Stokley",718-703-4484,"Main Entrance",1,6,"Emergency Skills",NY,"15 SNYDER AVENUE",718-703-4484,11226
Brooklyn,"Dr. Tom DeMarco",718-246-5681,"Main Entrance - 1st Floor",1,,"Emergency Skills",NY,"856 QUINCY STREET",718-246-5681,11221
"NEW YORK","A A",212-759-3775,"2nd Floor ",1,2,"Emergency Skills",NY,"433 East 100TH ST",212-759-3775,10029
"New York","GLADYS LAMB",212-663-8216,,1,5,"Emergency Skills",NY,"125 West 115th St.",212-663-8216,10026
"New York","GLADYS LAMB",212-663-8216,"2nd Floor Behind Front Desk",1,5,"Emergency Skills",NY,"125 West 115th St.",212-663-8216,10026
"New York","Mark Johnson",212-427-2244,"6th Floor",1,12,"Emergency Skills",NY,"1 East 104th St., Suite 603",212-427-2244,10029
"New York","Zebedee Daniels",212-534-9667,"Third floor near room 31",1,22,"Emergency Skills",NY,"220 East 106th Street",212-534-9667,10029
"New York","Zebedee Daniels",212-534-9667,,1,22,"Emergency Skills",NY,"220 East 106th Street",212-534-9667,10029
"New York","ANDREW GREEN",(212)209-6036,"In front of PSAL office, Rm 134",1,8,"Emergency Skills",NY,"17 Battery Place",(212)209-6036,10004
"New York","ANDREW GREEN",(212)209-6036,PSAL,1,8,"Emergency Skills",NY,"17 Battery Place",(212)209-6036,10004
"New York","ANDREW GREEN",(212)209-6036,PSAL,1,8,"Emergency Skills",NY,"17 Battery Place",(212)209-6036,10004
"New York","ANDREW GREEN",(212)209-6036,"Case in Hall-170",1,8,"Emergency Skills",NY,"17 Battery Place",(212)209-6036,10004
"NEW YORK","Jerry Baquero",212-876-9953,"Main Entrance",1,12,"Emergency Skills",NY,"240 E 123RD ST b/w 2 & 3",212-876-9953,10035
"NEW YORK","Jerry Baquero",212-876-9953,"4th Floor Outside Rm 250",1,12,"Emergency Skills",NY,"240 E 123RD ST b/w 2 & 3",212-876-9953,10035
"NEW YORK","Jerry Baquero",212-876-9953,"Outside Room 100 4th Floor",1,12,"Emergency Skills",NY,"240 E 123RD ST b/w 2 & 3",212-876-9953,10035
"New York","Keisha Womack",212-991-2650,"4th Floor Prin. Office",1,5,"Emergency Skills",NY,"433 W. 123rd St.",212-991-2650,10027
"New York","Keisha Womack",212-991-2650,"Main Entrance",1,5,"Emergency Skills",NY,"433 W. 123rd St.",212-991-2650,10027
"Queens Village","Devonne Walton",718-479-3753,"Main Entrance",1,11,"Emergency Skills",NY,"207-01 Jamaica Ave.",718-479-3753,11428
"Queens Village","Devonne Walton",718-479-3753,"Outside Room 203",1,11,"Emergency Skills",NY,"207-01 Jamaica Ave.",718-479-3753,11428
"Jackson Heights","Mary Sugrue","718-803-0060 115",Cafe,1,11,"Emergency Skills",NY,"35-59 81st Street",718-803-0060,11372
"Jackson Heights","Mary Sugrue","718-803-0060 115","PSAL ",1,11,"Emergency Skills",NY,"35-59 81st Street",718-803-0060,11372
"Jackson Heights","Mary Sugrue","718-803-0060 115","PSAL ",1,11,"Emergency Skills",NY,"35-59 81st Street",718-803-0060,11372
"Jackson Heights","Mary Sugrue","718-803-0060 115","PSAL ",1,11,"Emergency Skills",NY,"35-59 81st Street",718-803-0060,11372
"Jackson Heights","Mary Sugrue","718-803-0060 115","Main Lobby",1,11,"Emergency Skills",NY,"35-59 81st Street",718-803-0060,11372
Astoria,"Dr. Rick Welles",718-392-3405,"Security - Main Entrance",1,4,"Emergency Skills",NY,"36-12 35th Ave.",718-392-3405,11106
Bronx,"Ira Victor",(718)590-1300,"Front Lobby",1,10,"Emergency Skills",NY,"116-118 East 169th Street",718-590-1300,10456
BRONX,"Jeffrey Tsang",646-915-0025,"Main Lobby",1,6,"Emergency Skills",NY,"1001 INTERVALE AVENUE",646-915-0025,10459
BRONX,"Jeffrey Tsang",646-915-0025,"2nd Floor, Room 209",1,6,"Emergency Skills",NY,"1001 INTERVALE AVENUE",646-915-0025,10459
Bronx,"Pamela Fairclough",718-828-7301,"Outside Main Office",1,11,"Emergency Skills",NY,"1960 BENEDICT AVENUE",718-828-7301,10462
BRONX,"VALERIE JACOBSON",718-402-3300,,1,8,"Emergency Skills",NY,"388 WILLIS AVENUE",718-402-3300,10454
Bronx,"Mike Ortiz",718-294-0481,"3rd Floor",1,9,"Emergency Skills",NY,"3872 Third Ave",718-294-0481,10457
Bronx,"Mike Ortiz",718-294-0481,"Main Entrance",1,9,"Emergency Skills",NY,"3872 Third Ave",718-294-0481,10457
Bronx,"Carmen Heskey",718-410-8100,"Main Entrance",1,6,"Emergency Skills",NY,"14 West 170th St.",718-410-8100,10452
Bronx,"Joseph Neary",718-537-9912,"Main Entrance",1,,"Emergency Skills",NY,"3565 3rd Avenue",718-537-9912,10456
Bronx,"Jeffrey Litt",718-716-8105,Office,1,11,"Emergency Skills",NY,"1525 Brook Ave.",718-716-8105,10457
Bronx,"Shubert Jacobs",718-655-6660,,1,3,"Emergency Skills",NY,"3740 BAYCHESTER AVENUE",718-655-6660,10466
Bronx,"Wendy Ramos",718-893-1042,"Main Entrance",1,7,"Emergency Skills",NY,"950 LONGFELLOW AVENUE",718-893-1042,10474
Jamaica,"Terri Nogol",718-659-5705,"Main Entrance",1,5,"Emergency Skills",NY,"114-43 142nd Street",718-659-5705,11436
"NEW YORK","NONE NONE",9999,"second floor by security",1,2307,"Emergency Skills",NY,NONE,9999,99999
"NEW YORK","NONE NONE",9999,"PSAL ",1,2307,"Emergency Skills",NY,NONE,9999,99999
"NEW YORK","NONE NONE",9999,"PSAL- ",1,2307,"Emergency Skills",NY,NONE,9999,99999
"NEW YORK","NONE NONE",9999,"PSAL ",1,2307,"Emergency Skills",NY,NONE,9999,99999
"NEW YORK","NONE NONE",9999,"PSAL- ",1,2307,"Emergency Skills",NY,NONE,9999,99999
"NEW YORK","NONE NONE",9999,PSAL,1,2307,"Emergency Skills",NY,NONE,9999,99999
"NEW YORK","NONE NONE",9999,"2 FL",1,2307,"Emergency Skills",NY,NONE,9999,99999
"NEW YORK","NONE NONE",9999,"Main Entrance",1,2307,"Emergency Skills",NY,NONE,9999,99999
"NEW YORK","NONE NONE",9999,"1st floor by cafetreia",1,2307,"Emergency Skills",NY,NONE,9999,99999
"NEW YORK","NONE NONE",9999,"PSAL- ",1,2307,"Emergency Skills",NY,NONE,9999,99999
"NEW YORK","NONE NONE",9999,"PSAL- ",1,2307,"Emergency Skills",NY,NONE,9999,99999
"NEW YORK","NONE NONE",9999,PSAL,1,2307,"Emergency Skills",NY,NONE,9999,99999
"NEW YORK","NONE NONE",9999,"Opposite RM 302",1,2307,"Emergency Skills",NY,NONE,9999,99999
"NEW YORK","NONE NONE",9999,"Rm 237",1,2307,"Emergency Skills",NY,NONE,9999,99999
"NEW YORK","NONE NONE",9999,"Main Entrance next to School Safety",1,2307,"Emergency Skills",NY,NONE,9999,99999
"NEW YORK","NONE NONE",9999,"1ST FLOOR RM 134",1,2307,"Emergency Skills",NY,NONE,9999,99999
"NEW YORK","NONE NONE",9999,PSAL,1,2307,"Emergency Skills",NY,NONE,9999,99999
"NEW YORK","NONE NONE",9999,PSAL,1,2307,"Emergency Skills",NY,NONE,9999,99999
"NEW YORK","NONE NONE",9999,PSAL,1,2307,"Emergency Skills",NY,NONE,9999,99999
"NEW YORK","NONE NONE",9999,PSAL,1,2307,"Emergency Skills",NY,NONE,9999,99999
"NEW YORK","NONE NONE",9999,"OUTSIDE 438",1,2307,"Emergency Skills",NY,NONE,9999,99999
"NEW YORK","NONE NONE",9999,"PSAL ",1,2307,"Emergency Skills",NY,NONE,9999,99999
"NEW YORK","NONE NONE",9999,"PSAL ",1,2307,"Emergency Skills",NY,NONE,9999,99999
"NEW YORK","NONE NONE",9999,STOLEN,1,2307,"Emergency Skills",NY,NONE,9999,99999
"NEW YORK","NONE NONE",9999,STOLEN,1,2307,"Emergency Skills",NY,NONE,9999,99999
"NEW YORK","NONE NONE",9999,"PSAL- ",1,2307,"Emergency Skills",NY,NONE,9999,99999
"NEW YORK","NONE NONE",9999,"PSAL- ",1,2307,"Emergency Skills",NY,NONE,9999,99999
"NEW YORK","NONE NONE",9999,"Main Entrance",1,2307,"Emergency Skills",NY,NONE,9999,99999
"NEW YORK","NONE NONE",9999,"Third floor outside room 315",1,2307,"Emergency Skills",NY,NONE,9999,99999
"NEW YORK","NONE NONE",9999,"PSAL ",1,2307,"Emergency Skills",NY,NONE,9999,99999
"NEW YORK","NONE NONE",9999,PSAL,1,2307,"Emergency Skills",NY,NONE,9999,99999
"NEW YORK","NONE NONE",9999,"PSAL ",1,2307,"Emergency Skills",NY,NONE,9999,99999
"NEW YORK","NONE NONE",9999,"PSAL ",1,2307,"Emergency Skills",NY,NONE,9999,99999
"NEW YORK","NONE NONE",9999,"PSAL ",1,2307,"Emergency Skills",NY,NONE,9999,99999
"NEW YORK","NONE NONE",9999,PSAL,1,2307,"Emergency Skills",NY,NONE,9999,99999
"NEW YORK","NONE NONE",9999,"OFFICE ROOM 115",1,2307,"Emergency Skills",NY,NONE,9999,99999
"NEW YORK","NONE NONE",9999,"Main Entrance",1,2307,"Emergency Skills",NY,NONE,9999,99999
"NEW YORK","NONE NONE",9999,"IN GYM",1,2307,"Emergency Skills",NY,NONE,9999,99999
"NEW YORK","NONE NONE",9999,"Main Lobby",1,2307,"Emergency Skills",NY,NONE,9999,99999
"NEW YORK","NONE NONE",9999,"MAIN ENTRANCE",1,2307,"Emergency Skills",NY,NONE,9999,99999
"NEW YORK","NONE NONE",9999,"MAIN ENTRANCE",1,2307,"Emergency Skills",NY,NONE,9999,99999
"NEW YORK","NONE NONE",9999,PSAL,1,2307,"Emergency Skills",NY,NONE,9999,99999
"NEW YORK","NONE NONE",9999,"PSAL- ",1,2307,"Emergency Skills",NY,NONE,9999,99999
"NEW YORK","NONE NONE",9999,"PSAL- ",1,2307,"Emergency Skills",NY,NONE,9999,99999
"NEW YORK","NONE NONE",9999,PSAL,1,2307,"Emergency Skills",NY,NONE,9999,99999
"NEW YORK","NONE NONE",9999,,1,2307,"Emergency Skills",NY,NONE,9999,99999
"NEW YORK","NONE NONE",9999,,1,2307,"Emergency Skills",NY,NONE,9999,99999
"NEW YORK","NONE NONE",9999,,1,2307,"Emergency Skills",NY,NONE,9999,99999
"NEW YORK","NONE NONE",9999,,1,2307,"Emergency Skills",NY,NONE,9999,99999
"NEW YORK","NONE NONE",9999,"Outside near security desk",1,2307,"Emergency Skills",NY,NONE,9999,99999
"NEW YORK","NONE NONE",9999,STOLEN,1,2307,"Emergency Skills",NY,NONE,9999,99999
"NEW YORK","NONE NONE",9999,STOLEN,1,2307,"Emergency Skills",NY,NONE,9999,99999
"NEW YORK","NONE NONE",9999,,1,2307,"Emergency Skills",NY,NONE,9999,99999
"NEW YORK","NONE NONE",9999,,1,2307,"Emergency Skills",NY,NONE,9999,99999
"NEW YORK","NONE NONE",9999,PSAL,1,2307,"Emergency Skills",NY,NONE,9999,99999
"NEW YORK","NONE NONE",9999,"Across from room 315",1,2307,"Emergency Skills",NY,NONE,9999,99999
"NEW YORK","NONE NONE",9999,PSAL,1,2307,"Emergency Skills",NY,NONE,9999,99999
"NEW YORK","NONE NONE",9999,"Outside Room 325",1,2307,"Emergency Skills",NY,NONE,9999,99999
"NEW YORK","NONE NONE",9999,STOLEN,1,2307,"Emergency Skills",NY,NONE,9999,99999
Jamaica,"Josephine Consolo",718-523-0989,"Main Entrance",1,1,"Emergency Skills",NY,"108-43 Sutphin Boulevard",718-523-0989,11435
"Staten Island","Michelle Costantino",718-984-7800,"Main Entrance - Annex D",1,10,"Emergency Skills",NY,"4210 Arthur Kill Road",718-984-7800,10309
Queens,"Quinton Cedeno",718-846-6280,"Main Entrance",1,26,"Emergency Skills","New York","94-06 104TH STREET",718-846-6280,11416
Queens,"Quinton Cedeno",718-846-6280,"4th Floor Rm 405 (Main Ofc for Cypress Hill Acad)",1,26,"Emergency Skills","New York","94-06 104TH STREET",718-846-6280,11416
Queens,"Quinton Cedeno",718-846-6280,"Coaches Unit-Kept in Gym when not in use",1,26,"Emergency Skills","New York","94-06 104TH STREET",718-846-6280,11416
Queens,"Quinton Cedeno",718-846-6280,"2nd Floor Rm 203",1,26,"Emergency Skills","New York","94-06 104TH STREET",718-846-6280,11416
Queens,"Quinton Cedeno",718-846-6280,"Coaches Unit",1,26,"Emergency Skills","New York","94-06 104TH STREET",718-846-6280,11416
Queens,"Quinton Cedeno",718-846-6280,"Gym Office",1,26,"Emergency Skills","New York","94-06 104TH STREET",718-846-6280,11416
"New York","Kendra Baker",212-283-5400,"Office 1st Floor",1,7,"Emergency Skills","New York","1818 Amsterdam Ave",212-283-5400,10031
"New York","Kendra Baker",212-283-5400,"Room C-2 Across",1,7,"Emergency Skills","New York","1818 Amsterdam Ave",212-283-5400,10031
Bronx,"Elaine Ruiz-Lopez",718-562-2300,"Main Entrance",1,12,"Emergency Skills","New York","2900 Exterior St",718-562-2300,10463
"New York","Julie Johnson",212-374-3884,"PSAL Room 209",1,9,"Emergency Skills","New York","52 Chambers Street",212-374-3884,10007
"New York","Julie Johnson",212-374-3884,"PSAL Room 209",1,9,"Emergency Skills","New York","52 Chambers Street",212-374-3884,10007
"New York","Julie Johnson",212-374-3884,"1ST FLOOR SECURITY DESK",1,9,"Emergency Skills","New York","52 Chambers Street",212-374-3884,10007
"New York","Julie Johnson",212-374-3884,"PSAL Room 209",1,9,"Emergency Skills","New York","52 Chambers Street",212-374-3884,10007
"New York","Julie Johnson",212-374-3884,"PSAL Room 209",1,9,"Emergency Skills","New York","52 Chambers Street",212-374-3884,10007
"New York","Julie Johnson",212-374-3884,"PSAL Rm 209",1,9,"Emergency Skills","New York","52 Chambers Street",212-374-3884,10007
Brooklyn,,,"Room 129",1,10,"Emergency Skills","New York","2630 BENSON AVENUE",917-690-2647,11214
"New York",sarahg@emergencyskills.com,212-564-6833,,1,12,"Emergency Skills","New York","350 Seventh Ave Suite 505",212-564-6833,10001
"BRONX,","Alma Idehen, Health Dir.",718-741-5097,"8th Floor",1,7,"Emergency Skills","New York","1 FORDHAM PLAZA",718-741-5097,10458
"BRONX,","Alma Idehen, Health Dir.",718-741-5097,"7th Floor",1,7,"Emergency Skills","New York","1 FORDHAM PLAZA",718-741-5097,10458
Brooklyn,"Angelina Ortiz",718-307-1024,"Portable (approved by DOE)",1,2,"Emergency Skills","New York","207 Bushwick Avenue",718-307-1024,11206
Astoria,"Rayna Talamantez",718-267-2839,"Outside Room 205",1,9,"Emergency Skills","New York","2315 Newtown Avenue",718-267-2839,11102
Astoria,"Rayna Talamantez",718-267-2839,"Main Entrance",1,9,"Emergency Skills","New York","2315 Newtown Avenue",718-267-2839,11102
Astoria,"Rayna Talamantez",718-267-2839,"In Gym across the street",1,9,"Emergency Skills","New York","2315 Newtown Avenue",718-267-2839,11102
Brooklyn,"Sharon Schiano",718-439-5962,"Outside Main Office",1,8,"Emergency Skills","New York","330 59th Street",347-224-3412,11220
"Long Island City","Lorna Austin",718-707-4209,,1,21,"Emergency Skills","New York","44-36 Vernon Blvd",718-707-4200,11101
"Long Island City","Lorna Austin",718-707-4209,,1,21,"Emergency Skills","New York","44-36 Vernon Blvd",718-707-4200,11101
"Long Island City","Lorna Austin",718-707-4209,,1,21,"Emergency Skills","New York","44-36 Vernon Blvd",718-707-4200,11101
"Long Island City","Lorna Austin",718-707-4209,,1,21,"Emergency Skills","New York","44-36 Vernon Blvd",718-707-4200,11101
"Long Island City","Lorna Austin",718-707-4209,,1,21,"Emergency Skills","New York","44-36 Vernon Blvd",718-707-4200,11101
"Long Island City","Lorna Austin",718-707-4209,,1,21,"Emergency Skills","New York","44-36 Vernon Blvd",718-707-4200,11101
"Long Island City","Lorna Austin",718-707-4209,"4th Floor Near Room 410",1,21,"Emergency Skills","New York","44-36 Vernon Blvd",718-707-4200,11101
"Long Island City","Lorna Austin",718-707-4209,"6th Floor",1,21,"Emergency Skills","New York","44-36 Vernon Blvd",718-707-4200,11101
Brooklyn,"Delmeter Carey","(718) 260-2300","First Floor Office",1,1,"Emergency Skills","New York","283 Adams Street","(718) 260-2300",11201
Brooklyn,"Joan Savasta",718-686-1061,"Main Entrance",1,7,"Emergency Skills","New York","1053 41st Street",718-686-1444,11219
Brooklyn,"Joan Savasta",718-686-1061,"Rm 201",1,7,"Emergency Skills","New York","1053 41st Street",718-686-1444,11219
Bronx,"Ina Gallon",718-548-3451,"FRONT ENTRANCE",1,9,"Emergency Skills","New York","3990 HILLMAN AVENUE",718-548-3451,10463
"New York","Camille Rahaman",212-568-3401,"Main Office",1,11,"Emergency Skills","New York","511 W 182 Street","212-568-3401 x227",10033
Bronx,"Rose Marie Mills",718-662-4128,"Room 326",1,5,"Emergency Skills","New York","345 Brook Avenue",718-292-3883,10454
Bronx,"Rose Marie Mills",718-662-4128,"Main Entrance Middle School 222",1,5,"Emergency Skills","New York","345 Brook Avenue",718-292-3883,10454
Queens,"Lori Prager",718-978-1127,"4th Floor Hall outside Rm 404",1,3,"Emergency Skills","New York","133-25 Guy R Brewer Blvd",718-978-1127,11434
"New York","DALE DAVIS","(212) 348-0608","Main Ent.",1,8,"Emergency Skills","New York","212 West 120th Street","(212) 427-1413",10027
"New York","DALE DAVIS","(212) 348-0608","2nd Floor security",1,8,"Emergency Skills","New York","212 West 120th Street","(212) 427-1413",10027
Brooklyn,"Rita Fico",718-444-6560,Lobby,1,1,"Emergency Skills","New York","7151 Avenue T",718-444-6538,11234
Brooklyn,"Jay Findling","718 935 2614","Third Floor SSA",1,28,"Emergency Skills","New York","131 Livingston Street","718 935 3397",11201
Brooklyn,"Dawn Hansen",718-492-0087,"Main Entrance 506",1,12,"Emergency Skills","New York","330 59th St.",718-492-0087,11220
Flushing,"Deborah Pepe",,"3rd Floor Outside Room 336",1,4,"Emergency Skills","New York","34-65 192 STREET","(718) 461-2219",11358
"New York","Shirley Rowe",212-932-1058,"Reception Area",1,4,"Emergency Skills","New York","209 W 125 Street",212-932-1058,10027
Bronx,"Dr. Marvin Jennings","718-231-6592 ","MAIN ENTRANCE BY SCHOOL SAFETY",1,5,"Emergency Skills","New York","2441 WALLACE AVENUE","718-231-6592 ",10467
"STATEN ISLAND","Maria Cavella-Best",718-227-2854,"Main Entrance - ANNEX",1,11,"Emergency Skills","New York","6581 HYLAN BLVD",718-227-2854,10309
"Long Island City","Carine-Jean Pierre",718-391-6822,"Fifth Floor",1,29,"Emergency Skills","New York","28-11 Queens Plaza North",718-391-6822,11101
"Long Island City","Carine-Jean Pierre",718-391-6822,"First Floor",1,29,"Emergency Skills","New York","28-11 Queens Plaza North",718-391-6822,11101
"New York","Fred Kaeser",212-356-3700,"12th floor/Main Office/Reception",1,8,"Emergency Skills","New York","333 Seventh Avenue",212-356-3700,10001
"New York","Fred Kaeser",212-356-3700,"Main Office 4th Floor",1,8,"Emergency Skills","New York","333 Seventh Avenue",212-356-3700,10001
Brooklyn,"Clint Ebanks",718-437-6135,"Main Entrance",1,5,"Emergency Skills","New York","425 McDonald Ave",718-437-6135,11218
Astoria,"AP Lisa Edmiston",718-274-2902,"Main Entrance in hallway",1,7,"Emergency Skills","New York","31-20 37th Street",718-274-2902,11103
Brooklyn,,718-629-6874," ",1,,"Emergency Skills","New York","5811 Ditmas Avenue",718-629-6874,11203
Brooklyn,"Alan Baldassano",718-557-2590,,1,1,"Emergency Skills","New York","832 Marcy Avenue",718-557-2590,11216
"New York",,212-281-1947,,1,4,"Emergency Skills","New York","508 West 153rd Street",212-281-1947,10031
BROOKLYN,"Tamika Ryals",718-649-3400,"Main Desk",1,8,"Emergency Skills","New York","1965 Linden Blvd",718-649-3400,11207
"New York","Jacqueline Keane",212-369-2227,"Outside Room 475F",1,1,"Emergency Skills","New York","525 West 50th St",212-369-2227,10019
Jamaica,"Andrew Topol",718-523-8941,"Bldg 2 - Outside Nurses Office",1,3,"Emergency Skills","New York","88-13 Parsons Blvd",718-523-8941,11435
Jamaica,"Andrew Topol",718-523-8941,,1,3,"Emergency Skills","New York","88-13 Parsons Blvd",718-523-8941,11435
BROOKLYN,"Norren Steffens",718-421-1682,"Mini School/Annex",1,4,"Emergency Skills","New York","3920 FLATLANDS",718-421-1682,11234
Queens,"Kim Thurman",,"Main Entrance",1,7,"Emergency Skills","New York","222-14 JAMAICA AVE","(718) 464-1433",11428
Queens,"Kim Thurman",,"3rd Floor Next to Elevator",1,7,"Emergency Skills","New York","222-14 JAMAICA AVE","(718) 464-1433",11428
"South Ozone Park","Adam Pashko",718-835-6213,"Annex - Main Entrance",1,13,"Emergency Skills","New York","120-27 141 Street",718-835-6213,11436
"South Ozone Park","Adam Pashko",718-835-6213,"3rd Floor ",1,13,"Emergency Skills","New York","120-27 141 Street",718-835-6213,11436
"South Ozone Park","Adam Pashko",718-835-6213,Basement,1,13,"Emergency Skills","New York","120-27 141 Street",718-835-6213,11436
Queens,,,"Near Room 319A",1,10,"Emergency Skills","New York","158-40 76 Road",718-591-9000,11366
Queens,,,"Main Entrance - Lobby",1,10,"Emergency Skills","New York","158-40 76 Road",718-591-9000,11366
Bronx,"Malissa Mootoo",718-935-3463,"Main Entrance",1,11,"Emergency Skills","New York","3441 STEENWICK AVENUE,",718-935-3463,10475
Bronx,"Robert Rodner",718-991-5500,PSAL,1,6,"Emergency Skills","New York","730 Bryant Avenue",718-991-5500,10474
Brooklyn,"Brendalyn King",718-636-0360,"3rd Floor Main Entrance",1,1,"Emergency Skills","New York","600 Layfayette Avenue",718-636-0360,11216
Bronx,"Mizdelina Mendex",718-584-6004,,1,9,"Emergency Skills","New York","2240 Walton Avenue",718-584-8189,10453
Flushing,"Gayle Horowitz",718-353-0009,"4th School",1,5,"Emergency Skills","New York","46-21 Colden Street",718-353-0009,11355
Brooklyn,,718-230-5748,PSAL,1,2,"Emergency Skills","New York","300 WILLOUGHBY AVENUE",718-230-5748,11205
"Brooklyn ","Debra Edwards",718-623-4042,"Director's Office",1,,"Emergency Skills","New York","585 Dekalb Avenue",718-623-4042,11205
"New York","Donovan Lauther",212-374-3757,"Under Ava's Desk",1,3,"Emergency Skills","New York","49-51 Chambers Street",,10007
"Little Neck","Carmela Ferrante",,"Outside Cafeteria",1,,"Emergency Skills","New York","49-10 Little Neck Parkway",x,11363
Brooklyn,"Anna McCoy",718-493-3480,"1st Floor Outside Nurse's Office by security door",1,3,"Emergency Skills","New York","234 Herkimer Street",718-493-3480,11216
"New York"," ",646-548-9570,,1,,"Emergency Skills","New York","244 WEST 144 STREET",646-548-9570,10030
Brooklyn,"Cynthia Willis",718-642-4305,Office,1,3,"Emergency Skills","New York","1400 Pennsylvania Ave",718-642-4305,11239
"Long Island City","Kimberly Peluso",718-937-0248,"Main Entrance",1,8,"Emergency Skills","New York","41-12 44th Street",718-937-0248,11104
Jamaica,,,,1,1,"Emergency Skills","New York","142-10 Linden Blvd.",1,11436
Jamaica,,,PSAL,1,1,"Emergency Skills","New York","142-10 Linden Blvd.",1,11436
Jamaica,,,PSAL,1,1,"Emergency Skills","New York","142-10 Linden Blvd.",1,11436
Jamaica,,," PSAL",1,1,"Emergency Skills","New York","142-10 Linden Blvd.",1,11436
Bronx,"Tawnia McCray",,"Main Entrance",1,3,"Emergency Skills","New York","1399 Ogden Avenue",,10452
Bronx,"Ada Martinez",718-432-0537,"Main Entrance",1,8,"Emergency Skills","New York","3223 Independence Avenue",718-432-0537,10463
Jamaica,"Collete Marshall",718-739-2100,"Room 108",1,8,"Emergency Skills","New York","162-02 Hillside",718-739-2100,11432
Brooklyn,"David Genovese",,"1st Floor",1,,"Emergency Skills","New York","350 Coney Island Ave & Caton Ave",718-853-6184,11218
Brooklyn,"David Genovese",,"5th Floor",1,,"Emergency Skills","New York","350 Coney Island Ave & Caton Ave",718-853-6184,11218
Brooklyn,"David Genovese",,"3rd Floor",1,,"Emergency Skills","New York","350 Coney Island Ave & Caton Ave",718-853-6184,11218
Brooklyn,"David Genovese",,PSAL,1,,"Emergency Skills","New York","350 Coney Island Ave & Caton Ave",718-853-6184,11218
"New York","Marcia Thomas",212-941-9090,"Inside Room 203",1,6,"Emergency Skills","New York","555 Broome Street",212-941-9090,10013
"New York","Marcia Thomas",212-941-9090,"Outside Room 203",1,6,"Emergency Skills","New York","555 Broome Street",212-941-9090,10013
Bronx,"M. E. Papson",,"Main Entrance - Annex - x205B",1,6,"Emergency Skills","New York","2375 Southern Boulevard",718-584-6365,10458
"Middle Village","Melissa Phillips",718-416-3011,"Main Entrance",1,1,"Emergency Skills","New York","63-25 69 Street",718-416-3011,11379
Jamaica,"Kerronn Kitchen",718-557-2815,"Main Entrance",1,9,"Emergency Skills","New York","90-01 Sutphin Blvd",718-557-2571,11435
Jamaica,"Kerronn Kitchen",718-557-2815,"Stored In Room 217",1,9,"Emergency Skills","New York","90-01 Sutphin Blvd",718-557-2571,11435
Jamaica,"Kerronn Kitchen",718-557-2815,"Stored in Room 217",1,9,"Emergency Skills","New York","90-01 Sutphin Blvd",718-557-2571,11435
Jamaica,"Kerronn Kitchen",718-557-2815,"Stored In Room 217",1,9,"Emergency Skills","New York","90-01 Sutphin Blvd",718-557-2571,11435
Jamaica,"Kerronn Kitchen",718-557-2815,"Stored In Room 217",1,9,"Emergency Skills","New York","90-01 Sutphin Blvd",718-557-2571,11435
Jamaica,"Kerronn Kitchen",718-557-2815,"Stored In Room 217",1,9,"Emergency Skills","New York","90-01 Sutphin Blvd",718-557-2571,11435
Jamaica,"Kerronn Kitchen",718-557-2815,"Stored In Room 217",1,9,"Emergency Skills","New York","90-01 Sutphin Blvd",718-557-2571,11435
Jamaica,"Kerronn Kitchen",718-557-2815,"Stored In Room 217",1,9,"Emergency Skills","New York","90-01 Sutphin Blvd",718-557-2571,11435
Jamaica,"Kerronn Kitchen",718-557-2815,,1,9,"Emergency Skills","New York","90-01 Sutphin Blvd",718-557-2571,11435
"New York","Michael Santos",,"1st Floor Security",1,20,"Emergency Skills","New York","466 West End Avenue",212-579-3788,10024
"New York","Michael Santos",,"Outide Room 325",1,20,"Emergency Skills","New York","466 West End Avenue",212-579-3788,10024
Bronx,"John Nassivera – Site Administrator",718-538-0290,,1,11,"Emergency Skills","New York","1455 Webster Avenue",718-538-0290,10456
"Forest Hills","Barbara Leto",718-459-1358,"Main Entrance",1,,"Emergency Skills","New York","108-55 69 Avenue",718-935-3974,11375
"New York","Sharee Lopez",212-868-7238,"Outside Room 1116",1,13,"Emergency Skills","New York","269 West 35 Street",212-868-7238,10001
Queens,,,"Main Lobby",1,1,"Emergency Skills","New York","141-25 77TH ROAD",718-380-1650,11367
Brooklyn,"Mrs. McKain Brown",718-942-2035,"Main Entrance - School Safety",1,,"Emergency Skills","New York","1461 Geneva Loop",718-942-2035,11239
"New York ","Natalie Bledman",212-282-1157,,1,4,"Emergency Skills","New York","222 West 134 Street",212-283-1204,10030
"New York","Heather Marr",646-747-6190,"Room 320-Harlem Success Academy 4",1,12,"Emergency Skills","New York","160 East 120th Street",646-747-6190,10035
Brooklyn,"Jana Reed",917-453-0567,"3rd Floor Stair Landing",1,8,"Emergency Skills","New York","205 Rockaway Parkway",718-644-4234,11212
Brooklyn,"Jana Reed",917-453-0567,"2nd Floor",1,8,"Emergency Skills","New York","205 Rockaway Parkway",718-644-4234,11212
Bronx,"Brunilda Rosa",718-292-5070,"1st Floor Outside Cafeteria",1,11,"Emergency Skills","New York","750 CONCOURSE VILLAGE WEST",718-292-5070,10451
Bronx,"Brunilda Rosa",718-292-5070,"Main Entrance",1,11,"Emergency Skills","New York","750 CONCOURSE VILLAGE WEST",718-292-5070,10451
Bronx,"Kathleen Elie",917-774-3045,"Main Desk - Lobby",1,10,"Emergency Skills","New York","2348 Webster Avenue",917-502-2371,10458
Bronx,"Richard Santiago",718-716-8105,"1st Floor Security",1,3,"Emergency Skills","New York","1506 Brook Avenue",718-716-8105,10457
Bronx,"Richard Santiago",718-716-8105,"3rd Floor, Next to Room 308",1,3,"Emergency Skills","New York","1506 Brook Avenue",718-716-8105,10457
BRONX,"JANET SCHROEDER",718-681-8275,,1,12,"Emergency Skills","New York","1166 RIVER AVENUE",718-681-8275,10452
Brooklyn,"Iris Zvi","718-774-9640 ",,1,9,"Emergency Skills","New York","960 Prospect Place","718-774-9640 ext. 661",11216
BROOKLYN,"PJ Murray",718-272-1926,"MAIN ENTRANCE - School Safety",1,,"Emergency Skills",NY,"755 EAST 100 STREET",718-272-1926,11236
BROOKLYN,,,"Main Entrance next to School Safety",1,,"Emergency Skills",NY,"76 RIVERDALE AVENUE",,11212
QUEENS,"Freddy Carrasco",718-271-3602,,1,12,"Emergency Skills",NY,"45-10 94TH STREET",718-271-1487,11373
QUEENS,,,"Main Entrance",1,,"Emergency Skills",NY,"384 SENECA AVENUE",718-366-1061,11385
QUEENS,"Stephen Early",,,1,8,"Emergency Skills",NY,"40-20 100TH STREET",718-779-5068,11368
QUEENS,"Ivan Tolentino",718-935-3988,,1,,"Emergency Skills",NY,"137-20 FRANKLIN AVENUE",718-935-3988,11367
QUEENS,"Jennifer Flandro",718-441-2165,,1,2,"Emergency Skills",NY,"95-16 89TH AVENUE",718-441-2165,11421
"STATEN ISLAND","Carolyn Coluccio",718-981-5034,"Outside Room 209, Elevator ",1,12,"Emergency Skills",NY,"98 GRANT STREET",718-981-5034,10314
"STATEN ISLAND","Carolyn Coluccio",718-981-5034,"Main Entrance",1,12,"Emergency Skills",NY,"98 GRANT STREET",718-981-5034,10314
MANHATTAN,"Mercedes Diaz",212-942-1450,,1,,"Emergency Skills",NY,"93 NAGLE AVENUE",212-942-1450,10040
BRONX,,,,1,2,"Emergency Skills",NY,"345 BROOK AVENUE",718-665-4128,10454
BRONX,,,"Outside Room 426",1,2,"Emergency Skills",NY,"345 BROOK AVENUE",718-665-4128,10454
BRONX,"Amy Andino",,"3rd Floor Hallway",1,2,"Emergency Skills",NY,"778 FOREST AVE",718-402-4249,10456
BRONX,"Ms. King/Martiza Lastra",718-294-0230,,1,1,"Emergency Skills",NY,"560 EAST 179 STREET",718-294-0230,10457
BROOKLYN,"Sharene Caraway",,"Outside Room 114",1,,"Emergency Skills",NY,"2865 WEST 19TH STREET",1,11224
BROOKLYN,"Sharene Caraway",,"3rd Floor, Outside Room 300",1,,"Emergency Skills",NY,"2865 WEST 19TH STREET",1,11224
QUEENS,"Joan Klingsberg",718-271-7851,"Main Entrance",1,2,"Emergency Skills","New York","45-10 94th Street",718-271-3602/347-495-1398,11373
BROOKLYN,"Anesh Ghoran  ",,"Main Entrance",1,5,"Emergency Skills",NY,"631 BELMONT AVENUE",718-647-1800,11207
BROOKLYN,"Anesh Ghoran  ",,,1,5,"Emergency Skills",NY,"631 BELMONT AVENUE",718-647-1800,11207
Queens,,,,1,,"Emergency Skills",NY,"30-48 Linden Place",x,11354
MANHATTAN,"Linda Easton",212-281-1248,"Lower Level- Outside Gym LL116 & LL117",1,10,"Emergency Skills",NY,"207 W 133 Street",212-281-1248,10030
MANHATTAN,"Linda Easton",212-281-1248,"Outside Rm 101",1,10,"Emergency Skills",NY,"207 W 133 Street",212-281-1248,10030
BROOKLYN,,,,1,,"Emergency Skills",NY,"234 HERKIMER STREET",,11216
BROOKLYN,"Leon Cruz",,,1,,"Emergency Skills",NY,"2400 LINDEN BOULEVARD",718-636-5770,11208
BROOKLYN,"Joseph Rand",718-778-6904,"Outside Main Office",1,2,"Emergency Skills",NY,"281 ALBANY AVENUE",718-778-6904,11213
Bronx,"Ira Victor",718-839-1113,,1,3,"Emergency Skills","New York","50 E 168 Street",718-839-1113,10452
Bronx,"Antonio Del Valla",347-226-2511,"Main Entrance",1,,"Emergency Skills","New York","1239 Layfayette Avenue",347-226-2511,10474
"New York",,,"Room 503",1,3,"Emergency Skills","New York","55 E 25th Street",212-889-0135,10010
Bronx,"NYDIA RODRIGUEZ",718-742-6500,"Main Office",1,,"Emergency Skills","New York","501 COURTLANDT AVENUE",1,10451
Bronx,"Mary Cordero","646-522-0216 ",,1,4,"Emergency Skills","New York","296 East 140th Street",646-400-5561,10454
Bronx,"Mary Cordero","646-522-0216 ",,1,4,"Emergency Skills","New York","296 East 140th Street",646-400-5561,10454
Brooklyn,"Ms. Garcia","(718) 240-3534",,1,12,"Emergency Skills","New York","1665 St. Mark’s Avenue","(718) 240-3547 ",11233
"New York","Leshawn J. Hodge",347-563-5090,"MAIN ENTRANCE 1st Floor",1,3,"Emergency Skills","New York","41 West 117 Street",646-672-9302,10026
"New York","Leshawn J. Hodge",347-563-5090,"3rd Floor Stairway",1,3,"Emergency Skills","New York","41 West 117 Street",646-672-9302,10026
Elmhurst,"Ann-Margaret Picarelli",718-205-2460,"Main Entrance",1,7,"Emergency Skills","New York","86-37 53rd Avenue",718-205-2460,11373
"New York","Alex Spencer",212-222-6518,"By Security 1st Floor Copy Room",1,,"Emergency Skills","New York",?,212-222-6518,?
